uid,role,patient_id,case_id,slide_id,roi,image,x,y,label,class_name,coordinate_source
training_set_metastatic_roi_025:168,TRAIN,,,,training_set_metastatic_roi_025,/content/drive/MyDrive/Research/PUMA/Exploration_8_Diversity_Aware_Wider_Field_and_Boundary_Optimization/INPUTS/QUICK_BENCHMARK/Dataset/01_training_dataset_tif_ROIs/training_set_metastatic_roi_025.tif,488.114184,266.30449,9,apoptosis,gt
training_set_metastatic_roi_025:21,TRAIN,,,,training_set_metastatic_roi_025,/content/drive/MyDrive/Research/PUMA/Exploration_8_Diversity_Aware_Wider_Field_and_Boundary_Optimization/INPUTS/QUICK_BENCHMARK/Dataset/01_training_dataset_tif_ROIs/training_set_metastatic_roi_025.tif,91.403875,28.466468,2,plasma_cell,gt
training_set_metastatic_roi_025:24,TRAIN,,,,training_set_metastatic_roi_025,/content/drive/MyDrive/Research/PUMA/Exploration_8_Diversity_Aware_Wider_Field_and_Boundary_Optimization/INPUTS/QUICK_BENCHMARK/Dataset/01_training_dataset_tif_ROIs/training_set_metastatic_roi_025.tif,44.470588,47.990196,2,plasma_cell,gt
training_set_metastatic_roi_025:262,TRAIN,,,,training_set_metastatic_roi_025,/content/drive/MyDrive/Research/PUMA/Exploration_8_Diversity_Aware_Wider_Field_and_Boundary_Optimization/INPUTS/QUICK_BENCHMARK/Dataset/01_training_dataset_tif_ROIs/training_set_metastatic_roi_025.tif,112.519048,453.887415,2,plasma_cell,gt
training_set_metastatic_roi_025:279,TRAIN,,,,training_set_metastatic_roi_025,/content/drive/MyDrive/Research/PUMA/Exploration_8_Diversity_Aware_Wider_Field_and_Boundary_Optimization/INPUTS/QUICK_BENCHMARK/Dataset/01_training_dataset_tif_ROIs/training_set_metastatic_roi_025.tif,99.454833,479.630081,2,plasma_cell,gt
training_set_metastatic_roi_025:463,TRAIN,,,,training_set_metastatic_roi_025,/content/drive/MyDrive/Research/PUMA/Exploration_8_Diversity_Aware_Wider_Field_and_Boundary_Optimization/INPUTS/QUICK_BENCHMARK/Dataset/01_training_dataset_tif_ROIs/training_set_metastatic_roi_025.tif,248.93189,822.112266,2,plasma_cell,gt
training_set_metastatic_roi_025:489,TRAIN,,,,training_set_metastatic_roi_025,/content/drive/MyDrive/Research/PUMA/Exploration_8_Diversity_Aware_Wider_Field_and_Boundary_Optimization/INPUTS/QUICK_BENCHMARK/Dataset/01_training_dataset_tif_ROIs/training_set_metastatic_roi_025.tif,23.550285,868.318841,2,plasma_cell,gt
training_set_metastatic_roi_025:509,TRAIN,,,,training_set_metastatic_roi_025,/content/drive/MyDrive/Research/PUMA/Exploration_8_Diversity_Aware_Wider_Field_and_Boundary_Optimization/INPUTS/QUICK_BENCHMARK/Dataset/01_training_dataset_tif_ROIs/training_set_metastatic_roi_025.tif,959.154581,923.33249,2,plasma_cell,gt
training_set_metastatic_roi_025:595,TRAIN,,,,training_set_metastatic_roi_025,/content/drive/MyDrive/Research/PUMA/Exploration_8_Diversity_Aware_Wider_Field_and_Boundary_Optimization/INPUTS/QUICK_BENCHMARK/Dataset/01_training_dataset_tif_ROIs/training_set_metastatic_roi_025.tif,821.636038,243.730009,2,plasma_cell,gt
training_set_metastatic_roi_025:599,TRAIN,,,,training_set_metastatic_roi_025,/content/drive/MyDrive/Research/PUMA/Exploration_8_Diversity_Aware_Wider_Field_and_Boundary_Optimization/INPUTS/QUICK_BENCHMARK/Dataset/01_training_dataset_tif_ROIs/training_set_metastatic_roi_025.tif,81.116554,349.634415,2,plasma_cell,gt
training_set_metastatic_roi_025:601,TRAIN,,,,training_set_metastatic_roi_025,/content/drive/MyDrive/Research/PUMA/Exploration_8_Diversity_Aware_Wider_Field_and_Boundary_Optimization/INPUTS/QUICK_BENCHMARK/Dataset/01_training_dataset_tif_ROIs/training_set_metastatic_roi_025.tif,13.776691,437.066015,2,plasma_cell,gt
training_set_metastatic_roi_025:606,TRAIN,,,,training_set_metastatic_roi_025,/content/drive/MyDrive/Research/PUMA/Exploration_8_Diversity_Aware_Wider_Field_and_Boundary_Optimization/INPUTS/QUICK_BENCHMARK/Dataset/01_training_dataset_tif_ROIs/training_set_metastatic_roi_025.tif,168.747183,813.840197,2,plasma_cell,gt
training_set_metastatic_roi_025:628,TRAIN,,,,training_set_metastatic_roi_025,/content/drive/MyDrive/Research/PUMA/Exploration_8_Diversity_Aware_Wider_Field_and_Boundary_Optimization/INPUTS/QUICK_BENCHMARK/Dataset/01_training_dataset_tif_ROIs/training_set_metastatic_roi_025.tif,936.952779,907.93591,2,plasma_cell,gt
training_set_metastatic_roi_028:163,TRAIN,,,,training_set_metastatic_roi_028,/content/drive/MyDrive/Research/PUMA/Exploration_8_Diversity_Aware_Wider_Field_and_Boundary_Optimization/INPUTS/QUICK_BENCHMARK/Dataset/01_training_dataset_tif_ROIs/training_set_metastatic_roi_028.tif,499.276551,139.236593,1,lymphocyte,gt
training_set_metastatic_roi_028:269,TRAIN,,,,training_set_metastatic_roi_028,/content/drive/MyDrive/Research/PUMA/Exploration_8_Diversity_Aware_Wider_Field_and_Boundary_Optimization/INPUTS/QUICK_BENCHMARK/Dataset/01_training_dataset_tif_ROIs/training_set_metastatic_roi_028.tif,586.780193,675.408213,1,lymphocyte,gt
training_set_metastatic_roi_028:309,TRAIN,,,,training_set_metastatic_roi_028,/content/drive/MyDrive/Research/PUMA/Exploration_8_Diversity_Aware_Wider_Field_and_Boundary_Optimization/INPUTS/QUICK_BENCHMARK/Dataset/01_training_dataset_tif_ROIs/training_set_metastatic_roi_028.tif,738.990222,818.694222,5,neutrophil,gt
training_set_metastatic_roi_028:395,TRAIN,,,,training_set_metastatic_roi_028,/content/drive/MyDrive/Research/PUMA/Exploration_8_Diversity_Aware_Wider_Field_and_Boundary_Optimization/INPUTS/QUICK_BENCHMARK/Dataset/01_training_dataset_tif_ROIs/training_set_metastatic_roi_028.tif,588.125534,615.691774,0,tumor,gt
training_set_metastatic_roi_028:40,TRAIN,,,,training_set_metastatic_roi_028,/content/drive/MyDrive/Research/PUMA/Exploration_8_Diversity_Aware_Wider_Field_and_Boundary_Optimization/INPUTS/QUICK_BENCHMARK/Dataset/01_training_dataset_tif_ROIs/training_set_metastatic_roi_028.tif,253.641927,633.909668,0,tumor,gt
training_set_metastatic_roi_028:407,TRAIN,,,,training_set_metastatic_roi_028,/content/drive/MyDrive/Research/PUMA/Exploration_8_Diversity_Aware_Wider_Field_and_Boundary_Optimization/INPUTS/QUICK_BENCHMARK/Dataset/01_training_dataset_tif_ROIs/training_set_metastatic_roi_028.tif,116.182658,96.538735,1,lymphocyte,gt
training_set_metastatic_roi_028:470,TRAIN,,,,training_set_metastatic_roi_028,/content/drive/MyDrive/Research/PUMA/Exploration_8_Diversity_Aware_Wider_Field_and_Boundary_Optimization/INPUTS/QUICK_BENCHMARK/Dataset/01_training_dataset_tif_ROIs/training_set_metastatic_roi_028.tif,890.079868,889.90033,0,tumor,gt
training_set_metastatic_roi_028:485,TRAIN,,,,training_set_metastatic_roi_028,/content/drive/MyDrive/Research/PUMA/Exploration_8_Diversity_Aware_Wider_Field_and_Boundary_Optimization/INPUTS/QUICK_BENCHMARK/Dataset/01_training_dataset_tif_ROIs/training_set_metastatic_roi_028.tif,503.084462,920.219124,0,tumor,gt
training_set_metastatic_roi_028:492,TRAIN,,,,training_set_metastatic_roi_028,/content/drive/MyDrive/Research/PUMA/Exploration_8_Diversity_Aware_Wider_Field_and_Boundary_Optimization/INPUTS/QUICK_BENCHMARK/Dataset/01_training_dataset_tif_ROIs/training_set_metastatic_roi_028.tif,542.078556,978.388535,6,stroma,gt
training_set_metastatic_roi_028:511,TRAIN,,,,training_set_metastatic_roi_028,/content/drive/MyDrive/Research/PUMA/Exploration_8_Diversity_Aware_Wider_Field_and_Boundary_Optimization/INPUTS/QUICK_BENCHMARK/Dataset/01_training_dataset_tif_ROIs/training_set_metastatic_roi_028.tif,909.589286,69.44898,6,stroma,gt
training_set_metastatic_roi_028:600,TRAIN,,,,training_set_metastatic_roi_028,/content/drive/MyDrive/Research/PUMA/Exploration_8_Diversity_Aware_Wider_Field_and_Boundary_Optimization/INPUTS/QUICK_BENCHMARK/Dataset/01_training_dataset_tif_ROIs/training_set_metastatic_roi_028.tif,21.832535,191.901475,2,plasma_cell,gt
training_set_metastatic_roi_028:601,TRAIN,,,,training_set_metastatic_roi_028,/content/drive/MyDrive/Research/PUMA/Exploration_8_Diversity_Aware_Wider_Field_and_Boundary_Optimization/INPUTS/QUICK_BENCHMARK/Dataset/01_training_dataset_tif_ROIs/training_set_metastatic_roi_028.tif,70.043603,166.335478,2,plasma_cell,gt
training_set_metastatic_roi_028:602,TRAIN,,,,training_set_metastatic_roi_028,/content/drive/MyDrive/Research/PUMA/Exploration_8_Diversity_Aware_Wider_Field_and_Boundary_Optimization/INPUTS/QUICK_BENCHMARK/Dataset/01_training_dataset_tif_ROIs/training_set_metastatic_roi_028.tif,84.009979,885.123206,2,plasma_cell,gt
training_set_metastatic_roi_028:614,TRAIN,,,,training_set_metastatic_roi_028,/content/drive/MyDrive/Research/PUMA/Exploration_8_Diversity_Aware_Wider_Field_and_Boundary_Optimization/INPUTS/QUICK_BENCHMARK/Dataset/01_training_dataset_tif_ROIs/training_set_metastatic_roi_028.tif,738.617424,352.371503,3,histiocyte,gt
training_set_metastatic_roi_028:631,TRAIN,,,,training_set_metastatic_roi_028,/content/drive/MyDrive/Research/PUMA/Exploration_8_Diversity_Aware_Wider_Field_and_Boundary_Optimization/INPUTS/QUICK_BENCHMARK/Dataset/01_training_dataset_tif_ROIs/training_set_metastatic_roi_028.tif,332.062692,381.466275,2,plasma_cell,gt
training_set_metastatic_roi_028:632,TRAIN,,,,training_set_metastatic_roi_028,/content/drive/MyDrive/Research/PUMA/Exploration_8_Diversity_Aware_Wider_Field_and_Boundary_Optimization/INPUTS/QUICK_BENCHMARK/Dataset/01_training_dataset_tif_ROIs/training_set_metastatic_roi_028.tif,220.672895,357.572705,2,plasma_cell,gt
training_set_metastatic_roi_046:17,TRAIN,,,,training_set_metastatic_roi_046,/content/drive/MyDrive/Research/PUMA/Exploration_8_Diversity_Aware_Wider_Field_and_Boundary_Optimization/INPUTS/QUICK_BENCHMARK/Dataset/01_training_dataset_tif_ROIs/training_set_metastatic_roi_046.tif,236.676022,33.415066,0,tumor,gt
training_set_metastatic_roi_046:184,TRAIN,,,,training_set_metastatic_roi_046,/content/drive/MyDrive/Research/PUMA/Exploration_8_Diversity_Aware_Wider_Field_and_Boundary_Optimization/INPUTS/QUICK_BENCHMARK/Dataset/01_training_dataset_tif_ROIs/training_set_metastatic_roi_046.tif,123.54682,485.267813,0,tumor,gt
training_set_metastatic_roi_046:21,TRAIN,,,,training_set_metastatic_roi_046,/content/drive/MyDrive/Research/PUMA/Exploration_8_Diversity_Aware_Wider_Field_and_Boundary_Optimization/INPUTS/QUICK_BENCHMARK/Dataset/01_training_dataset_tif_ROIs/training_set_metastatic_roi_046.tif,495.828271,43.159503,0,tumor,gt
training_set_metastatic_roi_046:235,TRAIN,,,,training_set_metastatic_roi_046,/content/drive/MyDrive/Research/PUMA/Exploration_8_Diversity_Aware_Wider_Field_and_Boundary_Optimization/INPUTS/QUICK_BENCHMARK/Dataset/01_training_dataset_tif_ROIs/training_set_metastatic_roi_046.tif,387.633685,590.029024,6,stroma,gt
training_set_metastatic_roi_046:250,TRAIN,,,,training_set_metastatic_roi_046,/content/drive/MyDrive/Research/PUMA/Exploration_8_Diversity_Aware_Wider_Field_and_Boundary_Optimization/INPUTS/QUICK_BENCHMARK/Dataset/01_training_dataset_tif_ROIs/training_set_metastatic_roi_046.tif,396.827815,615.209713,9,apoptosis,gt
training_set_metastatic_roi_046:268,TRAIN,,,,training_set_metastatic_roi_046,/content/drive/MyDrive/Research/PUMA/Exploration_8_Diversity_Aware_Wider_Field_and_Boundary_Optimization/INPUTS/QUICK_BENCHMARK/Dataset/01_training_dataset_tif_ROIs/training_set_metastatic_roi_046.tif,480.277418,672.217423,0,tumor,gt
training_set_metastatic_roi_046:312,TRAIN,,,,training_set_metastatic_roi_046,/content/drive/MyDrive/Research/PUMA/Exploration_8_Diversity_Aware_Wider_Field_and_Boundary_Optimization/INPUTS/QUICK_BENCHMARK/Dataset/01_training_dataset_tif_ROIs/training_set_metastatic_roi_046.tif,66.976703,788.314815,6,stroma,gt
training_set_metastatic_roi_046:325,TRAIN,,,,training_set_metastatic_roi_046,/content/drive/MyDrive/Research/PUMA/Exploration_8_Diversity_Aware_Wider_Field_and_Boundary_Optimization/INPUTS/QUICK_BENCHMARK/Dataset/01_training_dataset_tif_ROIs/training_set_metastatic_roi_046.tif,390.750199,831.61257,5,neutrophil,gt
training_set_metastatic_roi_046:327,TRAIN,,,,training_set_metastatic_roi_046,/content/drive/MyDrive/Research/PUMA/Exploration_8_Diversity_Aware_Wider_Field_and_Boundary_Optimization/INPUTS/QUICK_BENCHMARK/Dataset/01_training_dataset_tif_ROIs/training_set_metastatic_roi_046.tif,923.998505,834.405082,6,stroma,gt
training_set_metastatic_roi_046:377,TRAIN,,,,training_set_metastatic_roi_046,/content/drive/MyDrive/Research/PUMA/Exploration_8_Diversity_Aware_Wider_Field_and_Boundary_Optimization/INPUTS/QUICK_BENCHMARK/Dataset/01_training_dataset_tif_ROIs/training_set_metastatic_roi_046.tif,177.818338,967.709512,5,neutrophil,gt
training_set_metastatic_roi_046:387,TRAIN,,,,training_set_metastatic_roi_046,/content/drive/MyDrive/Research/PUMA/Exploration_8_Diversity_Aware_Wider_Field_and_Boundary_Optimization/INPUTS/QUICK_BENCHMARK/Dataset/01_training_dataset_tif_ROIs/training_set_metastatic_roi_046.tif,179.188851,983.923777,5,neutrophil,gt
training_set_metastatic_roi_046:39,TRAIN,,,,training_set_metastatic_roi_046,/content/drive/MyDrive/Research/PUMA/Exploration_8_Diversity_Aware_Wider_Field_and_Boundary_Optimization/INPUTS/QUICK_BENCHMARK/Dataset/01_training_dataset_tif_ROIs/training_set_metastatic_roi_046.tif,406.951812,82.28442,0,tumor,gt
training_set_metastatic_roi_046:395,TRAIN,,,,training_set_metastatic_roi_046,/content/drive/MyDrive/Research/PUMA/Exploration_8_Diversity_Aware_Wider_Field_and_Boundary_Optimization/INPUTS/QUICK_BENCHMARK/Dataset/01_training_dataset_tif_ROIs/training_set_metastatic_roi_046.tif,394.257998,1006.581011,5,neutrophil,gt
training_set_metastatic_roi_046:410,TRAIN,,,,training_set_metastatic_roi_046,/content/drive/MyDrive/Research/PUMA/Exploration_8_Diversity_Aware_Wider_Field_and_Boundary_Optimization/INPUTS/QUICK_BENCHMARK/Dataset/01_training_dataset_tif_ROIs/training_set_metastatic_roi_046.tif,831.789382,209.749347,5,neutrophil,gt
training_set_metastatic_roi_046:414,TRAIN,,,,training_set_metastatic_roi_046,/content/drive/MyDrive/Research/PUMA/Exploration_8_Diversity_Aware_Wider_Field_and_Boundary_Optimization/INPUTS/QUICK_BENCHMARK/Dataset/01_training_dataset_tif_ROIs/training_set_metastatic_roi_046.tif,75.887128,681.804035,5,neutrophil,gt
training_set_metastatic_roi_046:415,TRAIN,,,,training_set_metastatic_roi_046,/content/drive/MyDrive/Research/PUMA/Exploration_8_Diversity_Aware_Wider_Field_and_Boundary_Optimization/INPUTS/QUICK_BENCHMARK/Dataset/01_training_dataset_tif_ROIs/training_set_metastatic_roi_046.tif,86.020019,704.955307,5,neutrophil,gt
training_set_metastatic_roi_046:420,TRAIN,,,,training_set_metastatic_roi_046,/content/drive/MyDrive/Research/PUMA/Exploration_8_Diversity_Aware_Wider_Field_and_Boundary_Optimization/INPUTS/QUICK_BENCHMARK/Dataset/01_training_dataset_tif_ROIs/training_set_metastatic_roi_046.tif,455.48951,692.613054,5,neutrophil,gt
training_set_metastatic_roi_046:421,TRAIN,,,,training_set_metastatic_roi_046,/content/drive/MyDrive/Research/PUMA/Exploration_8_Diversity_Aware_Wider_Field_and_Boundary_Optimization/INPUTS/QUICK_BENCHMARK/Dataset/01_training_dataset_tif_ROIs/training_set_metastatic_roi_046.tif,461.843311,533.33629,5,neutrophil,gt
training_set_metastatic_roi_046:422,TRAIN,,,,training_set_metastatic_roi_046,/content/drive/MyDrive/Research/PUMA/Exploration_8_Diversity_Aware_Wider_Field_and_Boundary_Optimization/INPUTS/QUICK_BENCHMARK/Dataset/01_training_dataset_tif_ROIs/training_set_metastatic_roi_046.tif,307.620665,1013.536447,5,neutrophil,gt
training_set_metastatic_roi_046:425,TRAIN,,,,training_set_metastatic_roi_046,/content/drive/MyDrive/Research/PUMA/Exploration_8_Diversity_Aware_Wider_Field_and_Boundary_Optimization/INPUTS/QUICK_BENCHMARK/Dataset/01_training_dataset_tif_ROIs/training_set_metastatic_roi_046.tif,754.866029,612.577512,9,apoptosis,gt
training_set_metastatic_roi_046:437,TRAIN,,,,training_set_metastatic_roi_046,/content/drive/MyDrive/Research/PUMA/Exploration_8_Diversity_Aware_Wider_Field_and_Boundary_Optimization/INPUTS/QUICK_BENCHMARK/Dataset/01_training_dataset_tif_ROIs/training_set_metastatic_roi_046.tif,885.01655,158.165891,5,neutrophil,gt
training_set_metastatic_roi_046:83,TRAIN,,,,training_set_metastatic_roi_046,/content/drive/MyDrive/Research/PUMA/Exploration_8_Diversity_Aware_Wider_Field_and_Boundary_Optimization/INPUTS/QUICK_BENCHMARK/Dataset/01_training_dataset_tif_ROIs/training_set_metastatic_roi_046.tif,870.663366,181.372937,9,apoptosis,gt
training_set_metastatic_roi_046:89,TRAIN,,,,training_set_metastatic_roi_046,/content/drive/MyDrive/Research/PUMA/Exploration_8_Diversity_Aware_Wider_Field_and_Boundary_Optimization/INPUTS/QUICK_BENCHMARK/Dataset/01_training_dataset_tif_ROIs/training_set_metastatic_roi_046.tif,844.988333,198.438333,9,apoptosis,gt
training_set_metastatic_roi_046:99,TRAIN,,,,training_set_metastatic_roi_046,/content/drive/MyDrive/Research/PUMA/Exploration_8_Diversity_Aware_Wider_Field_and_Boundary_Optimization/INPUTS/QUICK_BENCHMARK/Dataset/01_training_dataset_tif_ROIs/training_set_metastatic_roi_046.tif,737.334068,220.884728,9,apoptosis,gt
training_set_metastatic_roi_056:0,TRAIN,,,,training_set_metastatic_roi_056,/content/drive/MyDrive/Research/PUMA/Exploration_8_Diversity_Aware_Wider_Field_and_Boundary_Optimization/INPUTS/QUICK_BENCHMARK/Dataset/01_training_dataset_tif_ROIs/training_set_metastatic_roi_056.tif,505.414883,782.646279,8,endothelium,gt
training_set_metastatic_roi_056:149,TRAIN,,,,training_set_metastatic_roi_056,/content/drive/MyDrive/Research/PUMA/Exploration_8_Diversity_Aware_Wider_Field_and_Boundary_Optimization/INPUTS/QUICK_BENCHMARK/Dataset/01_training_dataset_tif_ROIs/training_set_metastatic_roi_056.tif,50.599542,721.888635,8,endothelium,gt
training_set_metastatic_roi_056:291,TRAIN,,,,training_set_metastatic_roi_056,/content/drive/MyDrive/Research/PUMA/Exploration_8_Diversity_Aware_Wider_Field_and_Boundary_Optimization/INPUTS/QUICK_BENCHMARK/Dataset/01_training_dataset_tif_ROIs/training_set_metastatic_roi_056.tif,1012.751836,698.528634,8,endothelium,gt
training_set_metastatic_roi_056:292,TRAIN,,,,training_set_metastatic_roi_056,/content/drive/MyDrive/Research/PUMA/Exploration_8_Diversity_Aware_Wider_Field_and_Boundary_Optimization/INPUTS/QUICK_BENCHMARK/Dataset/01_training_dataset_tif_ROIs/training_set_metastatic_roi_056.tif,1010.813549,681.196043,8,endothelium,gt
training_set_metastatic_roi_056:78,TRAIN,,,,training_set_metastatic_roi_056,/content/drive/MyDrive/Research/PUMA/Exploration_8_Diversity_Aware_Wider_Field_and_Boundary_Optimization/INPUTS/QUICK_BENCHMARK/Dataset/01_training_dataset_tif_ROIs/training_set_metastatic_roi_056.tif,40.044287,701.555359,8,endothelium,gt
training_set_metastatic_roi_065:373,TRAIN,,,,training_set_metastatic_roi_065,/content/drive/MyDrive/Research/PUMA/Exploration_8_Diversity_Aware_Wider_Field_and_Boundary_Optimization/INPUTS/QUICK_BENCHMARK/Dataset/01_training_dataset_tif_ROIs/training_set_metastatic_roi_065.tif,5.628931,955.480503,3,histiocyte,gt
training_set_metastatic_roi_065:444,TRAIN,,,,training_set_metastatic_roi_065,/content/drive/MyDrive/Research/PUMA/Exploration_8_Diversity_Aware_Wider_Field_and_Boundary_Optimization/INPUTS/QUICK_BENCHMARK/Dataset/01_training_dataset_tif_ROIs/training_set_metastatic_roi_065.tif,267.083832,737.251497,3,histiocyte,gt
training_set_metastatic_roi_065:531,TRAIN,,,,training_set_metastatic_roi_065,/content/drive/MyDrive/Research/PUMA/Exploration_8_Diversity_Aware_Wider_Field_and_Boundary_Optimization/INPUTS/QUICK_BENCHMARK/Dataset/01_training_dataset_tif_ROIs/training_set_metastatic_roi_065.tif,986.852151,563.63172,2,plasma_cell,gt
training_set_metastatic_roi_072:173,TRAIN,,,,training_set_metastatic_roi_072,/content/drive/MyDrive/Research/PUMA/Exploration_8_Diversity_Aware_Wider_Field_and_Boundary_Optimization/INPUTS/QUICK_BENCHMARK/Dataset/01_training_dataset_tif_ROIs/training_set_metastatic_roi_072.tif,134.892631,763.590386,8,endothelium,gt
training_set_metastatic_roi_072:232,TRAIN,,,,training_set_metastatic_roi_072,/content/drive/MyDrive/Research/PUMA/Exploration_8_Diversity_Aware_Wider_Field_and_Boundary_Optimization/INPUTS/QUICK_BENCHMARK/Dataset/01_training_dataset_tif_ROIs/training_set_metastatic_roi_072.tif,363.064082,420.212709,0,tumor,gt
training_set_metastatic_roi_072:284,TRAIN,,,,training_set_metastatic_roi_072,/content/drive/MyDrive/Research/PUMA/Exploration_8_Diversity_Aware_Wider_Field_and_Boundary_Optimization/INPUTS/QUICK_BENCHMARK/Dataset/01_training_dataset_tif_ROIs/training_set_metastatic_roi_072.tif,185.147287,31.922911,0,tumor,gt
training_set_metastatic_roi_072:301,TRAIN,,,,training_set_metastatic_roi_072,/content/drive/MyDrive/Research/PUMA/Exploration_8_Diversity_Aware_Wider_Field_and_Boundary_Optimization/INPUTS/QUICK_BENCHMARK/Dataset/01_training_dataset_tif_ROIs/training_set_metastatic_roi_072.tif,109.615854,167.629404,1,lymphocyte,gt
training_set_metastatic_roi_072:318,TRAIN,,,,training_set_metastatic_roi_072,/content/drive/MyDrive/Research/PUMA/Exploration_8_Diversity_Aware_Wider_Field_and_Boundary_Optimization/INPUTS/QUICK_BENCHMARK/Dataset/01_training_dataset_tif_ROIs/training_set_metastatic_roi_072.tif,112.50263,784.439981,8,endothelium,gt
training_set_metastatic_roi_072:320,TRAIN,,,,training_set_metastatic_roi_072,/content/drive/MyDrive/Research/PUMA/Exploration_8_Diversity_Aware_Wider_Field_and_Boundary_Optimization/INPUTS/QUICK_BENCHMARK/Dataset/01_training_dataset_tif_ROIs/training_set_metastatic_roi_072.tif,899.014832,416.289617,1,lymphocyte,gt
training_set_metastatic_roi_072:374,TRAIN,,,,training_set_metastatic_roi_072,/content/drive/MyDrive/Research/PUMA/Exploration_8_Diversity_Aware_Wider_Field_and_Boundary_Optimization/INPUTS/QUICK_BENCHMARK/Dataset/01_training_dataset_tif_ROIs/training_set_metastatic_roi_072.tif,817.138542,76.230729,2,plasma_cell,gt
training_set_metastatic_roi_072:407,TRAIN,,,,training_set_metastatic_roi_072,/content/drive/MyDrive/Research/PUMA/Exploration_8_Diversity_Aware_Wider_Field_and_Boundary_Optimization/INPUTS/QUICK_BENCHMARK/Dataset/01_training_dataset_tif_ROIs/training_set_metastatic_roi_072.tif,957.58543,917.629979,9,apoptosis,gt
training_set_metastatic_roi_072:459,TRAIN,,,,training_set_metastatic_roi_072,/content/drive/MyDrive/Research/PUMA/Exploration_8_Diversity_Aware_Wider_Field_and_Boundary_Optimization/INPUTS/QUICK_BENCHMARK/Dataset/01_training_dataset_tif_ROIs/training_set_metastatic_roi_072.tif,114.829028,828.509225,1,lymphocyte,gt
training_set_metastatic_roi_072:481,TRAIN,,,,training_set_metastatic_roi_072,/content/drive/MyDrive/Research/PUMA/Exploration_8_Diversity_Aware_Wider_Field_and_Boundary_Optimization/INPUTS/QUICK_BENCHMARK/Dataset/01_training_dataset_tif_ROIs/training_set_metastatic_roi_072.tif,249.430226,735.751448,8,endothelium,gt
training_set_metastatic_roi_072:51,TRAIN,,,,training_set_metastatic_roi_072,/content/drive/MyDrive/Research/PUMA/Exploration_8_Diversity_Aware_Wider_Field_and_Boundary_Optimization/INPUTS/QUICK_BENCHMARK/Dataset/01_training_dataset_tif_ROIs/training_set_metastatic_roi_072.tif,610.311111,615.588278,0,tumor,gt
training_set_metastatic_roi_072:516,TRAIN,,,,training_set_metastatic_roi_072,/content/drive/MyDrive/Research/PUMA/Exploration_8_Diversity_Aware_Wider_Field_and_Boundary_Optimization/INPUTS/QUICK_BENCHMARK/Dataset/01_training_dataset_tif_ROIs/training_set_metastatic_roi_072.tif,765.301667,547.035,1,lymphocyte,gt
training_set_metastatic_roi_072:520,TRAIN,,,,training_set_metastatic_roi_072,/content/drive/MyDrive/Research/PUMA/Exploration_8_Diversity_Aware_Wider_Field_and_Boundary_Optimization/INPUTS/QUICK_BENCHMARK/Dataset/01_training_dataset_tif_ROIs/training_set_metastatic_roi_072.tif,94.45218,823.002813,5,neutrophil,gt
training_set_metastatic_roi_072:522,TRAIN,,,,training_set_metastatic_roi_072,/content/drive/MyDrive/Research/PUMA/Exploration_8_Diversity_Aware_Wider_Field_and_Boundary_Optimization/INPUTS/QUICK_BENCHMARK/Dataset/01_training_dataset_tif_ROIs/training_set_metastatic_roi_072.tif,31.046784,941.046784,9,apoptosis,gt
training_set_metastatic_roi_072:525,TRAIN,,,,training_set_metastatic_roi_072,/content/drive/MyDrive/Research/PUMA/Exploration_8_Diversity_Aware_Wider_Field_and_Boundary_Optimization/INPUTS/QUICK_BENCHMARK/Dataset/01_training_dataset_tif_ROIs/training_set_metastatic_roi_072.tif,230.92809,782.33364,5,neutrophil,gt
training_set_metastatic_roi_072:527,TRAIN,,,,training_set_metastatic_roi_072,/content/drive/MyDrive/Research/PUMA/Exploration_8_Diversity_Aware_Wider_Field_and_Boundary_Optimization/INPUTS/QUICK_BENCHMARK/Dataset/01_training_dataset_tif_ROIs/training_set_metastatic_roi_072.tif,196.997304,696.449949,8,endothelium,gt
training_set_metastatic_roi_072:536,TRAIN,,,,training_set_metastatic_roi_072,/content/drive/MyDrive/Research/PUMA/Exploration_8_Diversity_Aware_Wider_Field_and_Boundary_Optimization/INPUTS/QUICK_BENCHMARK/Dataset/01_training_dataset_tif_ROIs/training_set_metastatic_roi_072.tif,388.474213,631.043614,8,endothelium,gt
training_set_metastatic_roi_072:539,TRAIN,,,,training_set_metastatic_roi_072,/content/drive/MyDrive/Research/PUMA/Exploration_8_Diversity_Aware_Wider_Field_and_Boundary_Optimization/INPUTS/QUICK_BENCHMARK/Dataset/01_training_dataset_tif_ROIs/training_set_metastatic_roi_072.tif,76.046784,519.046784,9,apoptosis,gt
training_set_metastatic_roi_072:649,TRAIN,,,,training_set_metastatic_roi_072,/content/drive/MyDrive/Research/PUMA/Exploration_8_Diversity_Aware_Wider_Field_and_Boundary_Optimization/INPUTS/QUICK_BENCHMARK/Dataset/01_training_dataset_tif_ROIs/training_set_metastatic_roi_072.tif,410.083568,761.74554,9,apoptosis,gt
training_set_metastatic_roi_072:688,TRAIN,,,,training_set_metastatic_roi_072,/content/drive/MyDrive/Research/PUMA/Exploration_8_Diversity_Aware_Wider_Field_and_Boundary_Optimization/INPUTS/QUICK_BENCHMARK/Dataset/01_training_dataset_tif_ROIs/training_set_metastatic_roi_072.tif,727.71939,482.87451,0,tumor,gt
training_set_metastatic_roi_072:708,TRAIN,,,,training_set_metastatic_roi_072,/content/drive/MyDrive/Research/PUMA/Exploration_8_Diversity_Aware_Wider_Field_and_Boundary_Optimization/INPUTS/QUICK_BENCHMARK/Dataset/01_training_dataset_tif_ROIs/training_set_metastatic_roi_072.tif,768.602586,954.013223,9,apoptosis,gt
training_set_metastatic_roi_072:715,TRAIN,,,,training_set_metastatic_roi_072,/content/drive/MyDrive/Research/PUMA/Exploration_8_Diversity_Aware_Wider_Field_and_Boundary_Optimization/INPUTS/QUICK_BENCHMARK/Dataset/01_training_dataset_tif_ROIs/training_set_metastatic_roi_072.tif,932.163609,39.995413,2,plasma_cell,gt
training_set_metastatic_roi_072:716,TRAIN,,,,training_set_metastatic_roi_072,/content/drive/MyDrive/Research/PUMA/Exploration_8_Diversity_Aware_Wider_Field_and_Boundary_Optimization/INPUTS/QUICK_BENCHMARK/Dataset/01_training_dataset_tif_ROIs/training_set_metastatic_roi_072.tif,610.408999,993.795295,8,endothelium,gt
training_set_metastatic_roi_072:717,TRAIN,,,,training_set_metastatic_roi_072,/content/drive/MyDrive/Research/PUMA/Exploration_8_Diversity_Aware_Wider_Field_and_Boundary_Optimization/INPUTS/QUICK_BENCHMARK/Dataset/01_training_dataset_tif_ROIs/training_set_metastatic_roi_072.tif,360.809625,729.685775,5,neutrophil,gt
training_set_metastatic_roi_072:89,TRAIN,,,,training_set_metastatic_roi_072,/content/drive/MyDrive/Research/PUMA/Exploration_8_Diversity_Aware_Wider_Field_and_Boundary_Optimization/INPUTS/QUICK_BENCHMARK/Dataset/01_training_dataset_tif_ROIs/training_set_metastatic_roi_072.tif,123.423342,31.20012,0,tumor,gt
training_set_metastatic_roi_101:167,TRAIN,,,,training_set_metastatic_roi_101,/content/drive/MyDrive/Research/PUMA/Exploration_8_Diversity_Aware_Wider_Field_and_Boundary_Optimization/INPUTS/QUICK_BENCHMARK/Dataset/01_training_dataset_tif_ROIs/training_set_metastatic_roi_101.tif,572.388298,424.585106,9,apoptosis,gt
training_set_metastatic_roi_101:184,TRAIN,,,,training_set_metastatic_roi_101,/content/drive/MyDrive/Research/PUMA/Exploration_8_Diversity_Aware_Wider_Field_and_Boundary_Optimization/INPUTS/QUICK_BENCHMARK/Dataset/01_training_dataset_tif_ROIs/training_set_metastatic_roi_101.tif,431.634276,468.888693,9,apoptosis,gt
training_set_metastatic_roi_101:191,TRAIN,,,,training_set_metastatic_roi_101,/content/drive/MyDrive/Research/PUMA/Exploration_8_Diversity_Aware_Wider_Field_and_Boundary_Optimization/INPUTS/QUICK_BENCHMARK/Dataset/01_training_dataset_tif_ROIs/training_set_metastatic_roi_101.tif,523.513746,480.991409,9,apoptosis,gt
training_set_metastatic_roi_101:193,TRAIN,,,,training_set_metastatic_roi_101,/content/drive/MyDrive/Research/PUMA/Exploration_8_Diversity_Aware_Wider_Field_and_Boundary_Optimization/INPUTS/QUICK_BENCHMARK/Dataset/01_training_dataset_tif_ROIs/training_set_metastatic_roi_101.tif,656.727687,495.177596,9,apoptosis,gt
training_set_metastatic_roi_101:233,TRAIN,,,,training_set_metastatic_roi_101,/content/drive/MyDrive/Research/PUMA/Exploration_8_Diversity_Aware_Wider_Field_and_Boundary_Optimization/INPUTS/QUICK_BENCHMARK/Dataset/01_training_dataset_tif_ROIs/training_set_metastatic_roi_101.tif,358.650628,603.449791,9,apoptosis,gt
training_set_metastatic_roi_101:237,TRAIN,,,,training_set_metastatic_roi_101,/content/drive/MyDrive/Research/PUMA/Exploration_8_Diversity_Aware_Wider_Field_and_Boundary_Optimization/INPUTS/QUICK_BENCHMARK/Dataset/01_training_dataset_tif_ROIs/training_set_metastatic_roi_101.tif,742.512579,605.015723,9,apoptosis,gt
training_set_metastatic_roi_101:271,TRAIN,,,,training_set_metastatic_roi_101,/content/drive/MyDrive/Research/PUMA/Exploration_8_Diversity_Aware_Wider_Field_and_Boundary_Optimization/INPUTS/QUICK_BENCHMARK/Dataset/01_training_dataset_tif_ROIs/training_set_metastatic_roi_101.tif,884.892241,717.732759,9,apoptosis,gt
training_set_metastatic_roi_101:274,TRAIN,,,,training_set_metastatic_roi_101,/content/drive/MyDrive/Research/PUMA/Exploration_8_Diversity_Aware_Wider_Field_and_Boundary_Optimization/INPUTS/QUICK_BENCHMARK/Dataset/01_training_dataset_tif_ROIs/training_set_metastatic_roi_101.tif,683.851111,723.788889,9,apoptosis,gt
training_set_metastatic_roi_101:329,TRAIN,,,,training_set_metastatic_roi_101,/content/drive/MyDrive/Research/PUMA/Exploration_8_Diversity_Aware_Wider_Field_and_Boundary_Optimization/INPUTS/QUICK_BENCHMARK/Dataset/01_training_dataset_tif_ROIs/training_set_metastatic_roi_101.tif,613.658537,921.018293,9,apoptosis,gt
training_set_metastatic_roi_101:332,TRAIN,,,,training_set_metastatic_roi_101,/content/drive/MyDrive/Research/PUMA/Exploration_8_Diversity_Aware_Wider_Field_and_Boundary_Optimization/INPUTS/QUICK_BENCHMARK/Dataset/01_training_dataset_tif_ROIs/training_set_metastatic_roi_101.tif,657.234007,958.537037,9,apoptosis,gt
training_set_metastatic_roi_101:333,TRAIN,,,,training_set_metastatic_roi_101,/content/drive/MyDrive/Research/PUMA/Exploration_8_Diversity_Aware_Wider_Field_and_Boundary_Optimization/INPUTS/QUICK_BENCHMARK/Dataset/01_training_dataset_tif_ROIs/training_set_metastatic_roi_101.tif,178.106987,970.871179,9,apoptosis,gt
training_set_metastatic_roi_101:341,TRAIN,,,,training_set_metastatic_roi_101,/content/drive/MyDrive/Research/PUMA/Exploration_8_Diversity_Aware_Wider_Field_and_Boundary_Optimization/INPUTS/QUICK_BENCHMARK/Dataset/01_training_dataset_tif_ROIs/training_set_metastatic_roi_101.tif,645.825843,1017.421348,9,apoptosis,gt
training_set_metastatic_roi_101:343,TRAIN,,,,training_set_metastatic_roi_101,/content/drive/MyDrive/Research/PUMA/Exploration_8_Diversity_Aware_Wider_Field_and_Boundary_Optimization/INPUTS/QUICK_BENCHMARK/Dataset/01_training_dataset_tif_ROIs/training_set_metastatic_roi_101.tif,946.749421,719.066262,5,neutrophil,gt
training_set_primary_roi_007:103,TRAIN,,,,training_set_primary_roi_007,/content/drive/MyDrive/Research/PUMA/Exploration_8_Diversity_Aware_Wider_Field_and_Boundary_Optimization/INPUTS/QUICK_BENCHMARK/Dataset/01_training_dataset_tif_ROIs/training_set_primary_roi_007.tif,935.20098,332.79902,8,endothelium,gt
training_set_primary_roi_007:119,TRAIN,,,,training_set_primary_roi_007,/content/drive/MyDrive/Research/PUMA/Exploration_8_Diversity_Aware_Wider_Field_and_Boundary_Optimization/INPUTS/QUICK_BENCHMARK/Dataset/01_training_dataset_tif_ROIs/training_set_primary_roi_007.tif,105.378607,382.16393,7,epithelium,gt
training_set_primary_roi_007:146,TRAIN,,,,training_set_primary_roi_007,/content/drive/MyDrive/Research/PUMA/Exploration_8_Diversity_Aware_Wider_Field_and_Boundary_Optimization/INPUTS/QUICK_BENCHMARK/Dataset/01_training_dataset_tif_ROIs/training_set_primary_roi_007.tif,786.666667,440.008872,4,melanophage,gt
training_set_primary_roi_007:173,TRAIN,,,,training_set_primary_roi_007,/content/drive/MyDrive/Research/PUMA/Exploration_8_Diversity_Aware_Wider_Field_and_Boundary_Optimization/INPUTS/QUICK_BENCHMARK/Dataset/01_training_dataset_tif_ROIs/training_set_primary_roi_007.tif,989.972278,540.628964,8,endothelium,gt
training_set_primary_roi_007:179,TRAIN,,,,training_set_primary_roi_007,/content/drive/MyDrive/Research/PUMA/Exploration_8_Diversity_Aware_Wider_Field_and_Boundary_Optimization/INPUTS/QUICK_BENCHMARK/Dataset/01_training_dataset_tif_ROIs/training_set_primary_roi_007.tif,638.465927,537.740095,4,melanophage,gt
training_set_primary_roi_007:197,TRAIN,,,,training_set_primary_roi_007,/content/drive/MyDrive/Research/PUMA/Exploration_8_Diversity_Aware_Wider_Field_and_Boundary_Optimization/INPUTS/QUICK_BENCHMARK/Dataset/01_training_dataset_tif_ROIs/training_set_primary_roi_007.tif,926.310799,664.787595,8,endothelium,gt
training_set_primary_roi_007:208,TRAIN,,,,training_set_primary_roi_007,/content/drive/MyDrive/Research/PUMA/Exploration_8_Diversity_Aware_Wider_Field_and_Boundary_Optimization/INPUTS/QUICK_BENCHMARK/Dataset/01_training_dataset_tif_ROIs/training_set_primary_roi_007.tif,462.408163,707.673469,4,melanophage,gt
training_set_primary_roi_007:222,TRAIN,,,,training_set_primary_roi_007,/content/drive/MyDrive/Research/PUMA/Exploration_8_Diversity_Aware_Wider_Field_and_Boundary_Optimization/INPUTS/QUICK_BENCHMARK/Dataset/01_training_dataset_tif_ROIs/training_set_primary_roi_007.tif,862.857497,743.780669,8,endothelium,gt
training_set_primary_roi_007:232,TRAIN,,,,training_set_primary_roi_007,/content/drive/MyDrive/Research/PUMA/Exploration_8_Diversity_Aware_Wider_Field_and_Boundary_Optimization/INPUTS/QUICK_BENCHMARK/Dataset/01_training_dataset_tif_ROIs/training_set_primary_roi_007.tif,958.370921,796.131993,8,endothelium,gt
training_set_primary_roi_007:254,TRAIN,,,,training_set_primary_roi_007,/content/drive/MyDrive/Research/PUMA/Exploration_8_Diversity_Aware_Wider_Field_and_Boundary_Optimization/INPUTS/QUICK_BENCHMARK/Dataset/01_training_dataset_tif_ROIs/training_set_primary_roi_007.tif,925.034188,906.784425,8,endothelium,gt
training_set_primary_roi_007:273,TRAIN,,,,training_set_primary_roi_007,/content/drive/MyDrive/Research/PUMA/Exploration_8_Diversity_Aware_Wider_Field_and_Boundary_Optimization/INPUTS/QUICK_BENCHMARK/Dataset/01_training_dataset_tif_ROIs/training_set_primary_roi_007.tif,724.5,1019.0,8,endothelium,gt
training_set_primary_roi_007:295,TRAIN,,,,training_set_primary_roi_007,/content/drive/MyDrive/Research/PUMA/Exploration_8_Diversity_Aware_Wider_Field_and_Boundary_Optimization/INPUTS/QUICK_BENCHMARK/Dataset/01_training_dataset_tif_ROIs/training_set_primary_roi_007.tif,625.430214,987.622225,4,melanophage,gt
training_set_primary_roi_013:0,TRAIN,,,,training_set_primary_roi_013,/content/drive/MyDrive/Research/PUMA/Exploration_8_Diversity_Aware_Wider_Field_and_Boundary_Optimization/INPUTS/QUICK_BENCHMARK/Dataset/01_training_dataset_tif_ROIs/training_set_primary_roi_013.tif,208.477302,10.726329,7,epithelium,gt
training_set_primary_roi_013:122,TRAIN,,,,training_set_primary_roi_013,/content/drive/MyDrive/Research/PUMA/Exploration_8_Diversity_Aware_Wider_Field_and_Boundary_Optimization/INPUTS/QUICK_BENCHMARK/Dataset/01_training_dataset_tif_ROIs/training_set_primary_roi_013.tif,440.112349,335.951253,3,histiocyte,gt
training_set_primary_roi_013:148,TRAIN,,,,training_set_primary_roi_013,/content/drive/MyDrive/Research/PUMA/Exploration_8_Diversity_Aware_Wider_Field_and_Boundary_Optimization/INPUTS/QUICK_BENCHMARK/Dataset/01_training_dataset_tif_ROIs/training_set_primary_roi_013.tif,193.731079,420.883414,7,epithelium,gt
training_set_primary_roi_013:151,TRAIN,,,,training_set_primary_roi_013,/content/drive/MyDrive/Research/PUMA/Exploration_8_Diversity_Aware_Wider_Field_and_Boundary_Optimization/INPUTS/QUICK_BENCHMARK/Dataset/01_training_dataset_tif_ROIs/training_set_primary_roi_013.tif,132.640449,423.20626,7,epithelium,gt
training_set_primary_roi_013:156,TRAIN,,,,training_set_primary_roi_013,/content/drive/MyDrive/Research/PUMA/Exploration_8_Diversity_Aware_Wider_Field_and_Boundary_Optimization/INPUTS/QUICK_BENCHMARK/Dataset/01_training_dataset_tif_ROIs/training_set_primary_roi_013.tif,791.334936,434.858173,6,stroma,gt
training_set_primary_roi_013:159,TRAIN,,,,training_set_primary_roi_013,/content/drive/MyDrive/Research/PUMA/Exploration_8_Diversity_Aware_Wider_Field_and_Boundary_Optimization/INPUTS/QUICK_BENCHMARK/Dataset/01_training_dataset_tif_ROIs/training_set_primary_roi_013.tif,269.46201,439.001838,7,epithelium,gt
training_set_primary_roi_013:178,TRAIN,,,,training_set_primary_roi_013,/content/drive/MyDrive/Research/PUMA/Exploration_8_Diversity_Aware_Wider_Field_and_Boundary_Optimization/INPUTS/QUICK_BENCHMARK/Dataset/01_training_dataset_tif_ROIs/training_set_primary_roi_013.tif,922.342697,503.253558,3,histiocyte,gt
training_set_primary_roi_013:180,TRAIN,,,,training_set_primary_roi_013,/content/drive/MyDrive/Research/PUMA/Exploration_8_Diversity_Aware_Wider_Field_and_Boundary_Optimization/INPUTS/QUICK_BENCHMARK/Dataset/01_training_dataset_tif_ROIs/training_set_primary_roi_013.tif,160.30491,509.676141,3,histiocyte,gt
training_set_primary_roi_013:251,TRAIN,,,,training_set_primary_roi_013,/content/drive/MyDrive/Research/PUMA/Exploration_8_Diversity_Aware_Wider_Field_and_Boundary_Optimization/INPUTS/QUICK_BENCHMARK/Dataset/01_training_dataset_tif_ROIs/training_set_primary_roi_013.tif,488.28337,679.624786,8,endothelium,gt
training_set_primary_roi_013:269,TRAIN,,,,training_set_primary_roi_013,/content/drive/MyDrive/Research/PUMA/Exploration_8_Diversity_Aware_Wider_Field_and_Boundary_Optimization/INPUTS/QUICK_BENCHMARK/Dataset/01_training_dataset_tif_ROIs/training_set_primary_roi_013.tif,740.064967,711.197025,8,endothelium,gt
training_set_primary_roi_013:274,TRAIN,,,,training_set_primary_roi_013,/content/drive/MyDrive/Research/PUMA/Exploration_8_Diversity_Aware_Wider_Field_and_Boundary_Optimization/INPUTS/QUICK_BENCHMARK/Dataset/01_training_dataset_tif_ROIs/training_set_primary_roi_013.tif,829.292843,730.42454,8,endothelium,gt
training_set_primary_roi_013:280,TRAIN,,,,training_set_primary_roi_013,/content/drive/MyDrive/Research/PUMA/Exploration_8_Diversity_Aware_Wider_Field_and_Boundary_Optimization/INPUTS/QUICK_BENCHMARK/Dataset/01_training_dataset_tif_ROIs/training_set_primary_roi_013.tif,912.284848,742.808858,3,histiocyte,gt
training_set_primary_roi_013:314,TRAIN,,,,training_set_primary_roi_013,/content/drive/MyDrive/Research/PUMA/Exploration_8_Diversity_Aware_Wider_Field_and_Boundary_Optimization/INPUTS/QUICK_BENCHMARK/Dataset/01_training_dataset_tif_ROIs/training_set_primary_roi_013.tif,147.545811,815.066908,3,histiocyte,gt
training_set_primary_roi_013:34,TRAIN,,,,training_set_primary_roi_013,/content/drive/MyDrive/Research/PUMA/Exploration_8_Diversity_Aware_Wider_Field_and_Boundary_Optimization/INPUTS/QUICK_BENCHMARK/Dataset/01_training_dataset_tif_ROIs/training_set_primary_roi_013.tif,339.209447,73.185977,7,epithelium,gt
training_set_primary_roi_013:426,TRAIN,,,,training_set_primary_roi_013,/content/drive/MyDrive/Research/PUMA/Exploration_8_Diversity_Aware_Wider_Field_and_Boundary_Optimization/INPUTS/QUICK_BENCHMARK/Dataset/01_training_dataset_tif_ROIs/training_set_primary_roi_013.tif,683.774386,1014.027428,8,endothelium,gt
training_set_primary_roi_013:431,TRAIN,,,,training_set_primary_roi_013,/content/drive/MyDrive/Research/PUMA/Exploration_8_Diversity_Aware_Wider_Field_and_Boundary_Optimization/INPUTS/QUICK_BENCHMARK/Dataset/01_training_dataset_tif_ROIs/training_set_primary_roi_013.tif,651.335548,1015.797342,8,endothelium,gt
training_set_primary_roi_013:440,TRAIN,,,,training_set_primary_roi_013,/content/drive/MyDrive/Research/PUMA/Exploration_8_Diversity_Aware_Wider_Field_and_Boundary_Optimization/INPUTS/QUICK_BENCHMARK/Dataset/01_training_dataset_tif_ROIs/training_set_primary_roi_013.tif,802.21698,739.227434,8,endothelium,gt
training_set_primary_roi_013:444,TRAIN,,,,training_set_primary_roi_013,/content/drive/MyDrive/Research/PUMA/Exploration_8_Diversity_Aware_Wider_Field_and_Boundary_Optimization/INPUTS/QUICK_BENCHMARK/Dataset/01_training_dataset_tif_ROIs/training_set_primary_roi_013.tif,316.105143,90.097005,7,epithelium,gt
training_set_primary_roi_013:52,TRAIN,,,,training_set_primary_roi_013,/content/drive/MyDrive/Research/PUMA/Exploration_8_Diversity_Aware_Wider_Field_and_Boundary_Optimization/INPUTS/QUICK_BENCHMARK/Dataset/01_training_dataset_tif_ROIs/training_set_primary_roi_013.tif,252.912523,110.06415,7,epithelium,gt
training_set_primary_roi_013:54,TRAIN,,,,training_set_primary_roi_013,/content/drive/MyDrive/Research/PUMA/Exploration_8_Diversity_Aware_Wider_Field_and_Boundary_Optimization/INPUTS/QUICK_BENCHMARK/Dataset/01_training_dataset_tif_ROIs/training_set_primary_roi_013.tif,363.707965,109.950657,7,epithelium,gt
training_set_primary_roi_013:7,TRAIN,,,,training_set_primary_roi_013,/content/drive/MyDrive/Research/PUMA/Exploration_8_Diversity_Aware_Wider_Field_and_Boundary_Optimization/INPUTS/QUICK_BENCHMARK/Dataset/01_training_dataset_tif_ROIs/training_set_primary_roi_013.tif,253.884304,17.022599,7,epithelium,gt
training_set_primary_roi_025:10,TRAIN,,,,training_set_primary_roi_025,/content/drive/MyDrive/Research/PUMA/Exploration_8_Diversity_Aware_Wider_Field_and_Boundary_Optimization/INPUTS/QUICK_BENCHMARK/Dataset/01_training_dataset_tif_ROIs/training_set_primary_roi_025.tif,741.246541,37.480922,3,histiocyte,gt
training_set_primary_roi_025:115,TRAIN,,,,training_set_primary_roi_025,/content/drive/MyDrive/Research/PUMA/Exploration_8_Diversity_Aware_Wider_Field_and_Boundary_Optimization/INPUTS/QUICK_BENCHMARK/Dataset/01_training_dataset_tif_ROIs/training_set_primary_roi_025.tif,61.307273,505.928687,3,histiocyte,gt
training_set_primary_roi_025:191,TRAIN,,,,training_set_primary_roi_025,/content/drive/MyDrive/Research/PUMA/Exploration_8_Diversity_Aware_Wider_Field_and_Boundary_Optimization/INPUTS/QUICK_BENCHMARK/Dataset/01_training_dataset_tif_ROIs/training_set_primary_roi_025.tif,130.494686,766.589855,3,histiocyte,gt
training_set_primary_roi_025:200,TRAIN,,,,training_set_primary_roi_025,/content/drive/MyDrive/Research/PUMA/Exploration_8_Diversity_Aware_Wider_Field_and_Boundary_Optimization/INPUTS/QUICK_BENCHMARK/Dataset/01_training_dataset_tif_ROIs/training_set_primary_roi_025.tif,360.356709,799.734923,1,lymphocyte,gt
training_set_primary_roi_025:209,TRAIN,,,,training_set_primary_roi_025,/content/drive/MyDrive/Research/PUMA/Exploration_8_Diversity_Aware_Wider_Field_and_Boundary_Optimization/INPUTS/QUICK_BENCHMARK/Dataset/01_training_dataset_tif_ROIs/training_set_primary_roi_025.tif,53.274341,851.231195,3,histiocyte,gt
training_set_primary_roi_025:212,TRAIN,,,,training_set_primary_roi_025,/content/drive/MyDrive/Research/PUMA/Exploration_8_Diversity_Aware_Wider_Field_and_Boundary_Optimization/INPUTS/QUICK_BENCHMARK/Dataset/01_training_dataset_tif_ROIs/training_set_primary_roi_025.tif,373.785548,846.0662,3,histiocyte,gt
training_set_primary_roi_025:236,TRAIN,,,,training_set_primary_roi_025,/content/drive/MyDrive/Research/PUMA/Exploration_8_Diversity_Aware_Wider_Field_and_Boundary_Optimization/INPUTS/QUICK_BENCHMARK/Dataset/01_training_dataset_tif_ROIs/training_set_primary_roi_025.tif,75.882565,921.910569,1,lymphocyte,gt
training_set_primary_roi_025:239,TRAIN,,,,training_set_primary_roi_025,/content/drive/MyDrive/Research/PUMA/Exploration_8_Diversity_Aware_Wider_Field_and_Boundary_Optimization/INPUTS/QUICK_BENCHMARK/Dataset/01_training_dataset_tif_ROIs/training_set_primary_roi_025.tif,277.159101,941.235625,3,histiocyte,gt
training_set_primary_roi_025:240,TRAIN,,,,training_set_primary_roi_025,/content/drive/MyDrive/Research/PUMA/Exploration_8_Diversity_Aware_Wider_Field_and_Boundary_Optimization/INPUTS/QUICK_BENCHMARK/Dataset/01_training_dataset_tif_ROIs/training_set_primary_roi_025.tif,6.406699,931.380383,1,lymphocyte,gt
training_set_primary_roi_025:244,TRAIN,,,,training_set_primary_roi_025,/content/drive/MyDrive/Research/PUMA/Exploration_8_Diversity_Aware_Wider_Field_and_Boundary_Optimization/INPUTS/QUICK_BENCHMARK/Dataset/01_training_dataset_tif_ROIs/training_set_primary_roi_025.tif,364.668505,951.568689,3,histiocyte,gt
training_set_primary_roi_025:249,TRAIN,,,,training_set_primary_roi_025,/content/drive/MyDrive/Research/PUMA/Exploration_8_Diversity_Aware_Wider_Field_and_Boundary_Optimization/INPUTS/QUICK_BENCHMARK/Dataset/01_training_dataset_tif_ROIs/training_set_primary_roi_025.tif,325.807235,956.604134,1,lymphocyte,gt
training_set_primary_roi_025:25,TRAIN,,,,training_set_primary_roi_025,/content/drive/MyDrive/Research/PUMA/Exploration_8_Diversity_Aware_Wider_Field_and_Boundary_Optimization/INPUTS/QUICK_BENCHMARK/Dataset/01_training_dataset_tif_ROIs/training_set_primary_roi_025.tif,862.698413,109.480683,3,histiocyte,gt
training_set_primary_roi_025:270,TRAIN,,,,training_set_primary_roi_025,/content/drive/MyDrive/Research/PUMA/Exploration_8_Diversity_Aware_Wider_Field_and_Boundary_Optimization/INPUTS/QUICK_BENCHMARK/Dataset/01_training_dataset_tif_ROIs/training_set_primary_roi_025.tif,284.790378,1019.957045,1,lymphocyte,gt
training_set_primary_roi_025:278,TRAIN,,,,training_set_primary_roi_025,/content/drive/MyDrive/Research/PUMA/Exploration_8_Diversity_Aware_Wider_Field_and_Boundary_Optimization/INPUTS/QUICK_BENCHMARK/Dataset/01_training_dataset_tif_ROIs/training_set_primary_roi_025.tif,11.871974,909.974337,2,plasma_cell,gt
training_set_primary_roi_025:279,TRAIN,,,,training_set_primary_roi_025,/content/drive/MyDrive/Research/PUMA/Exploration_8_Diversity_Aware_Wider_Field_and_Boundary_Optimization/INPUTS/QUICK_BENCHMARK/Dataset/01_training_dataset_tif_ROIs/training_set_primary_roi_025.tif,231.676056,802.049765,5,neutrophil,gt
training_set_primary_roi_025:280,TRAIN,,,,training_set_primary_roi_025,/content/drive/MyDrive/Research/PUMA/Exploration_8_Diversity_Aware_Wider_Field_and_Boundary_Optimization/INPUTS/QUICK_BENCHMARK/Dataset/01_training_dataset_tif_ROIs/training_set_primary_roi_025.tif,230.344708,634.434224,5,neutrophil,gt
training_set_primary_roi_025:29,TRAIN,,,,training_set_primary_roi_025,/content/drive/MyDrive/Research/PUMA/Exploration_8_Diversity_Aware_Wider_Field_and_Boundary_Optimization/INPUTS/QUICK_BENCHMARK/Dataset/01_training_dataset_tif_ROIs/training_set_primary_roi_025.tif,770.677305,131.941135,5,neutrophil,gt
training_set_primary_roi_025:30,TRAIN,,,,training_set_primary_roi_025,/content/drive/MyDrive/Research/PUMA/Exploration_8_Diversity_Aware_Wider_Field_and_Boundary_Optimization/INPUTS/QUICK_BENCHMARK/Dataset/01_training_dataset_tif_ROIs/training_set_primary_roi_025.tif,802.666039,150.3258,5,neutrophil,gt
training_set_primary_roi_025:43,TRAIN,,,,training_set_primary_roi_025,/content/drive/MyDrive/Research/PUMA/Exploration_8_Diversity_Aware_Wider_Field_and_Boundary_Optimization/INPUTS/QUICK_BENCHMARK/Dataset/01_training_dataset_tif_ROIs/training_set_primary_roi_025.tif,834.938129,185.909353,5,neutrophil,gt
training_set_primary_roi_025:46,TRAIN,,,,training_set_primary_roi_025,/content/drive/MyDrive/Research/PUMA/Exploration_8_Diversity_Aware_Wider_Field_and_Boundary_Optimization/INPUTS/QUICK_BENCHMARK/Dataset/01_training_dataset_tif_ROIs/training_set_primary_roi_025.tif,670.598083,214.418633,3,histiocyte,gt
training_set_primary_roi_025:5,TRAIN,,,,training_set_primary_roi_025,/content/drive/MyDrive/Research/PUMA/Exploration_8_Diversity_Aware_Wider_Field_and_Boundary_Optimization/INPUTS/QUICK_BENCHMARK/Dataset/01_training_dataset_tif_ROIs/training_set_primary_roi_025.tif,917.954707,10.481378,3,histiocyte,gt
training_set_primary_roi_025:60,TRAIN,,,,training_set_primary_roi_025,/content/drive/MyDrive/Research/PUMA/Exploration_8_Diversity_Aware_Wider_Field_and_Boundary_Optimization/INPUTS/QUICK_BENCHMARK/Dataset/01_training_dataset_tif_ROIs/training_set_primary_roi_025.tif,318.4897,266.26779,5,neutrophil,gt
training_set_primary_roi_025:70,TRAIN,,,,training_set_primary_roi_025,/content/drive/MyDrive/Research/PUMA/Exploration_8_Diversity_Aware_Wider_Field_and_Boundary_Optimization/INPUTS/QUICK_BENCHMARK/Dataset/01_training_dataset_tif_ROIs/training_set_primary_roi_025.tif,905.028743,305.986701,1,lymphocyte,gt
training_set_primary_roi_026:108,TRAIN,,,,training_set_primary_roi_026,/content/drive/MyDrive/Research/PUMA/Exploration_8_Diversity_Aware_Wider_Field_and_Boundary_Optimization/INPUTS/QUICK_BENCHMARK/Dataset/01_training_dataset_tif_ROIs/training_set_primary_roi_026.tif,71.741962,393.236715,3,histiocyte,gt
training_set_primary_roi_026:126,TRAIN,,,,training_set_primary_roi_026,/content/drive/MyDrive/Research/PUMA/Exploration_8_Diversity_Aware_Wider_Field_and_Boundary_Optimization/INPUTS/QUICK_BENCHMARK/Dataset/01_training_dataset_tif_ROIs/training_set_primary_roi_026.tif,892.894661,433.451659,9,apoptosis,gt
training_set_primary_roi_026:128,TRAIN,,,,training_set_primary_roi_026,/content/drive/MyDrive/Research/PUMA/Exploration_8_Diversity_Aware_Wider_Field_and_Boundary_Optimization/INPUTS/QUICK_BENCHMARK/Dataset/01_training_dataset_tif_ROIs/training_set_primary_roi_026.tif,908.953271,434.697819,9,apoptosis,gt
training_set_primary_roi_026:13,TRAIN,,,,training_set_primary_roi_026,/content/drive/MyDrive/Research/PUMA/Exploration_8_Diversity_Aware_Wider_Field_and_Boundary_Optimization/INPUTS/QUICK_BENCHMARK/Dataset/01_training_dataset_tif_ROIs/training_set_primary_roi_026.tif,160.750632,53.975889,8,endothelium,gt
training_set_primary_roi_026:149,TRAIN,,,,training_set_primary_roi_026,/content/drive/MyDrive/Research/PUMA/Exploration_8_Diversity_Aware_Wider_Field_and_Boundary_Optimization/INPUTS/QUICK_BENCHMARK/Dataset/01_training_dataset_tif_ROIs/training_set_primary_roi_026.tif,42.270988,591.25376,3,histiocyte,gt
training_set_primary_roi_026:154,TRAIN,,,,training_set_primary_roi_026,/content/drive/MyDrive/Research/PUMA/Exploration_8_Diversity_Aware_Wider_Field_and_Boundary_Optimization/INPUTS/QUICK_BENCHMARK/Dataset/01_training_dataset_tif_ROIs/training_set_primary_roi_026.tif,428.93609,609.988972,8,endothelium,gt
training_set_primary_roi_026:164,TRAIN,,,,training_set_primary_roi_026,/content/drive/MyDrive/Research/PUMA/Exploration_8_Diversity_Aware_Wider_Field_and_Boundary_Optimization/INPUTS/QUICK_BENCHMARK/Dataset/01_training_dataset_tif_ROIs/training_set_primary_roi_026.tif,439.173143,667.527624,8,endothelium,gt
training_set_primary_roi_026:213,TRAIN,,,,training_set_primary_roi_026,/content/drive/MyDrive/Research/PUMA/Exploration_8_Diversity_Aware_Wider_Field_and_Boundary_Optimization/INPUTS/QUICK_BENCHMARK/Dataset/01_training_dataset_tif_ROIs/training_set_primary_roi_026.tif,58.463304,891.381372,3,histiocyte,gt
training_set_primary_roi_026:228,TRAIN,,,,training_set_primary_roi_026,/content/drive/MyDrive/Research/PUMA/Exploration_8_Diversity_Aware_Wider_Field_and_Boundary_Optimization/INPUTS/QUICK_BENCHMARK/Dataset/01_training_dataset_tif_ROIs/training_set_primary_roi_026.tif,161.507687,962.771838,3,histiocyte,gt
training_set_primary_roi_026:249,TRAIN,,,,training_set_primary_roi_026,/content/drive/MyDrive/Research/PUMA/Exploration_8_Diversity_Aware_Wider_Field_and_Boundary_Optimization/INPUTS/QUICK_BENCHMARK/Dataset/01_training_dataset_tif_ROIs/training_set_primary_roi_026.tif,742.085145,1020.849638,3,histiocyte,gt
training_set_primary_roi_026:39,TRAIN,,,,training_set_primary_roi_026,/content/drive/MyDrive/Research/PUMA/Exploration_8_Diversity_Aware_Wider_Field_and_Boundary_Optimization/INPUTS/QUICK_BENCHMARK/Dataset/01_training_dataset_tif_ROIs/training_set_primary_roi_026.tif,87.595442,134.385248,8,endothelium,gt
training_set_primary_roi_026:52,TRAIN,,,,training_set_primary_roi_026,/content/drive/MyDrive/Research/PUMA/Exploration_8_Diversity_Aware_Wider_Field_and_Boundary_Optimization/INPUTS/QUICK_BENCHMARK/Dataset/01_training_dataset_tif_ROIs/training_set_primary_roi_026.tif,94.236723,170.029379,3,histiocyte,gt
training_set_primary_roi_026:54,TRAIN,,,,training_set_primary_roi_026,/content/drive/MyDrive/Research/PUMA/Exploration_8_Diversity_Aware_Wider_Field_and_Boundary_Optimization/INPUTS/QUICK_BENCHMARK/Dataset/01_training_dataset_tif_ROIs/training_set_primary_roi_026.tif,142.298503,179.927083,8,endothelium,gt
training_set_primary_roi_026:61,TRAIN,,,,training_set_primary_roi_026,/content/drive/MyDrive/Research/PUMA/Exploration_8_Diversity_Aware_Wider_Field_and_Boundary_Optimization/INPUTS/QUICK_BENCHMARK/Dataset/01_training_dataset_tif_ROIs/training_set_primary_roi_026.tif,990.353114,204.190232,7,epithelium,gt
training_set_primary_roi_026:7,TRAIN,,,,training_set_primary_roi_026,/content/drive/MyDrive/Research/PUMA/Exploration_8_Diversity_Aware_Wider_Field_and_Boundary_Optimization/INPUTS/QUICK_BENCHMARK/Dataset/01_training_dataset_tif_ROIs/training_set_primary_roi_026.tif,191.326467,27.394241,8,endothelium,gt
training_set_primary_roi_026:8,TRAIN,,,,training_set_primary_roi_026,/content/drive/MyDrive/Research/PUMA/Exploration_8_Diversity_Aware_Wider_Field_and_Boundary_Optimization/INPUTS/QUICK_BENCHMARK/Dataset/01_training_dataset_tif_ROIs/training_set_primary_roi_026.tif,259.927502,27.843212,8,endothelium,gt
training_set_primary_roi_026:86,TRAIN,,,,training_set_primary_roi_026,/content/drive/MyDrive/Research/PUMA/Exploration_8_Diversity_Aware_Wider_Field_and_Boundary_Optimization/INPUTS/QUICK_BENCHMARK/Dataset/01_training_dataset_tif_ROIs/training_set_primary_roi_026.tif,211.456186,290.67354,3,histiocyte,gt
training_set_primary_roi_026:87,TRAIN,,,,training_set_primary_roi_026,/content/drive/MyDrive/Research/PUMA/Exploration_8_Diversity_Aware_Wider_Field_and_Boundary_Optimization/INPUTS/QUICK_BENCHMARK/Dataset/01_training_dataset_tif_ROIs/training_set_primary_roi_026.tif,666.604515,299.151338,3,histiocyte,gt
training_set_primary_roi_036:103,TRAIN,,,,training_set_primary_roi_036,/content/drive/MyDrive/Research/PUMA/Exploration_8_Diversity_Aware_Wider_Field_and_Boundary_Optimization/INPUTS/QUICK_BENCHMARK/Dataset/01_training_dataset_tif_ROIs/training_set_primary_roi_036.tif,118.978549,203.971775,6,stroma,gt
training_set_primary_roi_036:13,TRAIN,,,,training_set_primary_roi_036,/content/drive/MyDrive/Research/PUMA/Exploration_8_Diversity_Aware_Wider_Field_and_Boundary_Optimization/INPUTS/QUICK_BENCHMARK/Dataset/01_training_dataset_tif_ROIs/training_set_primary_roi_036.tif,502.397101,14.908406,0,tumor,gt
training_set_primary_roi_036:133,TRAIN,,,,training_set_primary_roi_036,/content/drive/MyDrive/Research/PUMA/Exploration_8_Diversity_Aware_Wider_Field_and_Boundary_Optimization/INPUTS/QUICK_BENCHMARK/Dataset/01_training_dataset_tif_ROIs/training_set_primary_roi_036.tif,772.680596,267.781341,0,tumor,gt
training_set_primary_roi_036:136,TRAIN,,,,training_set_primary_roi_036,/content/drive/MyDrive/Research/PUMA/Exploration_8_Diversity_Aware_Wider_Field_and_Boundary_Optimization/INPUTS/QUICK_BENCHMARK/Dataset/01_training_dataset_tif_ROIs/training_set_primary_roi_036.tif,406.79358,279.141471,6,stroma,gt
training_set_primary_roi_036:154,TRAIN,,,,training_set_primary_roi_036,/content/drive/MyDrive/Research/PUMA/Exploration_8_Diversity_Aware_Wider_Field_and_Boundary_Optimization/INPUTS/QUICK_BENCHMARK/Dataset/01_training_dataset_tif_ROIs/training_set_primary_roi_036.tif,54.148404,301.725106,6,stroma,gt
training_set_primary_roi_036:175,TRAIN,,,,training_set_primary_roi_036,/content/drive/MyDrive/Research/PUMA/Exploration_8_Diversity_Aware_Wider_Field_and_Boundary_Optimization/INPUTS/QUICK_BENCHMARK/Dataset/01_training_dataset_tif_ROIs/training_set_primary_roi_036.tif,359.837681,345.183055,6,stroma,gt
training_set_primary_roi_036:223,TRAIN,,,,training_set_primary_roi_036,/content/drive/MyDrive/Research/PUMA/Exploration_8_Diversity_Aware_Wider_Field_and_Boundary_Optimization/INPUTS/QUICK_BENCHMARK/Dataset/01_training_dataset_tif_ROIs/training_set_primary_roi_036.tif,432.841964,420.508631,6,stroma,gt
training_set_primary_roi_036:235,TRAIN,,,,training_set_primary_roi_036,/content/drive/MyDrive/Research/PUMA/Exploration_8_Diversity_Aware_Wider_Field_and_Boundary_Optimization/INPUTS/QUICK_BENCHMARK/Dataset/01_training_dataset_tif_ROIs/training_set_primary_roi_036.tif,876.703704,435.305948,0,tumor,gt
training_set_primary_roi_036:277,TRAIN,,,,training_set_primary_roi_036,/content/drive/MyDrive/Research/PUMA/Exploration_8_Diversity_Aware_Wider_Field_and_Boundary_Optimization/INPUTS/QUICK_BENCHMARK/Dataset/01_training_dataset_tif_ROIs/training_set_primary_roi_036.tif,806.147873,517.273656,0,tumor,gt
training_set_primary_roi_036:292,TRAIN,,,,training_set_primary_roi_036,/content/drive/MyDrive/Research/PUMA/Exploration_8_Diversity_Aware_Wider_Field_and_Boundary_Optimization/INPUTS/QUICK_BENCHMARK/Dataset/01_training_dataset_tif_ROIs/training_set_primary_roi_036.tif,705.313173,542.674685,0,tumor,gt
training_set_primary_roi_036:313,TRAIN,,,,training_set_primary_roi_036,/content/drive/MyDrive/Research/PUMA/Exploration_8_Diversity_Aware_Wider_Field_and_Boundary_Optimization/INPUTS/QUICK_BENCHMARK/Dataset/01_training_dataset_tif_ROIs/training_set_primary_roi_036.tif,593.4275,569.710833,6,stroma,gt
training_set_primary_roi_036:328,TRAIN,,,,training_set_primary_roi_036,/content/drive/MyDrive/Research/PUMA/Exploration_8_Diversity_Aware_Wider_Field_and_Boundary_Optimization/INPUTS/QUICK_BENCHMARK/Dataset/01_training_dataset_tif_ROIs/training_set_primary_roi_036.tif,723.363005,595.188763,6,stroma,gt
training_set_primary_roi_036:37,TRAIN,,,,training_set_primary_roi_036,/content/drive/MyDrive/Research/PUMA/Exploration_8_Diversity_Aware_Wider_Field_and_Boundary_Optimization/INPUTS/QUICK_BENCHMARK/Dataset/01_training_dataset_tif_ROIs/training_set_primary_roi_036.tif,18.530527,52.607129,6,stroma,gt
training_set_primary_roi_036:375,TRAIN,,,,training_set_primary_roi_036,/content/drive/MyDrive/Research/PUMA/Exploration_8_Diversity_Aware_Wider_Field_and_Boundary_Optimization/INPUTS/QUICK_BENCHMARK/Dataset/01_training_dataset_tif_ROIs/training_set_primary_roi_036.tif,42.427419,711.674731,6,stroma,gt
training_set_primary_roi_036:426,TRAIN,,,,training_set_primary_roi_036,/content/drive/MyDrive/Research/PUMA/Exploration_8_Diversity_Aware_Wider_Field_and_Boundary_Optimization/INPUTS/QUICK_BENCHMARK/Dataset/01_training_dataset_tif_ROIs/training_set_primary_roi_036.tif,242.838215,805.839609,4,melanophage,gt
training_set_primary_roi_036:434,TRAIN,,,,training_set_primary_roi_036,/content/drive/MyDrive/Research/PUMA/Exploration_8_Diversity_Aware_Wider_Field_and_Boundary_Optimization/INPUTS/QUICK_BENCHMARK/Dataset/01_training_dataset_tif_ROIs/training_set_primary_roi_036.tif,79.141321,841.035989,4,melanophage,gt
training_set_primary_roi_036:475,TRAIN,,,,training_set_primary_roi_036,/content/drive/MyDrive/Research/PUMA/Exploration_8_Diversity_Aware_Wider_Field_and_Boundary_Optimization/INPUTS/QUICK_BENCHMARK/Dataset/01_training_dataset_tif_ROIs/training_set_primary_roi_036.tif,146.004,926.890667,6,stroma,gt
training_set_primary_roi_036:482,TRAIN,,,,training_set_primary_roi_036,/content/drive/MyDrive/Research/PUMA/Exploration_8_Diversity_Aware_Wider_Field_and_Boundary_Optimization/INPUTS/QUICK_BENCHMARK/Dataset/01_training_dataset_tif_ROIs/training_set_primary_roi_036.tif,911.089295,942.978184,6,stroma,gt
training_set_primary_roi_036:483,TRAIN,,,,training_set_primary_roi_036,/content/drive/MyDrive/Research/PUMA/Exploration_8_Diversity_Aware_Wider_Field_and_Boundary_Optimization/INPUTS/QUICK_BENCHMARK/Dataset/01_training_dataset_tif_ROIs/training_set_primary_roi_036.tif,738.708333,944.77971,6,stroma,gt
training_set_primary_roi_036:484,TRAIN,,,,training_set_primary_roi_036,/content/drive/MyDrive/Research/PUMA/Exploration_8_Diversity_Aware_Wider_Field_and_Boundary_Optimization/INPUTS/QUICK_BENCHMARK/Dataset/01_training_dataset_tif_ROIs/training_set_primary_roi_036.tif,88.718567,954.399854,6,stroma,gt
training_set_primary_roi_036:7,TRAIN,,,,training_set_primary_roi_036,/content/drive/MyDrive/Research/PUMA/Exploration_8_Diversity_Aware_Wider_Field_and_Boundary_Optimization/INPUTS/QUICK_BENCHMARK/Dataset/01_training_dataset_tif_ROIs/training_set_primary_roi_036.tif,662.608595,5.757259,0,tumor,gt
training_set_primary_roi_036:81,TRAIN,,,,training_set_primary_roi_036,/content/drive/MyDrive/Research/PUMA/Exploration_8_Diversity_Aware_Wider_Field_and_Boundary_Optimization/INPUTS/QUICK_BENCHMARK/Dataset/01_training_dataset_tif_ROIs/training_set_primary_roi_036.tif,858.663587,149.593935,0,tumor,gt
training_set_primary_roi_036:92,TRAIN,,,,training_set_primary_roi_036,/content/drive/MyDrive/Research/PUMA/Exploration_8_Diversity_Aware_Wider_Field_and_Boundary_Optimization/INPUTS/QUICK_BENCHMARK/Dataset/01_training_dataset_tif_ROIs/training_set_primary_roi_036.tif,885.308642,172.107819,0,tumor,gt
training_set_primary_roi_036:96,TRAIN,,,,training_set_primary_roi_036,/content/drive/MyDrive/Research/PUMA/Exploration_8_Diversity_Aware_Wider_Field_and_Boundary_Optimization/INPUTS/QUICK_BENCHMARK/Dataset/01_training_dataset_tif_ROIs/training_set_primary_roi_036.tif,936.198198,188.240798,0,tumor,gt
training_set_primary_roi_042:237,TRAIN,,,,training_set_primary_roi_042,/content/drive/MyDrive/Research/PUMA/Exploration_8_Diversity_Aware_Wider_Field_and_Boundary_Optimization/INPUTS/QUICK_BENCHMARK/Dataset/01_training_dataset_tif_ROIs/training_set_primary_roi_042.tif,517.49734,687.589539,7,epithelium,gt
training_set_primary_roi_042:245,TRAIN,,,,training_set_primary_roi_042,/content/drive/MyDrive/Research/PUMA/Exploration_8_Diversity_Aware_Wider_Field_and_Boundary_Optimization/INPUTS/QUICK_BENCHMARK/Dataset/01_training_dataset_tif_ROIs/training_set_primary_roi_042.tif,245.404281,701.863654,7,epithelium,gt
training_set_primary_roi_042:300,TRAIN,,,,training_set_primary_roi_042,/content/drive/MyDrive/Research/PUMA/Exploration_8_Diversity_Aware_Wider_Field_and_Boundary_Optimization/INPUTS/QUICK_BENCHMARK/Dataset/01_training_dataset_tif_ROIs/training_set_primary_roi_042.tif,807.350614,803.830605,7,epithelium,gt
training_set_primary_roi_042:315,TRAIN,,,,training_set_primary_roi_042,/content/drive/MyDrive/Research/PUMA/Exploration_8_Diversity_Aware_Wider_Field_and_Boundary_Optimization/INPUTS/QUICK_BENCHMARK/Dataset/01_training_dataset_tif_ROIs/training_set_primary_roi_042.tif,526.366726,823.774995,7,epithelium,gt
training_set_primary_roi_042:339,TRAIN,,,,training_set_primary_roi_042,/content/drive/MyDrive/Research/PUMA/Exploration_8_Diversity_Aware_Wider_Field_and_Boundary_Optimization/INPUTS/QUICK_BENCHMARK/Dataset/01_training_dataset_tif_ROIs/training_set_primary_roi_042.tif,833.858049,874.492986,7,epithelium,gt
training_set_primary_roi_042:98,TRAIN,,,,training_set_primary_roi_042,/content/drive/MyDrive/Research/PUMA/Exploration_8_Diversity_Aware_Wider_Field_and_Boundary_Optimization/INPUTS/QUICK_BENCHMARK/Dataset/01_training_dataset_tif_ROIs/training_set_primary_roi_042.tif,133.253713,299.665017,1,lymphocyte,gt
training_set_primary_roi_059:13,TRAIN,,,,training_set_primary_roi_059,/content/drive/MyDrive/Research/PUMA/Exploration_8_Diversity_Aware_Wider_Field_and_Boundary_Optimization/INPUTS/QUICK_BENCHMARK/Dataset/01_training_dataset_tif_ROIs/training_set_primary_roi_059.tif,462.421281,36.911781,1,lymphocyte,gt
training_set_primary_roi_059:158,TRAIN,,,,training_set_primary_roi_059,/content/drive/MyDrive/Research/PUMA/Exploration_8_Diversity_Aware_Wider_Field_and_Boundary_Optimization/INPUTS/QUICK_BENCHMARK/Dataset/01_training_dataset_tif_ROIs/training_set_primary_roi_059.tif,472.23236,328.010949,5,neutrophil,gt
training_set_primary_roi_059:252,TRAIN,,,,training_set_primary_roi_059,/content/drive/MyDrive/Research/PUMA/Exploration_8_Diversity_Aware_Wider_Field_and_Boundary_Optimization/INPUTS/QUICK_BENCHMARK/Dataset/01_training_dataset_tif_ROIs/training_set_primary_roi_059.tif,217.062758,492.743142,2,plasma_cell,gt
training_set_primary_roi_059:26,TRAIN,,,,training_set_primary_roi_059,/content/drive/MyDrive/Research/PUMA/Exploration_8_Diversity_Aware_Wider_Field_and_Boundary_Optimization/INPUTS/QUICK_BENCHMARK/Dataset/01_training_dataset_tif_ROIs/training_set_primary_roi_059.tif,977.22853,63.044833,2,plasma_cell,gt
training_set_primary_roi_059:313,TRAIN,,,,training_set_primary_roi_059,/content/drive/MyDrive/Research/PUMA/Exploration_8_Diversity_Aware_Wider_Field_and_Boundary_Optimization/INPUTS/QUICK_BENCHMARK/Dataset/01_training_dataset_tif_ROIs/training_set_primary_roi_059.tif,563.632096,592.631242,1,lymphocyte,gt
training_set_primary_roi_059:323,TRAIN,,,,training_set_primary_roi_059,/content/drive/MyDrive/Research/PUMA/Exploration_8_Diversity_Aware_Wider_Field_and_Boundary_Optimization/INPUTS/QUICK_BENCHMARK/Dataset/01_training_dataset_tif_ROIs/training_set_primary_roi_059.tif,311.824912,607.665883,1,lymphocyte,gt
training_set_primary_roi_059:354,TRAIN,,,,training_set_primary_roi_059,/content/drive/MyDrive/Research/PUMA/Exploration_8_Diversity_Aware_Wider_Field_and_Boundary_Optimization/INPUTS/QUICK_BENCHMARK/Dataset/01_training_dataset_tif_ROIs/training_set_primary_roi_059.tif,536.53479,665.799353,1,lymphocyte,gt
training_set_primary_roi_059:398,TRAIN,,,,training_set_primary_roi_059,/content/drive/MyDrive/Research/PUMA/Exploration_8_Diversity_Aware_Wider_Field_and_Boundary_Optimization/INPUTS/QUICK_BENCHMARK/Dataset/01_training_dataset_tif_ROIs/training_set_primary_roi_059.tif,947.252723,767.932026,1,lymphocyte,gt
training_set_primary_roi_059:405,TRAIN,,,,training_set_primary_roi_059,/content/drive/MyDrive/Research/PUMA/Exploration_8_Diversity_Aware_Wider_Field_and_Boundary_Optimization/INPUTS/QUICK_BENCHMARK/Dataset/01_training_dataset_tif_ROIs/training_set_primary_roi_059.tif,975.229574,792.570363,6,stroma,gt
training_set_primary_roi_059:463,TRAIN,,,,training_set_primary_roi_059,/content/drive/MyDrive/Research/PUMA/Exploration_8_Diversity_Aware_Wider_Field_and_Boundary_Optimization/INPUTS/QUICK_BENCHMARK/Dataset/01_training_dataset_tif_ROIs/training_set_primary_roi_059.tif,142.732962,470.555865,2,plasma_cell,gt
training_set_primary_roi_059:464,TRAIN,,,,training_set_primary_roi_059,/content/drive/MyDrive/Research/PUMA/Exploration_8_Diversity_Aware_Wider_Field_and_Boundary_Optimization/INPUTS/QUICK_BENCHMARK/Dataset/01_training_dataset_tif_ROIs/training_set_primary_roi_059.tif,234.379859,774.002787,5,neutrophil,gt
training_set_primary_roi_059:470,TRAIN,,,,training_set_primary_roi_059,/content/drive/MyDrive/Research/PUMA/Exploration_8_Diversity_Aware_Wider_Field_and_Boundary_Optimization/INPUTS/QUICK_BENCHMARK/Dataset/01_training_dataset_tif_ROIs/training_set_primary_roi_059.tif,154.015046,766.96875,2,plasma_cell,gt
training_set_primary_roi_068:110,TRAIN,,,,training_set_primary_roi_068,/content/drive/MyDrive/Research/PUMA/Exploration_8_Diversity_Aware_Wider_Field_and_Boundary_Optimization/INPUTS/QUICK_BENCHMARK/Dataset/01_training_dataset_tif_ROIs/training_set_primary_roi_068.tif,142.47413,236.739417,6,stroma,gt
training_set_primary_roi_068:112,TRAIN,,,,training_set_primary_roi_068,/content/drive/MyDrive/Research/PUMA/Exploration_8_Diversity_Aware_Wider_Field_and_Boundary_Optimization/INPUTS/QUICK_BENCHMARK/Dataset/01_training_dataset_tif_ROIs/training_set_primary_roi_068.tif,466.597665,234.260085,9,apoptosis,gt
training_set_primary_roi_068:118,TRAIN,,,,training_set_primary_roi_068,/content/drive/MyDrive/Research/PUMA/Exploration_8_Diversity_Aware_Wider_Field_and_Boundary_Optimization/INPUTS/QUICK_BENCHMARK/Dataset/01_training_dataset_tif_ROIs/training_set_primary_roi_068.tif,899.643189,272.960526,8,endothelium,gt
training_set_primary_roi_068:137,TRAIN,,,,training_set_primary_roi_068,/content/drive/MyDrive/Research/PUMA/Exploration_8_Diversity_Aware_Wider_Field_and_Boundary_Optimization/INPUTS/QUICK_BENCHMARK/Dataset/01_training_dataset_tif_ROIs/training_set_primary_roi_068.tif,678.512048,321.646084,6,stroma,gt
training_set_primary_roi_068:162,TRAIN,,,,training_set_primary_roi_068,/content/drive/MyDrive/Research/PUMA/Exploration_8_Diversity_Aware_Wider_Field_and_Boundary_Optimization/INPUTS/QUICK_BENCHMARK/Dataset/01_training_dataset_tif_ROIs/training_set_primary_roi_068.tif,910.867816,367.20067,3,histiocyte,gt
training_set_primary_roi_068:168,TRAIN,,,,training_set_primary_roi_068,/content/drive/MyDrive/Research/PUMA/Exploration_8_Diversity_Aware_Wider_Field_and_Boundary_Optimization/INPUTS/QUICK_BENCHMARK/Dataset/01_training_dataset_tif_ROIs/training_set_primary_roi_068.tif,592.29932,395.704762,9,apoptosis,gt
training_set_primary_roi_068:176,TRAIN,,,,training_set_primary_roi_068,/content/drive/MyDrive/Research/PUMA/Exploration_8_Diversity_Aware_Wider_Field_and_Boundary_Optimization/INPUTS/QUICK_BENCHMARK/Dataset/01_training_dataset_tif_ROIs/training_set_primary_roi_068.tif,683.56044,410.39011,1,lymphocyte,gt
training_set_primary_roi_068:193,TRAIN,,,,training_set_primary_roi_068,/content/drive/MyDrive/Research/PUMA/Exploration_8_Diversity_Aware_Wider_Field_and_Boundary_Optimization/INPUTS/QUICK_BENCHMARK/Dataset/01_training_dataset_tif_ROIs/training_set_primary_roi_068.tif,738.882892,456.428038,6,stroma,gt
training_set_primary_roi_068:196,TRAIN,,,,training_set_primary_roi_068,/content/drive/MyDrive/Research/PUMA/Exploration_8_Diversity_Aware_Wider_Field_and_Boundary_Optimization/INPUTS/QUICK_BENCHMARK/Dataset/01_training_dataset_tif_ROIs/training_set_primary_roi_068.tif,953.078656,460.820578,4,melanophage,gt
training_set_primary_roi_068:201,TRAIN,,,,training_set_primary_roi_068,/content/drive/MyDrive/Research/PUMA/Exploration_8_Diversity_Aware_Wider_Field_and_Boundary_Optimization/INPUTS/QUICK_BENCHMARK/Dataset/01_training_dataset_tif_ROIs/training_set_primary_roi_068.tif,809.86391,479.184611,8,endothelium,gt
training_set_primary_roi_068:217,TRAIN,,,,training_set_primary_roi_068,/content/drive/MyDrive/Research/PUMA/Exploration_8_Diversity_Aware_Wider_Field_and_Boundary_Optimization/INPUTS/QUICK_BENCHMARK/Dataset/01_training_dataset_tif_ROIs/training_set_primary_roi_068.tif,365.022475,529.098949,4,melanophage,gt
training_set_primary_roi_068:219,TRAIN,,,,training_set_primary_roi_068,/content/drive/MyDrive/Research/PUMA/Exploration_8_Diversity_Aware_Wider_Field_and_Boundary_Optimization/INPUTS/QUICK_BENCHMARK/Dataset/01_training_dataset_tif_ROIs/training_set_primary_roi_068.tif,482.252602,533.42258,4,melanophage,gt
training_set_primary_roi_068:220,TRAIN,,,,training_set_primary_roi_068,/content/drive/MyDrive/Research/PUMA/Exploration_8_Diversity_Aware_Wider_Field_and_Boundary_Optimization/INPUTS/QUICK_BENCHMARK/Dataset/01_training_dataset_tif_ROIs/training_set_primary_roi_068.tif,710.619112,539.729026,1,lymphocyte,gt
training_set_primary_roi_068:232,TRAIN,,,,training_set_primary_roi_068,/content/drive/MyDrive/Research/PUMA/Exploration_8_Diversity_Aware_Wider_Field_and_Boundary_Optimization/INPUTS/QUICK_BENCHMARK/Dataset/01_training_dataset_tif_ROIs/training_set_primary_roi_068.tif,711.4875,567.213889,8,endothelium,gt
training_set_primary_roi_068:237,TRAIN,,,,training_set_primary_roi_068,/content/drive/MyDrive/Research/PUMA/Exploration_8_Diversity_Aware_Wider_Field_and_Boundary_Optimization/INPUTS/QUICK_BENCHMARK/Dataset/01_training_dataset_tif_ROIs/training_set_primary_roi_068.tif,123.528093,590.119665,4,melanophage,gt
training_set_primary_roi_068:247,TRAIN,,,,training_set_primary_roi_068,/content/drive/MyDrive/Research/PUMA/Exploration_8_Diversity_Aware_Wider_Field_and_Boundary_Optimization/INPUTS/QUICK_BENCHMARK/Dataset/01_training_dataset_tif_ROIs/training_set_primary_roi_068.tif,764.966627,593.48232,2,plasma_cell,gt
training_set_primary_roi_068:253,TRAIN,,,,training_set_primary_roi_068,/content/drive/MyDrive/Research/PUMA/Exploration_8_Diversity_Aware_Wider_Field_and_Boundary_Optimization/INPUTS/QUICK_BENCHMARK/Dataset/01_training_dataset_tif_ROIs/training_set_primary_roi_068.tif,967.75773,609.05845,4,melanophage,gt
training_set_primary_roi_068:261,TRAIN,,,,training_set_primary_roi_068,/content/drive/MyDrive/Research/PUMA/Exploration_8_Diversity_Aware_Wider_Field_and_Boundary_Optimization/INPUTS/QUICK_BENCHMARK/Dataset/01_training_dataset_tif_ROIs/training_set_primary_roi_068.tif,737.331502,622.099817,1,lymphocyte,gt
training_set_primary_roi_068:263,TRAIN,,,,training_set_primary_roi_068,/content/drive/MyDrive/Research/PUMA/Exploration_8_Diversity_Aware_Wider_Field_and_Boundary_Optimization/INPUTS/QUICK_BENCHMARK/Dataset/01_training_dataset_tif_ROIs/training_set_primary_roi_068.tif,643.76512,627.646273,8,endothelium,gt
training_set_primary_roi_068:264,TRAIN,,,,training_set_primary_roi_068,/content/drive/MyDrive/Research/PUMA/Exploration_8_Diversity_Aware_Wider_Field_and_Boundary_Optimization/INPUTS/QUICK_BENCHMARK/Dataset/01_training_dataset_tif_ROIs/training_set_primary_roi_068.tif,958.614498,628.831411,1,lymphocyte,gt
training_set_primary_roi_068:266,TRAIN,,,,training_set_primary_roi_068,/content/drive/MyDrive/Research/PUMA/Exploration_8_Diversity_Aware_Wider_Field_and_Boundary_Optimization/INPUTS/QUICK_BENCHMARK/Dataset/01_training_dataset_tif_ROIs/training_set_primary_roi_068.tif,920.259594,633.943567,4,melanophage,gt
training_set_primary_roi_068:268,TRAIN,,,,training_set_primary_roi_068,/content/drive/MyDrive/Research/PUMA/Exploration_8_Diversity_Aware_Wider_Field_and_Boundary_Optimization/INPUTS/QUICK_BENCHMARK/Dataset/01_training_dataset_tif_ROIs/training_set_primary_roi_068.tif,586.683304,633.289958,6,stroma,gt
training_set_primary_roi_068:269,TRAIN,,,,training_set_primary_roi_068,/content/drive/MyDrive/Research/PUMA/Exploration_8_Diversity_Aware_Wider_Field_and_Boundary_Optimization/INPUTS/QUICK_BENCHMARK/Dataset/01_training_dataset_tif_ROIs/training_set_primary_roi_068.tif,672.842235,638.604847,8,endothelium,gt
training_set_primary_roi_068:278,TRAIN,,,,training_set_primary_roi_068,/content/drive/MyDrive/Research/PUMA/Exploration_8_Diversity_Aware_Wider_Field_and_Boundary_Optimization/INPUTS/QUICK_BENCHMARK/Dataset/01_training_dataset_tif_ROIs/training_set_primary_roi_068.tif,623.058997,651.40118,9,apoptosis,gt
training_set_primary_roi_068:306,TRAIN,,,,training_set_primary_roi_068,/content/drive/MyDrive/Research/PUMA/Exploration_8_Diversity_Aware_Wider_Field_and_Boundary_Optimization/INPUTS/QUICK_BENCHMARK/Dataset/01_training_dataset_tif_ROIs/training_set_primary_roi_068.tif,1001.973214,704.857143,3,histiocyte,gt
training_set_primary_roi_068:32,TRAIN,,,,training_set_primary_roi_068,/content/drive/MyDrive/Research/PUMA/Exploration_8_Diversity_Aware_Wider_Field_and_Boundary_Optimization/INPUTS/QUICK_BENCHMARK/Dataset/01_training_dataset_tif_ROIs/training_set_primary_roi_068.tif,615.920042,53.492212,5,neutrophil,gt
training_set_primary_roi_068:338,TRAIN,,,,training_set_primary_roi_068,/content/drive/MyDrive/Research/PUMA/Exploration_8_Diversity_Aware_Wider_Field_and_Boundary_Optimization/INPUTS/QUICK_BENCHMARK/Dataset/01_training_dataset_tif_ROIs/training_set_primary_roi_068.tif,312.483356,786.165557,1,lymphocyte,gt
training_set_primary_roi_068:366,TRAIN,,,,training_set_primary_roi_068,/content/drive/MyDrive/Research/PUMA/Exploration_8_Diversity_Aware_Wider_Field_and_Boundary_Optimization/INPUTS/QUICK_BENCHMARK/Dataset/01_training_dataset_tif_ROIs/training_set_primary_roi_068.tif,548.034461,837.986842,8,endothelium,gt
training_set_primary_roi_068:372,TRAIN,,,,training_set_primary_roi_068,/content/drive/MyDrive/Research/PUMA/Exploration_8_Diversity_Aware_Wider_Field_and_Boundary_Optimization/INPUTS/QUICK_BENCHMARK/Dataset/01_training_dataset_tif_ROIs/training_set_primary_roi_068.tif,590.560325,848.906419,8,endothelium,gt
training_set_primary_roi_068:385,TRAIN,,,,training_set_primary_roi_068,/content/drive/MyDrive/Research/PUMA/Exploration_8_Diversity_Aware_Wider_Field_and_Boundary_Optimization/INPUTS/QUICK_BENCHMARK/Dataset/01_training_dataset_tif_ROIs/training_set_primary_roi_068.tif,579.370143,882.0409,9,apoptosis,gt
training_set_primary_roi_068:387,TRAIN,,,,training_set_primary_roi_068,/content/drive/MyDrive/Research/PUMA/Exploration_8_Diversity_Aware_Wider_Field_and_Boundary_Optimization/INPUTS/QUICK_BENCHMARK/Dataset/01_training_dataset_tif_ROIs/training_set_primary_roi_068.tif,986.773316,890.305915,3,histiocyte,gt
training_set_primary_roi_068:394,TRAIN,,,,training_set_primary_roi_068,/content/drive/MyDrive/Research/PUMA/Exploration_8_Diversity_Aware_Wider_Field_and_Boundary_Optimization/INPUTS/QUICK_BENCHMARK/Dataset/01_training_dataset_tif_ROIs/training_set_primary_roi_068.tif,583.278287,896.12844,9,apoptosis,gt
training_set_primary_roi_068:400,TRAIN,,,,training_set_primary_roi_068,/content/drive/MyDrive/Research/PUMA/Exploration_8_Diversity_Aware_Wider_Field_and_Boundary_Optimization/INPUTS/QUICK_BENCHMARK/Dataset/01_training_dataset_tif_ROIs/training_set_primary_roi_068.tif,726.788345,911.103963,1,lymphocyte,gt
training_set_primary_roi_068:427,TRAIN,,,,training_set_primary_roi_068,/content/drive/MyDrive/Research/PUMA/Exploration_8_Diversity_Aware_Wider_Field_and_Boundary_Optimization/INPUTS/QUICK_BENCHMARK/Dataset/01_training_dataset_tif_ROIs/training_set_primary_roi_068.tif,626.857577,960.957087,3,histiocyte,gt
training_set_primary_roi_068:433,TRAIN,,,,training_set_primary_roi_068,/content/drive/MyDrive/Research/PUMA/Exploration_8_Diversity_Aware_Wider_Field_and_Boundary_Optimization/INPUTS/QUICK_BENCHMARK/Dataset/01_training_dataset_tif_ROIs/training_set_primary_roi_068.tif,897.93857,973.44285,3,histiocyte,gt
training_set_primary_roi_068:434,TRAIN,,,,training_set_primary_roi_068,/content/drive/MyDrive/Research/PUMA/Exploration_8_Diversity_Aware_Wider_Field_and_Boundary_Optimization/INPUTS/QUICK_BENCHMARK/Dataset/01_training_dataset_tif_ROIs/training_set_primary_roi_068.tif,494.287149,967.108434,9,apoptosis,gt
training_set_primary_roi_068:440,TRAIN,,,,training_set_primary_roi_068,/content/drive/MyDrive/Research/PUMA/Exploration_8_Diversity_Aware_Wider_Field_and_Boundary_Optimization/INPUTS/QUICK_BENCHMARK/Dataset/01_training_dataset_tif_ROIs/training_set_primary_roi_068.tif,76.812538,985.338156,1,lymphocyte,gt
training_set_primary_roi_068:449,TRAIN,,,,training_set_primary_roi_068,/content/drive/MyDrive/Research/PUMA/Exploration_8_Diversity_Aware_Wider_Field_and_Boundary_Optimization/INPUTS/QUICK_BENCHMARK/Dataset/01_training_dataset_tif_ROIs/training_set_primary_roi_068.tif,790.910843,1003.90241,1,lymphocyte,gt
training_set_primary_roi_068:458,TRAIN,,,,training_set_primary_roi_068,/content/drive/MyDrive/Research/PUMA/Exploration_8_Diversity_Aware_Wider_Field_and_Boundary_Optimization/INPUTS/QUICK_BENCHMARK/Dataset/01_training_dataset_tif_ROIs/training_set_primary_roi_068.tif,282.869136,1017.17284,4,melanophage,gt
training_set_primary_roi_068:461,TRAIN,,,,training_set_primary_roi_068,/content/drive/MyDrive/Research/PUMA/Exploration_8_Diversity_Aware_Wider_Field_and_Boundary_Optimization/INPUTS/QUICK_BENCHMARK/Dataset/01_training_dataset_tif_ROIs/training_set_primary_roi_068.tif,175.448485,1017.650216,1,lymphocyte,gt
training_set_primary_roi_068:466,TRAIN,,,,training_set_primary_roi_068,/content/drive/MyDrive/Research/PUMA/Exploration_8_Diversity_Aware_Wider_Field_and_Boundary_Optimization/INPUTS/QUICK_BENCHMARK/Dataset/01_training_dataset_tif_ROIs/training_set_primary_roi_068.tif,760.706953,314.899135,6,stroma,gt
training_set_primary_roi_068:470,TRAIN,,,,training_set_primary_roi_068,/content/drive/MyDrive/Research/PUMA/Exploration_8_Diversity_Aware_Wider_Field_and_Boundary_Optimization/INPUTS/QUICK_BENCHMARK/Dataset/01_training_dataset_tif_ROIs/training_set_primary_roi_068.tif,982.795332,643.847995,3,histiocyte,gt
training_set_primary_roi_068:494,TRAIN,,,,training_set_primary_roi_068,/content/drive/MyDrive/Research/PUMA/Exploration_8_Diversity_Aware_Wider_Field_and_Boundary_Optimization/INPUTS/QUICK_BENCHMARK/Dataset/01_training_dataset_tif_ROIs/training_set_primary_roi_068.tif,933.0,148.5,9,apoptosis,gt
training_set_primary_roi_068:498,TRAIN,,,,training_set_primary_roi_068,/content/drive/MyDrive/Research/PUMA/Exploration_8_Diversity_Aware_Wider_Field_and_Boundary_Optimization/INPUTS/QUICK_BENCHMARK/Dataset/01_training_dataset_tif_ROIs/training_set_primary_roi_068.tif,652.45858,855.633136,9,apoptosis,gt
training_set_primary_roi_068:499,TRAIN,,,,training_set_primary_roi_068,/content/drive/MyDrive/Research/PUMA/Exploration_8_Diversity_Aware_Wider_Field_and_Boundary_Optimization/INPUTS/QUICK_BENCHMARK/Dataset/01_training_dataset_tif_ROIs/training_set_primary_roi_068.tif,601.648485,363.373737,9,apoptosis,gt
training_set_primary_roi_068:500,TRAIN,,,,training_set_primary_roi_068,/content/drive/MyDrive/Research/PUMA/Exploration_8_Diversity_Aware_Wider_Field_and_Boundary_Optimization/INPUTS/QUICK_BENCHMARK/Dataset/01_training_dataset_tif_ROIs/training_set_primary_roi_068.tif,604.417445,387.64486,9,apoptosis,gt
training_set_primary_roi_074:110,TRAIN,,,,training_set_primary_roi_074,/content/drive/MyDrive/Research/PUMA/Exploration_8_Diversity_Aware_Wider_Field_and_Boundary_Optimization/INPUTS/QUICK_BENCHMARK/Dataset/01_training_dataset_tif_ROIs/training_set_primary_roi_074.tif,154.552093,104.28486,0,tumor,gt
training_set_primary_roi_074:143,TRAIN,,,,training_set_primary_roi_074,/content/drive/MyDrive/Research/PUMA/Exploration_8_Diversity_Aware_Wider_Field_and_Boundary_Optimization/INPUTS/QUICK_BENCHMARK/Dataset/01_training_dataset_tif_ROIs/training_set_primary_roi_074.tif,32.684268,84.921339,0,tumor,gt
training_set_primary_roi_074:146,TRAIN,,,,training_set_primary_roi_074,/content/drive/MyDrive/Research/PUMA/Exploration_8_Diversity_Aware_Wider_Field_and_Boundary_Optimization/INPUTS/QUICK_BENCHMARK/Dataset/01_training_dataset_tif_ROIs/training_set_primary_roi_074.tif,387.441919,946.131313,4,melanophage,gt
training_set_primary_roi_074:202,TRAIN,,,,training_set_primary_roi_074,/content/drive/MyDrive/Research/PUMA/Exploration_8_Diversity_Aware_Wider_Field_and_Boundary_Optimization/INPUTS/QUICK_BENCHMARK/Dataset/01_training_dataset_tif_ROIs/training_set_primary_roi_074.tif,754.089744,429.826496,3,histiocyte,gt
training_set_primary_roi_074:230,TRAIN,,,,training_set_primary_roi_074,/content/drive/MyDrive/Research/PUMA/Exploration_8_Diversity_Aware_Wider_Field_and_Boundary_Optimization/INPUTS/QUICK_BENCHMARK/Dataset/01_training_dataset_tif_ROIs/training_set_primary_roi_074.tif,827.965742,113.53453,3,histiocyte,gt
training_set_primary_roi_074:28,TRAIN,,,,training_set_primary_roi_074,/content/drive/MyDrive/Research/PUMA/Exploration_8_Diversity_Aware_Wider_Field_and_Boundary_Optimization/INPUTS/QUICK_BENCHMARK/Dataset/01_training_dataset_tif_ROIs/training_set_primary_roi_074.tif,35.399651,690.47644,7,epithelium,gt
training_set_primary_roi_074:367,TRAIN,,,,training_set_primary_roi_074,/content/drive/MyDrive/Research/PUMA/Exploration_8_Diversity_Aware_Wider_Field_and_Boundary_Optimization/INPUTS/QUICK_BENCHMARK/Dataset/01_training_dataset_tif_ROIs/training_set_primary_roi_074.tif,691.420992,609.975779,3,histiocyte,gt
training_set_primary_roi_074:40,TRAIN,,,,training_set_primary_roi_074,/content/drive/MyDrive/Research/PUMA/Exploration_8_Diversity_Aware_Wider_Field_and_Boundary_Optimization/INPUTS/QUICK_BENCHMARK/Dataset/01_training_dataset_tif_ROIs/training_set_primary_roi_074.tif,129.568973,471.651794,0,tumor,gt
training_set_primary_roi_074:421,TRAIN,,,,training_set_primary_roi_074,/content/drive/MyDrive/Research/PUMA/Exploration_8_Diversity_Aware_Wider_Field_and_Boundary_Optimization/INPUTS/QUICK_BENCHMARK/Dataset/01_training_dataset_tif_ROIs/training_set_primary_roi_074.tif,353.327586,577.655172,9,apoptosis,gt
training_set_primary_roi_074:427,TRAIN,,,,training_set_primary_roi_074,/content/drive/MyDrive/Research/PUMA/Exploration_8_Diversity_Aware_Wider_Field_and_Boundary_Optimization/INPUTS/QUICK_BENCHMARK/Dataset/01_training_dataset_tif_ROIs/training_set_primary_roi_074.tif,562.87574,21.87574,4,melanophage,gt
training_set_primary_roi_074:431,TRAIN,,,,training_set_primary_roi_074,/content/drive/MyDrive/Research/PUMA/Exploration_8_Diversity_Aware_Wider_Field_and_Boundary_Optimization/INPUTS/QUICK_BENCHMARK/Dataset/01_training_dataset_tif_ROIs/training_set_primary_roi_074.tif,946.0,75.0,9,apoptosis,gt
training_set_primary_roi_074:445,TRAIN,,,,training_set_primary_roi_074,/content/drive/MyDrive/Research/PUMA/Exploration_8_Diversity_Aware_Wider_Field_and_Boundary_Optimization/INPUTS/QUICK_BENCHMARK/Dataset/01_training_dataset_tif_ROIs/training_set_primary_roi_074.tif,635.046784,734.046784,9,apoptosis,gt
training_set_primary_roi_074:450,TRAIN,,,,training_set_primary_roi_074,/content/drive/MyDrive/Research/PUMA/Exploration_8_Diversity_Aware_Wider_Field_and_Boundary_Optimization/INPUTS/QUICK_BENCHMARK/Dataset/01_training_dataset_tif_ROIs/training_set_primary_roi_074.tif,834.183389,649.652174,8,endothelium,gt
training_set_primary_roi_074:48,TRAIN,,,,training_set_primary_roi_074,/content/drive/MyDrive/Research/PUMA/Exploration_8_Diversity_Aware_Wider_Field_and_Boundary_Optimization/INPUTS/QUICK_BENCHMARK/Dataset/01_training_dataset_tif_ROIs/training_set_primary_roi_074.tif,286.544702,336.07455,7,epithelium,gt
training_set_primary_roi_074:7,TRAIN,,,,training_set_primary_roi_074,/content/drive/MyDrive/Research/PUMA/Exploration_8_Diversity_Aware_Wider_Field_and_Boundary_Optimization/INPUTS/QUICK_BENCHMARK/Dataset/01_training_dataset_tif_ROIs/training_set_primary_roi_074.tif,124.233275,439.169014,0,tumor,gt
training_set_primary_roi_074:75,TRAIN,,,,training_set_primary_roi_074,/content/drive/MyDrive/Research/PUMA/Exploration_8_Diversity_Aware_Wider_Field_and_Boundary_Optimization/INPUTS/QUICK_BENCHMARK/Dataset/01_training_dataset_tif_ROIs/training_set_primary_roi_074.tif,920.492237,885.99726,0,tumor,gt
training_set_primary_roi_090:0,TRAIN,,,,training_set_primary_roi_090,/content/drive/MyDrive/Research/PUMA/Exploration_8_Diversity_Aware_Wider_Field_and_Boundary_Optimization/INPUTS/QUICK_BENCHMARK/Dataset/01_training_dataset_tif_ROIs/training_set_primary_roi_090.tif,51.897203,161.191736,7,epithelium,gt
training_set_primary_roi_090:113,TRAIN,,,,training_set_primary_roi_090,/content/drive/MyDrive/Research/PUMA/Exploration_8_Diversity_Aware_Wider_Field_and_Boundary_Optimization/INPUTS/QUICK_BENCHMARK/Dataset/01_training_dataset_tif_ROIs/training_set_primary_roi_090.tif,111.678273,284.259053,7,epithelium,gt
training_set_primary_roi_090:14,TRAIN,,,,training_set_primary_roi_090,/content/drive/MyDrive/Research/PUMA/Exploration_8_Diversity_Aware_Wider_Field_and_Boundary_Optimization/INPUTS/QUICK_BENCHMARK/Dataset/01_training_dataset_tif_ROIs/training_set_primary_roi_090.tif,116.880623,14.845156,7,epithelium,gt
training_set_primary_roi_090:143,TRAIN,,,,training_set_primary_roi_090,/content/drive/MyDrive/Research/PUMA/Exploration_8_Diversity_Aware_Wider_Field_and_Boundary_Optimization/INPUTS/QUICK_BENCHMARK/Dataset/01_training_dataset_tif_ROIs/training_set_primary_roi_090.tif,219.925714,463.606349,4,melanophage,gt
training_set_primary_roi_090:163,TRAIN,,,,training_set_primary_roi_090,/content/drive/MyDrive/Research/PUMA/Exploration_8_Diversity_Aware_Wider_Field_and_Boundary_Optimization/INPUTS/QUICK_BENCHMARK/Dataset/01_training_dataset_tif_ROIs/training_set_primary_roi_090.tif,310.665263,987.198596,6,stroma,gt
training_set_primary_roi_090:236,TRAIN,,,,training_set_primary_roi_090,/content/drive/MyDrive/Research/PUMA/Exploration_8_Diversity_Aware_Wider_Field_and_Boundary_Optimization/INPUTS/QUICK_BENCHMARK/Dataset/01_training_dataset_tif_ROIs/training_set_primary_roi_090.tif,1005.504725,748.700172,6,stroma,gt
training_set_primary_roi_090:288,TRAIN,,,,training_set_primary_roi_090,/content/drive/MyDrive/Research/PUMA/Exploration_8_Diversity_Aware_Wider_Field_and_Boundary_Optimization/INPUTS/QUICK_BENCHMARK/Dataset/01_training_dataset_tif_ROIs/training_set_primary_roi_090.tif,867.870737,807.99615,6,stroma,gt
training_set_primary_roi_090:289,TRAIN,,,,training_set_primary_roi_090,/content/drive/MyDrive/Research/PUMA/Exploration_8_Diversity_Aware_Wider_Field_and_Boundary_Optimization/INPUTS/QUICK_BENCHMARK/Dataset/01_training_dataset_tif_ROIs/training_set_primary_roi_090.tif,317.505479,631.299046,4,melanophage,gt
training_set_primary_roi_090:298,TRAIN,,,,training_set_primary_roi_090,/content/drive/MyDrive/Research/PUMA/Exploration_8_Diversity_Aware_Wider_Field_and_Boundary_Optimization/INPUTS/QUICK_BENCHMARK/Dataset/01_training_dataset_tif_ROIs/training_set_primary_roi_090.tif,77.991174,679.681602,6,stroma,gt
training_set_primary_roi_090:302,TRAIN,,,,training_set_primary_roi_090,/content/drive/MyDrive/Research/PUMA/Exploration_8_Diversity_Aware_Wider_Field_and_Boundary_Optimization/INPUTS/QUICK_BENCHMARK/Dataset/01_training_dataset_tif_ROIs/training_set_primary_roi_090.tif,251.827957,853.493646,4,melanophage,gt
training_set_primary_roi_090:343,TRAIN,,,,training_set_primary_roi_090,/content/drive/MyDrive/Research/PUMA/Exploration_8_Diversity_Aware_Wider_Field_and_Boundary_Optimization/INPUTS/QUICK_BENCHMARK/Dataset/01_training_dataset_tif_ROIs/training_set_primary_roi_090.tif,891.799499,794.952381,6,stroma,gt
training_set_primary_roi_090:362,TRAIN,,,,training_set_primary_roi_090,/content/drive/MyDrive/Research/PUMA/Exploration_8_Diversity_Aware_Wider_Field_and_Boundary_Optimization/INPUTS/QUICK_BENCHMARK/Dataset/01_training_dataset_tif_ROIs/training_set_primary_roi_090.tif,72.402402,514.463964,7,epithelium,gt
training_set_primary_roi_090:383,TRAIN,,,,training_set_primary_roi_090,/content/drive/MyDrive/Research/PUMA/Exploration_8_Diversity_Aware_Wider_Field_and_Boundary_Optimization/INPUTS/QUICK_BENCHMARK/Dataset/01_training_dataset_tif_ROIs/training_set_primary_roi_090.tif,582.758037,859.20643,6,stroma,gt
training_set_primary_roi_090:389,TRAIN,,,,training_set_primary_roi_090,/content/drive/MyDrive/Research/PUMA/Exploration_8_Diversity_Aware_Wider_Field_and_Boundary_Optimization/INPUTS/QUICK_BENCHMARK/Dataset/01_training_dataset_tif_ROIs/training_set_primary_roi_090.tif,699.366038,734.568553,4,melanophage,gt
training_set_primary_roi_090:392,TRAIN,,,,training_set_primary_roi_090,/content/drive/MyDrive/Research/PUMA/Exploration_8_Diversity_Aware_Wider_Field_and_Boundary_Optimization/INPUTS/QUICK_BENCHMARK/Dataset/01_training_dataset_tif_ROIs/training_set_primary_roi_090.tif,80.862022,256.622951,7,epithelium,gt
training_set_primary_roi_090:6,TRAIN,,,,training_set_primary_roi_090,/content/drive/MyDrive/Research/PUMA/Exploration_8_Diversity_Aware_Wider_Field_and_Boundary_Optimization/INPUTS/QUICK_BENCHMARK/Dataset/01_training_dataset_tif_ROIs/training_set_primary_roi_090.tif,42.114013,669.11033,7,epithelium,gt
training_set_primary_roi_090:61,TRAIN,,,,training_set_primary_roi_090,/content/drive/MyDrive/Research/PUMA/Exploration_8_Diversity_Aware_Wider_Field_and_Boundary_Optimization/INPUTS/QUICK_BENCHMARK/Dataset/01_training_dataset_tif_ROIs/training_set_primary_roi_090.tif,50.411131,423.445841,7,epithelium,gt
training_set_primary_roi_090:75,TRAIN,,,,training_set_primary_roi_090,/content/drive/MyDrive/Research/PUMA/Exploration_8_Diversity_Aware_Wider_Field_and_Boundary_Optimization/INPUTS/QUICK_BENCHMARK/Dataset/01_training_dataset_tif_ROIs/training_set_primary_roi_090.tif,44.241639,42.631229,7,epithelium,gt
training_set_primary_roi_090:89,TRAIN,,,,training_set_primary_roi_090,/content/drive/MyDrive/Research/PUMA/Exploration_8_Diversity_Aware_Wider_Field_and_Boundary_Optimization/INPUTS/QUICK_BENCHMARK/Dataset/01_training_dataset_tif_ROIs/training_set_primary_roi_090.tif,92.552038,10.321823,7,epithelium,gt
training_set_primary_roi_095:154,TRAIN,,,,training_set_primary_roi_095,/content/drive/MyDrive/Research/PUMA/Exploration_8_Diversity_Aware_Wider_Field_and_Boundary_Optimization/INPUTS/QUICK_BENCHMARK/Dataset/01_training_dataset_tif_ROIs/training_set_primary_roi_095.tif,17.471839,400.396423,4,melanophage,gt
training_set_primary_roi_095:212,TRAIN,,,,training_set_primary_roi_095,/content/drive/MyDrive/Research/PUMA/Exploration_8_Diversity_Aware_Wider_Field_and_Boundary_Optimization/INPUTS/QUICK_BENCHMARK/Dataset/01_training_dataset_tif_ROIs/training_set_primary_roi_095.tif,87.121703,595.048935,4,melanophage,gt
training_set_primary_roi_095:248,TRAIN,,,,training_set_primary_roi_095,/content/drive/MyDrive/Research/PUMA/Exploration_8_Diversity_Aware_Wider_Field_and_Boundary_Optimization/INPUTS/QUICK_BENCHMARK/Dataset/01_training_dataset_tif_ROIs/training_set_primary_roi_095.tif,376.600329,689.722588,1,lymphocyte,gt
training_set_primary_roi_095:252,TRAIN,,,,training_set_primary_roi_095,/content/drive/MyDrive/Research/PUMA/Exploration_8_Diversity_Aware_Wider_Field_and_Boundary_Optimization/INPUTS/QUICK_BENCHMARK/Dataset/01_training_dataset_tif_ROIs/training_set_primary_roi_095.tif,294.972515,697.400585,1,lymphocyte,gt
training_set_primary_roi_095:271,TRAIN,,,,training_set_primary_roi_095,/content/drive/MyDrive/Research/PUMA/Exploration_8_Diversity_Aware_Wider_Field_and_Boundary_Optimization/INPUTS/QUICK_BENCHMARK/Dataset/01_training_dataset_tif_ROIs/training_set_primary_roi_095.tif,334.816605,749.977076,4,melanophage,gt
training_set_primary_roi_095:275,TRAIN,,,,training_set_primary_roi_095,/content/drive/MyDrive/Research/PUMA/Exploration_8_Diversity_Aware_Wider_Field_and_Boundary_Optimization/INPUTS/QUICK_BENCHMARK/Dataset/01_training_dataset_tif_ROIs/training_set_primary_roi_095.tif,931.391194,755.396727,0,tumor,gt
training_set_primary_roi_095:309,TRAIN,,,,training_set_primary_roi_095,/content/drive/MyDrive/Research/PUMA/Exploration_8_Diversity_Aware_Wider_Field_and_Boundary_Optimization/INPUTS/QUICK_BENCHMARK/Dataset/01_training_dataset_tif_ROIs/training_set_primary_roi_095.tif,747.101761,828.711676,1,lymphocyte,gt
training_set_primary_roi_095:32,TRAIN,,,,training_set_primary_roi_095,/content/drive/MyDrive/Research/PUMA/Exploration_8_Diversity_Aware_Wider_Field_and_Boundary_Optimization/INPUTS/QUICK_BENCHMARK/Dataset/01_training_dataset_tif_ROIs/training_set_primary_roi_095.tif,99.848205,47.429231,1,lymphocyte,gt
training_set_primary_roi_095:332,TRAIN,,,,training_set_primary_roi_095,/content/drive/MyDrive/Research/PUMA/Exploration_8_Diversity_Aware_Wider_Field_and_Boundary_Optimization/INPUTS/QUICK_BENCHMARK/Dataset/01_training_dataset_tif_ROIs/training_set_primary_roi_095.tif,204.585235,874.124542,0,tumor,gt
training_set_primary_roi_095:359,TRAIN,,,,training_set_primary_roi_095,/content/drive/MyDrive/Research/PUMA/Exploration_8_Diversity_Aware_Wider_Field_and_Boundary_Optimization/INPUTS/QUICK_BENCHMARK/Dataset/01_training_dataset_tif_ROIs/training_set_primary_roi_095.tif,420.085217,943.694493,1,lymphocyte,gt
training_set_primary_roi_095:381,TRAIN,,,,training_set_primary_roi_095,/content/drive/MyDrive/Research/PUMA/Exploration_8_Diversity_Aware_Wider_Field_and_Boundary_Optimization/INPUTS/QUICK_BENCHMARK/Dataset/01_training_dataset_tif_ROIs/training_set_primary_roi_095.tif,764.602459,982.066598,5,neutrophil,gt
training_set_primary_roi_095:382,TRAIN,,,,training_set_primary_roi_095,/content/drive/MyDrive/Research/PUMA/Exploration_8_Diversity_Aware_Wider_Field_and_Boundary_Optimization/INPUTS/QUICK_BENCHMARK/Dataset/01_training_dataset_tif_ROIs/training_set_primary_roi_095.tif,786.739004,1006.703017,5,neutrophil,gt
training_set_primary_roi_095:383,TRAIN,,,,training_set_primary_roi_095,/content/drive/MyDrive/Research/PUMA/Exploration_8_Diversity_Aware_Wider_Field_and_Boundary_Optimization/INPUTS/QUICK_BENCHMARK/Dataset/01_training_dataset_tif_ROIs/training_set_primary_roi_095.tif,870.646542,1006.213319,4,melanophage,gt
training_set_primary_roi_095:39,TRAIN,,,,training_set_primary_roi_095,/content/drive/MyDrive/Research/PUMA/Exploration_8_Diversity_Aware_Wider_Field_and_Boundary_Optimization/INPUTS/QUICK_BENCHMARK/Dataset/01_training_dataset_tif_ROIs/training_set_primary_roi_095.tif,110.438889,61.173148,1,lymphocyte,gt
training_set_primary_roi_095:405,TRAIN,,,,training_set_primary_roi_095,/content/drive/MyDrive/Research/PUMA/Exploration_8_Diversity_Aware_Wider_Field_and_Boundary_Optimization/INPUTS/QUICK_BENCHMARK/Dataset/01_training_dataset_tif_ROIs/training_set_primary_roi_095.tif,279.340556,226.416929,0,tumor,gt
training_set_primary_roi_095:50,TRAIN,,,,training_set_primary_roi_095,/content/drive/MyDrive/Research/PUMA/Exploration_8_Diversity_Aware_Wider_Field_and_Boundary_Optimization/INPUTS/QUICK_BENCHMARK/Dataset/01_training_dataset_tif_ROIs/training_set_primary_roi_095.tif,354.726327,87.527641,1,lymphocyte,gt
training_set_primary_roi_095:53,TRAIN,,,,training_set_primary_roi_095,/content/drive/MyDrive/Research/PUMA/Exploration_8_Diversity_Aware_Wider_Field_and_Boundary_Optimization/INPUTS/QUICK_BENCHMARK/Dataset/01_training_dataset_tif_ROIs/training_set_primary_roi_095.tif,267.122642,89.250786,1,lymphocyte,gt
training_set_primary_roi_095:60,TRAIN,,,,training_set_primary_roi_095,/content/drive/MyDrive/Research/PUMA/Exploration_8_Diversity_Aware_Wider_Field_and_Boundary_Optimization/INPUTS/QUICK_BENCHMARK/Dataset/01_training_dataset_tif_ROIs/training_set_primary_roi_095.tif,397.531279,106.77591,1,lymphocyte,gt
training_set_primary_roi_100:101,TRAIN,,,,training_set_primary_roi_100,/content/drive/MyDrive/Research/PUMA/Exploration_8_Diversity_Aware_Wider_Field_and_Boundary_Optimization/INPUTS/QUICK_BENCHMARK/Dataset/01_training_dataset_tif_ROIs/training_set_primary_roi_100.tif,261.01848,278.324778,0,tumor,gt
training_set_primary_roi_100:109,TRAIN,,,,training_set_primary_roi_100,/content/drive/MyDrive/Research/PUMA/Exploration_8_Diversity_Aware_Wider_Field_and_Boundary_Optimization/INPUTS/QUICK_BENCHMARK/Dataset/01_training_dataset_tif_ROIs/training_set_primary_roi_100.tif,966.205549,296.526272,7,epithelium,gt
training_set_primary_roi_100:112,TRAIN,,,,training_set_primary_roi_100,/content/drive/MyDrive/Research/PUMA/Exploration_8_Diversity_Aware_Wider_Field_and_Boundary_Optimization/INPUTS/QUICK_BENCHMARK/Dataset/01_training_dataset_tif_ROIs/training_set_primary_roi_100.tif,1015.723322,314.282499,7,epithelium,gt
training_set_primary_roi_100:114,TRAIN,,,,training_set_primary_roi_100,/content/drive/MyDrive/Research/PUMA/Exploration_8_Diversity_Aware_Wider_Field_and_Boundary_Optimization/INPUTS/QUICK_BENCHMARK/Dataset/01_training_dataset_tif_ROIs/training_set_primary_roi_100.tif,592.17149,312.643087,6,stroma,gt
training_set_primary_roi_100:115,TRAIN,,,,training_set_primary_roi_100,/content/drive/MyDrive/Research/PUMA/Exploration_8_Diversity_Aware_Wider_Field_and_Boundary_Optimization/INPUTS/QUICK_BENCHMARK/Dataset/01_training_dataset_tif_ROIs/training_set_primary_roi_100.tif,461.709413,322.390632,6,stroma,gt
training_set_primary_roi_100:119,TRAIN,,,,training_set_primary_roi_100,/content/drive/MyDrive/Research/PUMA/Exploration_8_Diversity_Aware_Wider_Field_and_Boundary_Optimization/INPUTS/QUICK_BENCHMARK/Dataset/01_training_dataset_tif_ROIs/training_set_primary_roi_100.tif,614.139762,330.163236,6,stroma,gt
training_set_primary_roi_100:130,TRAIN,,,,training_set_primary_roi_100,/content/drive/MyDrive/Research/PUMA/Exploration_8_Diversity_Aware_Wider_Field_and_Boundary_Optimization/INPUTS/QUICK_BENCHMARK/Dataset/01_training_dataset_tif_ROIs/training_set_primary_roi_100.tif,796.697242,360.595624,6,stroma,gt
training_set_primary_roi_100:140,TRAIN,,,,training_set_primary_roi_100,/content/drive/MyDrive/Research/PUMA/Exploration_8_Diversity_Aware_Wider_Field_and_Boundary_Optimization/INPUTS/QUICK_BENCHMARK/Dataset/01_training_dataset_tif_ROIs/training_set_primary_roi_100.tif,871.908631,390.236909,2,plasma_cell,gt
training_set_primary_roi_100:147,TRAIN,,,,training_set_primary_roi_100,/content/drive/MyDrive/Research/PUMA/Exploration_8_Diversity_Aware_Wider_Field_and_Boundary_Optimization/INPUTS/QUICK_BENCHMARK/Dataset/01_training_dataset_tif_ROIs/training_set_primary_roi_100.tif,335.719472,422.189769,1,lymphocyte,gt
training_set_primary_roi_100:192,TRAIN,,,,training_set_primary_roi_100,/content/drive/MyDrive/Research/PUMA/Exploration_8_Diversity_Aware_Wider_Field_and_Boundary_Optimization/INPUTS/QUICK_BENCHMARK/Dataset/01_training_dataset_tif_ROIs/training_set_primary_roi_100.tif,512.060982,529.536951,3,histiocyte,gt
training_set_primary_roi_100:229,TRAIN,,,,training_set_primary_roi_100,/content/drive/MyDrive/Research/PUMA/Exploration_8_Diversity_Aware_Wider_Field_and_Boundary_Optimization/INPUTS/QUICK_BENCHMARK/Dataset/01_training_dataset_tif_ROIs/training_set_primary_roi_100.tif,419.938804,606.807671,6,stroma,gt
training_set_primary_roi_100:234,TRAIN,,,,training_set_primary_roi_100,/content/drive/MyDrive/Research/PUMA/Exploration_8_Diversity_Aware_Wider_Field_and_Boundary_Optimization/INPUTS/QUICK_BENCHMARK/Dataset/01_training_dataset_tif_ROIs/training_set_primary_roi_100.tif,551.977749,617.219023,1,lymphocyte,gt
training_set_primary_roi_100:254,TRAIN,,,,training_set_primary_roi_100,/content/drive/MyDrive/Research/PUMA/Exploration_8_Diversity_Aware_Wider_Field_and_Boundary_Optimization/INPUTS/QUICK_BENCHMARK/Dataset/01_training_dataset_tif_ROIs/training_set_primary_roi_100.tif,1016.217514,654.282486,6,stroma,gt
training_set_primary_roi_100:282,TRAIN,,,,training_set_primary_roi_100,/content/drive/MyDrive/Research/PUMA/Exploration_8_Diversity_Aware_Wider_Field_and_Boundary_Optimization/INPUTS/QUICK_BENCHMARK/Dataset/01_training_dataset_tif_ROIs/training_set_primary_roi_100.tif,847.78856,732.36602,3,histiocyte,gt
training_set_primary_roi_100:298,TRAIN,,,,training_set_primary_roi_100,/content/drive/MyDrive/Research/PUMA/Exploration_8_Diversity_Aware_Wider_Field_and_Boundary_Optimization/INPUTS/QUICK_BENCHMARK/Dataset/01_training_dataset_tif_ROIs/training_set_primary_roi_100.tif,850.079487,774.311538,6,stroma,gt
training_set_primary_roi_100:3,TRAIN,,,,training_set_primary_roi_100,/content/drive/MyDrive/Research/PUMA/Exploration_8_Diversity_Aware_Wider_Field_and_Boundary_Optimization/INPUTS/QUICK_BENCHMARK/Dataset/01_training_dataset_tif_ROIs/training_set_primary_roi_100.tif,487.489279,5.949318,3,histiocyte,gt
training_set_primary_roi_100:321,TRAIN,,,,training_set_primary_roi_100,/content/drive/MyDrive/Research/PUMA/Exploration_8_Diversity_Aware_Wider_Field_and_Boundary_Optimization/INPUTS/QUICK_BENCHMARK/Dataset/01_training_dataset_tif_ROIs/training_set_primary_roi_100.tif,5.195402,839.822222,1,lymphocyte,gt
training_set_primary_roi_100:364,TRAIN,,,,training_set_primary_roi_100,/content/drive/MyDrive/Research/PUMA/Exploration_8_Diversity_Aware_Wider_Field_and_Boundary_Optimization/INPUTS/QUICK_BENCHMARK/Dataset/01_training_dataset_tif_ROIs/training_set_primary_roi_100.tif,153.289185,939.095825,0,tumor,gt
training_set_primary_roi_100:404,TRAIN,,,,training_set_primary_roi_100,/content/drive/MyDrive/Research/PUMA/Exploration_8_Diversity_Aware_Wider_Field_and_Boundary_Optimization/INPUTS/QUICK_BENCHMARK/Dataset/01_training_dataset_tif_ROIs/training_set_primary_roi_100.tif,356.736842,1022.526316,0,tumor,gt
training_set_primary_roi_100:432,TRAIN,,,,training_set_primary_roi_100,/content/drive/MyDrive/Research/PUMA/Exploration_8_Diversity_Aware_Wider_Field_and_Boundary_Optimization/INPUTS/QUICK_BENCHMARK/Dataset/01_training_dataset_tif_ROIs/training_set_primary_roi_100.tif,573.749618,235.75841,4,melanophage,gt
training_set_primary_roi_100:44,TRAIN,,,,training_set_primary_roi_100,/content/drive/MyDrive/Research/PUMA/Exploration_8_Diversity_Aware_Wider_Field_and_Boundary_Optimization/INPUTS/QUICK_BENCHMARK/Dataset/01_training_dataset_tif_ROIs/training_set_primary_roi_100.tif,461.497841,137.155419,6,stroma,gt
training_set_primary_roi_100:57,TRAIN,,,,training_set_primary_roi_100,/content/drive/MyDrive/Research/PUMA/Exploration_8_Diversity_Aware_Wider_Field_and_Boundary_Optimization/INPUTS/QUICK_BENCHMARK/Dataset/01_training_dataset_tif_ROIs/training_set_primary_roi_100.tif,351.678991,148.676056,6,stroma,gt
training_set_primary_roi_100:63,TRAIN,,,,training_set_primary_roi_100,/content/drive/MyDrive/Research/PUMA/Exploration_8_Diversity_Aware_Wider_Field_and_Boundary_Optimization/INPUTS/QUICK_BENCHMARK/Dataset/01_training_dataset_tif_ROIs/training_set_primary_roi_100.tif,982.743488,172.287504,7,epithelium,gt
training_set_primary_roi_100:66,TRAIN,,,,training_set_primary_roi_100,/content/drive/MyDrive/Research/PUMA/Exploration_8_Diversity_Aware_Wider_Field_and_Boundary_Optimization/INPUTS/QUICK_BENCHMARK/Dataset/01_training_dataset_tif_ROIs/training_set_primary_roi_100.tif,835.071029,184.418509,3,histiocyte,gt
training_set_primary_roi_100:79,TRAIN,,,,training_set_primary_roi_100,/content/drive/MyDrive/Research/PUMA/Exploration_8_Diversity_Aware_Wider_Field_and_Boundary_Optimization/INPUTS/QUICK_BENCHMARK/Dataset/01_training_dataset_tif_ROIs/training_set_primary_roi_100.tif,684.300216,216.544036,3,histiocyte,gt
training_set_primary_roi_100:94,TRAIN,,,,training_set_primary_roi_100,/content/drive/MyDrive/Research/PUMA/Exploration_8_Diversity_Aware_Wider_Field_and_Boundary_Optimization/INPUTS/QUICK_BENCHMARK/Dataset/01_training_dataset_tif_ROIs/training_set_primary_roi_100.tif,393.101873,253.241948,0,tumor,gt
training_set_primary_roi_100:97,TRAIN,,,,training_set_primary_roi_100,/content/drive/MyDrive/Research/PUMA/Exploration_8_Diversity_Aware_Wider_Field_and_Boundary_Optimization/INPUTS/QUICK_BENCHMARK/Dataset/01_training_dataset_tif_ROIs/training_set_primary_roi_100.tif,910.477721,262.909757,7,epithelium,gt
training_set_primary_roi_101:100,TRAIN,,,,training_set_primary_roi_101,/content/drive/MyDrive/Research/PUMA/Exploration_8_Diversity_Aware_Wider_Field_and_Boundary_Optimization/INPUTS/QUICK_BENCHMARK/Dataset/01_training_dataset_tif_ROIs/training_set_primary_roi_101.tif,615.097765,208.030726,7,epithelium,gt
training_set_primary_roi_101:107,TRAIN,,,,training_set_primary_roi_101,/content/drive/MyDrive/Research/PUMA/Exploration_8_Diversity_Aware_Wider_Field_and_Boundary_Optimization/INPUTS/QUICK_BENCHMARK/Dataset/01_training_dataset_tif_ROIs/training_set_primary_roi_101.tif,924.266854,216.796348,7,epithelium,gt
training_set_primary_roi_101:119,TRAIN,,,,training_set_primary_roi_101,/content/drive/MyDrive/Research/PUMA/Exploration_8_Diversity_Aware_Wider_Field_and_Boundary_Optimization/INPUTS/QUICK_BENCHMARK/Dataset/01_training_dataset_tif_ROIs/training_set_primary_roi_101.tif,936.989115,268.060232,7,epithelium,gt
training_set_primary_roi_101:128,TRAIN,,,,training_set_primary_roi_101,/content/drive/MyDrive/Research/PUMA/Exploration_8_Diversity_Aware_Wider_Field_and_Boundary_Optimization/INPUTS/QUICK_BENCHMARK/Dataset/01_training_dataset_tif_ROIs/training_set_primary_roi_101.tif,191.833988,330.733792,7,epithelium,gt
training_set_primary_roi_101:147,TRAIN,,,,training_set_primary_roi_101,/content/drive/MyDrive/Research/PUMA/Exploration_8_Diversity_Aware_Wider_Field_and_Boundary_Optimization/INPUTS/QUICK_BENCHMARK/Dataset/01_training_dataset_tif_ROIs/training_set_primary_roi_101.tif,7.185144,448.994457,7,epithelium,gt
training_set_primary_roi_101:154,TRAIN,,,,training_set_primary_roi_101,/content/drive/MyDrive/Research/PUMA/Exploration_8_Diversity_Aware_Wider_Field_and_Boundary_Optimization/INPUTS/QUICK_BENCHMARK/Dataset/01_training_dataset_tif_ROIs/training_set_primary_roi_101.tif,395.939815,489.984259,0,tumor,gt
training_set_primary_roi_101:160,TRAIN,,,,training_set_primary_roi_101,/content/drive/MyDrive/Research/PUMA/Exploration_8_Diversity_Aware_Wider_Field_and_Boundary_Optimization/INPUTS/QUICK_BENCHMARK/Dataset/01_training_dataset_tif_ROIs/training_set_primary_roi_101.tif,470.441935,522.621505,0,tumor,gt
training_set_primary_roi_101:166,TRAIN,,,,training_set_primary_roi_101,/content/drive/MyDrive/Research/PUMA/Exploration_8_Diversity_Aware_Wider_Field_and_Boundary_Optimization/INPUTS/QUICK_BENCHMARK/Dataset/01_training_dataset_tif_ROIs/training_set_primary_roi_101.tif,768.57012,578.499203,0,tumor,gt
training_set_primary_roi_101:173,TRAIN,,,,training_set_primary_roi_101,/content/drive/MyDrive/Research/PUMA/Exploration_8_Diversity_Aware_Wider_Field_and_Boundary_Optimization/INPUTS/QUICK_BENCHMARK/Dataset/01_training_dataset_tif_ROIs/training_set_primary_roi_101.tif,428.573383,679.054726,0,tumor,gt
training_set_primary_roi_101:178,TRAIN,,,,training_set_primary_roi_101,/content/drive/MyDrive/Research/PUMA/Exploration_8_Diversity_Aware_Wider_Field_and_Boundary_Optimization/INPUTS/QUICK_BENCHMARK/Dataset/01_training_dataset_tif_ROIs/training_set_primary_roi_101.tif,285.032721,923.942021,4,melanophage,gt
training_set_primary_roi_101:214,TRAIN,,,,training_set_primary_roi_101,/content/drive/MyDrive/Research/PUMA/Exploration_8_Diversity_Aware_Wider_Field_and_Boundary_Optimization/INPUTS/QUICK_BENCHMARK/Dataset/01_training_dataset_tif_ROIs/training_set_primary_roi_101.tif,853.593426,983.451557,8,endothelium,gt
training_set_primary_roi_101:220,TRAIN,,,,training_set_primary_roi_101,/content/drive/MyDrive/Research/PUMA/Exploration_8_Diversity_Aware_Wider_Field_and_Boundary_Optimization/INPUTS/QUICK_BENCHMARK/Dataset/01_training_dataset_tif_ROIs/training_set_primary_roi_101.tif,27.648855,704.167939,9,apoptosis,gt
training_set_primary_roi_101:222,TRAIN,,,,training_set_primary_roi_101,/content/drive/MyDrive/Research/PUMA/Exploration_8_Diversity_Aware_Wider_Field_and_Boundary_Optimization/INPUTS/QUICK_BENCHMARK/Dataset/01_training_dataset_tif_ROIs/training_set_primary_roi_101.tif,435.551948,814.941558,4,melanophage,gt
training_set_primary_roi_101:223,TRAIN,,,,training_set_primary_roi_101,/content/drive/MyDrive/Research/PUMA/Exploration_8_Diversity_Aware_Wider_Field_and_Boundary_Optimization/INPUTS/QUICK_BENCHMARK/Dataset/01_training_dataset_tif_ROIs/training_set_primary_roi_101.tif,408.418079,830.276836,4,melanophage,gt
training_set_primary_roi_101:224,TRAIN,,,,training_set_primary_roi_101,/content/drive/MyDrive/Research/PUMA/Exploration_8_Diversity_Aware_Wider_Field_and_Boundary_Optimization/INPUTS/QUICK_BENCHMARK/Dataset/01_training_dataset_tif_ROIs/training_set_primary_roi_101.tif,932.24,920.845714,4,melanophage,gt
training_set_primary_roi_101:225,TRAIN,,,,training_set_primary_roi_101,/content/drive/MyDrive/Research/PUMA/Exploration_8_Diversity_Aware_Wider_Field_and_Boundary_Optimization/INPUTS/QUICK_BENCHMARK/Dataset/01_training_dataset_tif_ROIs/training_set_primary_roi_101.tif,960.628266,918.557007,4,melanophage,gt
training_set_primary_roi_101:23,TRAIN,,,,training_set_primary_roi_101,/content/drive/MyDrive/Research/PUMA/Exploration_8_Diversity_Aware_Wider_Field_and_Boundary_Optimization/INPUTS/QUICK_BENCHMARK/Dataset/01_training_dataset_tif_ROIs/training_set_primary_roi_101.tif,562.282946,684.585271,0,tumor,gt
training_set_primary_roi_101:361,TRAIN,,,,training_set_primary_roi_101,/content/drive/MyDrive/Research/PUMA/Exploration_8_Diversity_Aware_Wider_Field_and_Boundary_Optimization/INPUTS/QUICK_BENCHMARK/Dataset/01_training_dataset_tif_ROIs/training_set_primary_roi_101.tif,66.996284,643.188273,9,apoptosis,gt
training_set_primary_roi_101:37,TRAIN,,,,training_set_primary_roi_101,/content/drive/MyDrive/Research/PUMA/Exploration_8_Diversity_Aware_Wider_Field_and_Boundary_Optimization/INPUTS/QUICK_BENCHMARK/Dataset/01_training_dataset_tif_ROIs/training_set_primary_roi_101.tif,783.996063,113.733596,7,epithelium,gt
training_set_primary_roi_101:69,TRAIN,,,,training_set_primary_roi_101,/content/drive/MyDrive/Research/PUMA/Exploration_8_Diversity_Aware_Wider_Field_and_Boundary_Optimization/INPUTS/QUICK_BENCHMARK/Dataset/01_training_dataset_tif_ROIs/training_set_primary_roi_101.tif,682.73,18.524,7,epithelium,gt
training_set_primary_roi_101:75,TRAIN,,,,training_set_primary_roi_101,/content/drive/MyDrive/Research/PUMA/Exploration_8_Diversity_Aware_Wider_Field_and_Boundary_Optimization/INPUTS/QUICK_BENCHMARK/Dataset/01_training_dataset_tif_ROIs/training_set_primary_roi_101.tif,635.455801,82.90884,7,epithelium,gt
training_set_primary_roi_101:98,TRAIN,,,,training_set_primary_roi_101,/content/drive/MyDrive/Research/PUMA/Exploration_8_Diversity_Aware_Wider_Field_and_Boundary_Optimization/INPUTS/QUICK_BENCHMARK/Dataset/01_training_dataset_tif_ROIs/training_set_primary_roi_101.tif,1016.866564,187.128834,7,epithelium,gt
