uid,role,patient_id,case_id,slide_id,roi,image,x,y,label,class_name,coordinate_source
training_set_metastatic_roi_025:127,TRAIN,,,,training_set_metastatic_roi_025,/content/drive/MyDrive/Research/PUMA/Exploration_8_Diversity_Aware_Wider_Field_and_Boundary_Optimization/INPUTS/QUICK_BENCHMARK/Dataset/01_training_dataset_tif_ROIs/training_set_metastatic_roi_025.tif,191.295125,204.864295,1,lymphocyte,gt
training_set_metastatic_roi_025:128,TRAIN,,,,training_set_metastatic_roi_025,/content/drive/MyDrive/Research/PUMA/Exploration_8_Diversity_Aware_Wider_Field_and_Boundary_Optimization/INPUTS/QUICK_BENCHMARK/Dataset/01_training_dataset_tif_ROIs/training_set_metastatic_roi_025.tif,804.953704,207.89892,6,stroma,gt
training_set_metastatic_roi_025:152,TRAIN,,,,training_set_metastatic_roi_025,/content/drive/MyDrive/Research/PUMA/Exploration_8_Diversity_Aware_Wider_Field_and_Boundary_Optimization/INPUTS/QUICK_BENCHMARK/Dataset/01_training_dataset_tif_ROIs/training_set_metastatic_roi_025.tif,72.140621,242.929974,2,plasma_cell,gt
training_set_metastatic_roi_025:207,TRAIN,,,,training_set_metastatic_roi_025,/content/drive/MyDrive/Research/PUMA/Exploration_8_Diversity_Aware_Wider_Field_and_Boundary_Optimization/INPUTS/QUICK_BENCHMARK/Dataset/01_training_dataset_tif_ROIs/training_set_metastatic_roi_025.tif,336.175439,348.923246,6,stroma,gt
training_set_metastatic_roi_025:21,TRAIN,,,,training_set_metastatic_roi_025,/content/drive/MyDrive/Research/PUMA/Exploration_8_Diversity_Aware_Wider_Field_and_Boundary_Optimization/INPUTS/QUICK_BENCHMARK/Dataset/01_training_dataset_tif_ROIs/training_set_metastatic_roi_025.tif,91.403875,28.466468,2,plasma_cell,gt
training_set_metastatic_roi_025:224,TRAIN,,,,training_set_metastatic_roi_025,/content/drive/MyDrive/Research/PUMA/Exploration_8_Diversity_Aware_Wider_Field_and_Boundary_Optimization/INPUTS/QUICK_BENCHMARK/Dataset/01_training_dataset_tif_ROIs/training_set_metastatic_roi_025.tif,477.23458,377.542346,0,tumor,gt
training_set_metastatic_roi_025:236,TRAIN,,,,training_set_metastatic_roi_025,/content/drive/MyDrive/Research/PUMA/Exploration_8_Diversity_Aware_Wider_Field_and_Boundary_Optimization/INPUTS/QUICK_BENCHMARK/Dataset/01_training_dataset_tif_ROIs/training_set_metastatic_roi_025.tif,519.196211,411.234551,0,tumor,gt
training_set_metastatic_roi_025:24,TRAIN,,,,training_set_metastatic_roi_025,/content/drive/MyDrive/Research/PUMA/Exploration_8_Diversity_Aware_Wider_Field_and_Boundary_Optimization/INPUTS/QUICK_BENCHMARK/Dataset/01_training_dataset_tif_ROIs/training_set_metastatic_roi_025.tif,44.470588,47.990196,2,plasma_cell,gt
training_set_metastatic_roi_025:240,TRAIN,,,,training_set_metastatic_roi_025,/content/drive/MyDrive/Research/PUMA/Exploration_8_Diversity_Aware_Wider_Field_and_Boundary_Optimization/INPUTS/QUICK_BENCHMARK/Dataset/01_training_dataset_tif_ROIs/training_set_metastatic_roi_025.tif,873.804455,409.967822,6,stroma,gt
training_set_metastatic_roi_025:243,TRAIN,,,,training_set_metastatic_roi_025,/content/drive/MyDrive/Research/PUMA/Exploration_8_Diversity_Aware_Wider_Field_and_Boundary_Optimization/INPUTS/QUICK_BENCHMARK/Dataset/01_training_dataset_tif_ROIs/training_set_metastatic_roi_025.tif,922.421225,419.012035,6,stroma,gt
training_set_metastatic_roi_025:262,TRAIN,,,,training_set_metastatic_roi_025,/content/drive/MyDrive/Research/PUMA/Exploration_8_Diversity_Aware_Wider_Field_and_Boundary_Optimization/INPUTS/QUICK_BENCHMARK/Dataset/01_training_dataset_tif_ROIs/training_set_metastatic_roi_025.tif,112.519048,453.887415,2,plasma_cell,gt
training_set_metastatic_roi_025:303,TRAIN,,,,training_set_metastatic_roi_025,/content/drive/MyDrive/Research/PUMA/Exploration_8_Diversity_Aware_Wider_Field_and_Boundary_Optimization/INPUTS/QUICK_BENCHMARK/Dataset/01_training_dataset_tif_ROIs/training_set_metastatic_roi_025.tif,603.282171,518.856977,1,lymphocyte,gt
training_set_metastatic_roi_025:310,TRAIN,,,,training_set_metastatic_roi_025,/content/drive/MyDrive/Research/PUMA/Exploration_8_Diversity_Aware_Wider_Field_and_Boundary_Optimization/INPUTS/QUICK_BENCHMARK/Dataset/01_training_dataset_tif_ROIs/training_set_metastatic_roi_025.tif,317.478732,548.493865,0,tumor,gt
training_set_metastatic_roi_025:327,TRAIN,,,,training_set_metastatic_roi_025,/content/drive/MyDrive/Research/PUMA/Exploration_8_Diversity_Aware_Wider_Field_and_Boundary_Optimization/INPUTS/QUICK_BENCHMARK/Dataset/01_training_dataset_tif_ROIs/training_set_metastatic_roi_025.tif,671.474039,586.365408,0,tumor,gt
training_set_metastatic_roi_025:331,TRAIN,,,,training_set_metastatic_roi_025,/content/drive/MyDrive/Research/PUMA/Exploration_8_Diversity_Aware_Wider_Field_and_Boundary_Optimization/INPUTS/QUICK_BENCHMARK/Dataset/01_training_dataset_tif_ROIs/training_set_metastatic_roi_025.tif,220.801778,585.279111,2,plasma_cell,gt
training_set_metastatic_roi_025:371,TRAIN,,,,training_set_metastatic_roi_025,/content/drive/MyDrive/Research/PUMA/Exploration_8_Diversity_Aware_Wider_Field_and_Boundary_Optimization/INPUTS/QUICK_BENCHMARK/Dataset/01_training_dataset_tif_ROIs/training_set_metastatic_roi_025.tif,727.212817,649.954567,0,tumor,gt
training_set_metastatic_roi_025:383,TRAIN,,,,training_set_metastatic_roi_025,/content/drive/MyDrive/Research/PUMA/Exploration_8_Diversity_Aware_Wider_Field_and_Boundary_Optimization/INPUTS/QUICK_BENCHMARK/Dataset/01_training_dataset_tif_ROIs/training_set_metastatic_roi_025.tif,462.786482,675.931534,0,tumor,gt
training_set_metastatic_roi_025:426,TRAIN,,,,training_set_metastatic_roi_025,/content/drive/MyDrive/Research/PUMA/Exploration_8_Diversity_Aware_Wider_Field_and_Boundary_Optimization/INPUTS/QUICK_BENCHMARK/Dataset/01_training_dataset_tif_ROIs/training_set_metastatic_roi_025.tif,158.119565,764.266563,6,stroma,gt
training_set_metastatic_roi_025:457,TRAIN,,,,training_set_metastatic_roi_025,/content/drive/MyDrive/Research/PUMA/Exploration_8_Diversity_Aware_Wider_Field_and_Boundary_Optimization/INPUTS/QUICK_BENCHMARK/Dataset/01_training_dataset_tif_ROIs/training_set_metastatic_roi_025.tif,368.350355,811.310638,6,stroma,gt
training_set_metastatic_roi_025:463,TRAIN,,,,training_set_metastatic_roi_025,/content/drive/MyDrive/Research/PUMA/Exploration_8_Diversity_Aware_Wider_Field_and_Boundary_Optimization/INPUTS/QUICK_BENCHMARK/Dataset/01_training_dataset_tif_ROIs/training_set_metastatic_roi_025.tif,248.93189,822.112266,2,plasma_cell,gt
training_set_metastatic_roi_025:469,TRAIN,,,,training_set_metastatic_roi_025,/content/drive/MyDrive/Research/PUMA/Exploration_8_Diversity_Aware_Wider_Field_and_Boundary_Optimization/INPUTS/QUICK_BENCHMARK/Dataset/01_training_dataset_tif_ROIs/training_set_metastatic_roi_025.tif,89.07414,832.906981,2,plasma_cell,gt
training_set_metastatic_roi_025:478,TRAIN,,,,training_set_metastatic_roi_025,/content/drive/MyDrive/Research/PUMA/Exploration_8_Diversity_Aware_Wider_Field_and_Boundary_Optimization/INPUTS/QUICK_BENCHMARK/Dataset/01_training_dataset_tif_ROIs/training_set_metastatic_roi_025.tif,267.281421,848.381603,2,plasma_cell,gt
training_set_metastatic_roi_025:486,TRAIN,,,,training_set_metastatic_roi_025,/content/drive/MyDrive/Research/PUMA/Exploration_8_Diversity_Aware_Wider_Field_and_Boundary_Optimization/INPUTS/QUICK_BENCHMARK/Dataset/01_training_dataset_tif_ROIs/training_set_metastatic_roi_025.tif,636.930587,861.070938,1,lymphocyte,gt
training_set_metastatic_roi_025:489,TRAIN,,,,training_set_metastatic_roi_025,/content/drive/MyDrive/Research/PUMA/Exploration_8_Diversity_Aware_Wider_Field_and_Boundary_Optimization/INPUTS/QUICK_BENCHMARK/Dataset/01_training_dataset_tif_ROIs/training_set_metastatic_roi_025.tif,23.550285,868.318841,2,plasma_cell,gt
training_set_metastatic_roi_025:509,TRAIN,,,,training_set_metastatic_roi_025,/content/drive/MyDrive/Research/PUMA/Exploration_8_Diversity_Aware_Wider_Field_and_Boundary_Optimization/INPUTS/QUICK_BENCHMARK/Dataset/01_training_dataset_tif_ROIs/training_set_metastatic_roi_025.tif,959.154581,923.33249,2,plasma_cell,gt
training_set_metastatic_roi_025:520,TRAIN,,,,training_set_metastatic_roi_025,/content/drive/MyDrive/Research/PUMA/Exploration_8_Diversity_Aware_Wider_Field_and_Boundary_Optimization/INPUTS/QUICK_BENCHMARK/Dataset/01_training_dataset_tif_ROIs/training_set_metastatic_roi_025.tif,529.298758,940.841191,0,tumor,gt
training_set_metastatic_roi_025:570,TRAIN,,,,training_set_metastatic_roi_025,/content/drive/MyDrive/Research/PUMA/Exploration_8_Diversity_Aware_Wider_Field_and_Boundary_Optimization/INPUTS/QUICK_BENCHMARK/Dataset/01_training_dataset_tif_ROIs/training_set_metastatic_roi_025.tif,22.822111,62.705528,2,plasma_cell,gt
training_set_metastatic_roi_025:583,TRAIN,,,,training_set_metastatic_roi_025,/content/drive/MyDrive/Research/PUMA/Exploration_8_Diversity_Aware_Wider_Field_and_Boundary_Optimization/INPUTS/QUICK_BENCHMARK/Dataset/01_training_dataset_tif_ROIs/training_set_metastatic_roi_025.tif,44.676399,174.188767,2,plasma_cell,gt
training_set_metastatic_roi_025:599,TRAIN,,,,training_set_metastatic_roi_025,/content/drive/MyDrive/Research/PUMA/Exploration_8_Diversity_Aware_Wider_Field_and_Boundary_Optimization/INPUTS/QUICK_BENCHMARK/Dataset/01_training_dataset_tif_ROIs/training_set_metastatic_roi_025.tif,81.116554,349.634415,2,plasma_cell,gt
training_set_metastatic_roi_025:605,TRAIN,,,,training_set_metastatic_roi_025,/content/drive/MyDrive/Research/PUMA/Exploration_8_Diversity_Aware_Wider_Field_and_Boundary_Optimization/INPUTS/QUICK_BENCHMARK/Dataset/01_training_dataset_tif_ROIs/training_set_metastatic_roi_025.tif,8.25641,727.657436,2,plasma_cell,gt
training_set_metastatic_roi_025:61,TRAIN,,,,training_set_metastatic_roi_025,/content/drive/MyDrive/Research/PUMA/Exploration_8_Diversity_Aware_Wider_Field_and_Boundary_Optimization/INPUTS/QUICK_BENCHMARK/Dataset/01_training_dataset_tif_ROIs/training_set_metastatic_roi_025.tif,50.788898,115.320042,2,plasma_cell,gt
training_set_metastatic_roi_025:615,TRAIN,,,,training_set_metastatic_roi_025,/content/drive/MyDrive/Research/PUMA/Exploration_8_Diversity_Aware_Wider_Field_and_Boundary_Optimization/INPUTS/QUICK_BENCHMARK/Dataset/01_training_dataset_tif_ROIs/training_set_metastatic_roi_025.tif,902.198702,889.309368,2,plasma_cell,gt
training_set_metastatic_roi_025:625,TRAIN,,,,training_set_metastatic_roi_025,/content/drive/MyDrive/Research/PUMA/Exploration_8_Diversity_Aware_Wider_Field_and_Boundary_Optimization/INPUTS/QUICK_BENCHMARK/Dataset/01_training_dataset_tif_ROIs/training_set_metastatic_roi_025.tif,336.541494,9.749852,0,tumor,gt
training_set_metastatic_roi_025:63,TRAIN,,,,training_set_metastatic_roi_025,/content/drive/MyDrive/Research/PUMA/Exploration_8_Diversity_Aware_Wider_Field_and_Boundary_Optimization/INPUTS/QUICK_BENCHMARK/Dataset/01_training_dataset_tif_ROIs/training_set_metastatic_roi_025.tif,258.092992,104.878257,1,lymphocyte,gt
training_set_metastatic_roi_025:7,TRAIN,,,,training_set_metastatic_roi_025,/content/drive/MyDrive/Research/PUMA/Exploration_8_Diversity_Aware_Wider_Field_and_Boundary_Optimization/INPUTS/QUICK_BENCHMARK/Dataset/01_training_dataset_tif_ROIs/training_set_metastatic_roi_025.tif,751.1,2.533333,1,lymphocyte,gt
training_set_metastatic_roi_025:92,TRAIN,,,,training_set_metastatic_roi_025,/content/drive/MyDrive/Research/PUMA/Exploration_8_Diversity_Aware_Wider_Field_and_Boundary_Optimization/INPUTS/QUICK_BENCHMARK/Dataset/01_training_dataset_tif_ROIs/training_set_metastatic_roi_025.tif,682.44883,158.41155,6,stroma,gt
training_set_metastatic_roi_028:250,TRAIN,,,,training_set_metastatic_roi_028,/content/drive/MyDrive/Research/PUMA/Exploration_8_Diversity_Aware_Wider_Field_and_Boundary_Optimization/INPUTS/QUICK_BENCHMARK/Dataset/01_training_dataset_tif_ROIs/training_set_metastatic_roi_028.tif,10.77266,348.862308,0,tumor,gt
training_set_metastatic_roi_028:309,TRAIN,,,,training_set_metastatic_roi_028,/content/drive/MyDrive/Research/PUMA/Exploration_8_Diversity_Aware_Wider_Field_and_Boundary_Optimization/INPUTS/QUICK_BENCHMARK/Dataset/01_training_dataset_tif_ROIs/training_set_metastatic_roi_028.tif,738.990222,818.694222,5,neutrophil,gt
training_set_metastatic_roi_028:395,TRAIN,,,,training_set_metastatic_roi_028,/content/drive/MyDrive/Research/PUMA/Exploration_8_Diversity_Aware_Wider_Field_and_Boundary_Optimization/INPUTS/QUICK_BENCHMARK/Dataset/01_training_dataset_tif_ROIs/training_set_metastatic_roi_028.tif,588.125534,615.691774,0,tumor,gt
training_set_metastatic_roi_028:416,TRAIN,,,,training_set_metastatic_roi_028,/content/drive/MyDrive/Research/PUMA/Exploration_8_Diversity_Aware_Wider_Field_and_Boundary_Optimization/INPUTS/QUICK_BENCHMARK/Dataset/01_training_dataset_tif_ROIs/training_set_metastatic_roi_028.tif,633.540936,983.529971,6,stroma,gt
training_set_metastatic_roi_028:421,TRAIN,,,,training_set_metastatic_roi_028,/content/drive/MyDrive/Research/PUMA/Exploration_8_Diversity_Aware_Wider_Field_and_Boundary_Optimization/INPUTS/QUICK_BENCHMARK/Dataset/01_training_dataset_tif_ROIs/training_set_metastatic_roi_028.tif,79.668498,85.822344,4,melanophage,gt
training_set_metastatic_roi_028:427,TRAIN,,,,training_set_metastatic_roi_028,/content/drive/MyDrive/Research/PUMA/Exploration_8_Diversity_Aware_Wider_Field_and_Boundary_Optimization/INPUTS/QUICK_BENCHMARK/Dataset/01_training_dataset_tif_ROIs/training_set_metastatic_roi_028.tif,924.042301,760.400169,6,stroma,gt
training_set_metastatic_roi_028:482,TRAIN,,,,training_set_metastatic_roi_028,/content/drive/MyDrive/Research/PUMA/Exploration_8_Diversity_Aware_Wider_Field_and_Boundary_Optimization/INPUTS/QUICK_BENCHMARK/Dataset/01_training_dataset_tif_ROIs/training_set_metastatic_roi_028.tif,791.172691,334.187751,0,tumor,gt
training_set_metastatic_roi_028:492,TRAIN,,,,training_set_metastatic_roi_028,/content/drive/MyDrive/Research/PUMA/Exploration_8_Diversity_Aware_Wider_Field_and_Boundary_Optimization/INPUTS/QUICK_BENCHMARK/Dataset/01_training_dataset_tif_ROIs/training_set_metastatic_roi_028.tif,542.078556,978.388535,6,stroma,gt
training_set_metastatic_roi_028:525,TRAIN,,,,training_set_metastatic_roi_028,/content/drive/MyDrive/Research/PUMA/Exploration_8_Diversity_Aware_Wider_Field_and_Boundary_Optimization/INPUTS/QUICK_BENCHMARK/Dataset/01_training_dataset_tif_ROIs/training_set_metastatic_roi_028.tif,68.408898,73.836864,4,melanophage,gt
training_set_metastatic_roi_028:526,TRAIN,,,,training_set_metastatic_roi_028,/content/drive/MyDrive/Research/PUMA/Exploration_8_Diversity_Aware_Wider_Field_and_Boundary_Optimization/INPUTS/QUICK_BENCHMARK/Dataset/01_training_dataset_tif_ROIs/training_set_metastatic_roi_028.tif,90.013462,65.459615,4,melanophage,gt
training_set_metastatic_roi_028:560,TRAIN,,,,training_set_metastatic_roi_028,/content/drive/MyDrive/Research/PUMA/Exploration_8_Diversity_Aware_Wider_Field_and_Boundary_Optimization/INPUTS/QUICK_BENCHMARK/Dataset/01_training_dataset_tif_ROIs/training_set_metastatic_roi_028.tif,915.16554,331.65715,0,tumor,gt
training_set_metastatic_roi_028:594,TRAIN,,,,training_set_metastatic_roi_028,/content/drive/MyDrive/Research/PUMA/Exploration_8_Diversity_Aware_Wider_Field_and_Boundary_Optimization/INPUTS/QUICK_BENCHMARK/Dataset/01_training_dataset_tif_ROIs/training_set_metastatic_roi_028.tif,556.657448,887.885978,2,plasma_cell,gt
training_set_metastatic_roi_028:6,TRAIN,,,,training_set_metastatic_roi_028,/content/drive/MyDrive/Research/PUMA/Exploration_8_Diversity_Aware_Wider_Field_and_Boundary_Optimization/INPUTS/QUICK_BENCHMARK/Dataset/01_training_dataset_tif_ROIs/training_set_metastatic_roi_028.tif,56.648478,824.441722,0,tumor,gt
training_set_metastatic_roi_028:602,TRAIN,,,,training_set_metastatic_roi_028,/content/drive/MyDrive/Research/PUMA/Exploration_8_Diversity_Aware_Wider_Field_and_Boundary_Optimization/INPUTS/QUICK_BENCHMARK/Dataset/01_training_dataset_tif_ROIs/training_set_metastatic_roi_028.tif,84.009979,885.123206,2,plasma_cell,gt
training_set_metastatic_roi_028:614,TRAIN,,,,training_set_metastatic_roi_028,/content/drive/MyDrive/Research/PUMA/Exploration_8_Diversity_Aware_Wider_Field_and_Boundary_Optimization/INPUTS/QUICK_BENCHMARK/Dataset/01_training_dataset_tif_ROIs/training_set_metastatic_roi_028.tif,738.617424,352.371503,3,histiocyte,gt
training_set_metastatic_roi_028:627,TRAIN,,,,training_set_metastatic_roi_028,/content/drive/MyDrive/Research/PUMA/Exploration_8_Diversity_Aware_Wider_Field_and_Boundary_Optimization/INPUTS/QUICK_BENCHMARK/Dataset/01_training_dataset_tif_ROIs/training_set_metastatic_roi_028.tif,799.584803,794.178426,8,endothelium,gt
training_set_metastatic_roi_046:121,TRAIN,,,,training_set_metastatic_roi_046,/content/drive/MyDrive/Research/PUMA/Exploration_8_Diversity_Aware_Wider_Field_and_Boundary_Optimization/INPUTS/QUICK_BENCHMARK/Dataset/01_training_dataset_tif_ROIs/training_set_metastatic_roi_046.tif,970.669967,289.50385,5,neutrophil,gt
training_set_metastatic_roi_046:189,TRAIN,,,,training_set_metastatic_roi_046,/content/drive/MyDrive/Research/PUMA/Exploration_8_Diversity_Aware_Wider_Field_and_Boundary_Optimization/INPUTS/QUICK_BENCHMARK/Dataset/01_training_dataset_tif_ROIs/training_set_metastatic_roi_046.tif,529.479463,491.753555,6,stroma,gt
training_set_metastatic_roi_046:213,TRAIN,,,,training_set_metastatic_roi_046,/content/drive/MyDrive/Research/PUMA/Exploration_8_Diversity_Aware_Wider_Field_and_Boundary_Optimization/INPUTS/QUICK_BENCHMARK/Dataset/01_training_dataset_tif_ROIs/training_set_metastatic_roi_046.tif,143.116105,553.148148,6,stroma,gt
training_set_metastatic_roi_046:252,TRAIN,,,,training_set_metastatic_roi_046,/content/drive/MyDrive/Research/PUMA/Exploration_8_Diversity_Aware_Wider_Field_and_Boundary_Optimization/INPUTS/QUICK_BENCHMARK/Dataset/01_training_dataset_tif_ROIs/training_set_metastatic_roi_046.tif,407.203762,627.518286,5,neutrophil,gt
training_set_metastatic_roi_046:278,TRAIN,,,,training_set_metastatic_roi_046,/content/drive/MyDrive/Research/PUMA/Exploration_8_Diversity_Aware_Wider_Field_and_Boundary_Optimization/INPUTS/QUICK_BENCHMARK/Dataset/01_training_dataset_tif_ROIs/training_set_metastatic_roi_046.tif,405.19359,710.646795,6,stroma,gt
training_set_metastatic_roi_046:279,TRAIN,,,,training_set_metastatic_roi_046,/content/drive/MyDrive/Research/PUMA/Exploration_8_Diversity_Aware_Wider_Field_and_Boundary_Optimization/INPUTS/QUICK_BENCHMARK/Dataset/01_training_dataset_tif_ROIs/training_set_metastatic_roi_046.tif,223.819701,701.868074,5,neutrophil,gt
training_set_metastatic_roi_046:374,TRAIN,,,,training_set_metastatic_roi_046,/content/drive/MyDrive/Research/PUMA/Exploration_8_Diversity_Aware_Wider_Field_and_Boundary_Optimization/INPUTS/QUICK_BENCHMARK/Dataset/01_training_dataset_tif_ROIs/training_set_metastatic_roi_046.tif,325.282051,959.542857,5,neutrophil,gt
training_set_metastatic_roi_046:387,TRAIN,,,,training_set_metastatic_roi_046,/content/drive/MyDrive/Research/PUMA/Exploration_8_Diversity_Aware_Wider_Field_and_Boundary_Optimization/INPUTS/QUICK_BENCHMARK/Dataset/01_training_dataset_tif_ROIs/training_set_metastatic_roi_046.tif,179.188851,983.923777,5,neutrophil,gt
training_set_metastatic_roi_046:414,TRAIN,,,,training_set_metastatic_roi_046,/content/drive/MyDrive/Research/PUMA/Exploration_8_Diversity_Aware_Wider_Field_and_Boundary_Optimization/INPUTS/QUICK_BENCHMARK/Dataset/01_training_dataset_tif_ROIs/training_set_metastatic_roi_046.tif,75.887128,681.804035,5,neutrophil,gt
training_set_metastatic_roi_046:415,TRAIN,,,,training_set_metastatic_roi_046,/content/drive/MyDrive/Research/PUMA/Exploration_8_Diversity_Aware_Wider_Field_and_Boundary_Optimization/INPUTS/QUICK_BENCHMARK/Dataset/01_training_dataset_tif_ROIs/training_set_metastatic_roi_046.tif,86.020019,704.955307,5,neutrophil,gt
training_set_metastatic_roi_046:417,TRAIN,,,,training_set_metastatic_roi_046,/content/drive/MyDrive/Research/PUMA/Exploration_8_Diversity_Aware_Wider_Field_and_Boundary_Optimization/INPUTS/QUICK_BENCHMARK/Dataset/01_training_dataset_tif_ROIs/training_set_metastatic_roi_046.tif,211.1415,669.970085,5,neutrophil,gt
training_set_metastatic_roi_046:419,TRAIN,,,,training_set_metastatic_roi_046,/content/drive/MyDrive/Research/PUMA/Exploration_8_Diversity_Aware_Wider_Field_and_Boundary_Optimization/INPUTS/QUICK_BENCHMARK/Dataset/01_training_dataset_tif_ROIs/training_set_metastatic_roi_046.tif,258.730061,659.592025,5,neutrophil,gt
training_set_metastatic_roi_046:421,TRAIN,,,,training_set_metastatic_roi_046,/content/drive/MyDrive/Research/PUMA/Exploration_8_Diversity_Aware_Wider_Field_and_Boundary_Optimization/INPUTS/QUICK_BENCHMARK/Dataset/01_training_dataset_tif_ROIs/training_set_metastatic_roi_046.tif,461.843311,533.33629,5,neutrophil,gt
training_set_metastatic_roi_046:422,TRAIN,,,,training_set_metastatic_roi_046,/content/drive/MyDrive/Research/PUMA/Exploration_8_Diversity_Aware_Wider_Field_and_Boundary_Optimization/INPUTS/QUICK_BENCHMARK/Dataset/01_training_dataset_tif_ROIs/training_set_metastatic_roi_046.tif,307.620665,1013.536447,5,neutrophil,gt
training_set_metastatic_roi_056:139,TRAIN,,,,training_set_metastatic_roi_056,/content/drive/MyDrive/Research/PUMA/Exploration_8_Diversity_Aware_Wider_Field_and_Boundary_Optimization/INPUTS/QUICK_BENCHMARK/Dataset/01_training_dataset_tif_ROIs/training_set_metastatic_roi_056.tif,147.40669,203.797829,0,tumor,gt
training_set_metastatic_roi_056:155,TRAIN,,,,training_set_metastatic_roi_056,/content/drive/MyDrive/Research/PUMA/Exploration_8_Diversity_Aware_Wider_Field_and_Boundary_Optimization/INPUTS/QUICK_BENCHMARK/Dataset/01_training_dataset_tif_ROIs/training_set_metastatic_roi_056.tif,54.027941,387.6,0,tumor,gt
training_set_metastatic_roi_056:180,TRAIN,,,,training_set_metastatic_roi_056,/content/drive/MyDrive/Research/PUMA/Exploration_8_Diversity_Aware_Wider_Field_and_Boundary_Optimization/INPUTS/QUICK_BENCHMARK/Dataset/01_training_dataset_tif_ROIs/training_set_metastatic_roi_056.tif,95.808673,6.227891,0,tumor,gt
training_set_metastatic_roi_056:195,TRAIN,,,,training_set_metastatic_roi_056,/content/drive/MyDrive/Research/PUMA/Exploration_8_Diversity_Aware_Wider_Field_and_Boundary_Optimization/INPUTS/QUICK_BENCHMARK/Dataset/01_training_dataset_tif_ROIs/training_set_metastatic_roi_056.tif,353.015595,963.836257,6,stroma,gt
training_set_metastatic_roi_056:23,TRAIN,,,,training_set_metastatic_roi_056,/content/drive/MyDrive/Research/PUMA/Exploration_8_Diversity_Aware_Wider_Field_and_Boundary_Optimization/INPUTS/QUICK_BENCHMARK/Dataset/01_training_dataset_tif_ROIs/training_set_metastatic_roi_056.tif,60.508529,514.887967,0,tumor,gt
training_set_metastatic_roi_056:240,TRAIN,,,,training_set_metastatic_roi_056,/content/drive/MyDrive/Research/PUMA/Exploration_8_Diversity_Aware_Wider_Field_and_Boundary_Optimization/INPUTS/QUICK_BENCHMARK/Dataset/01_training_dataset_tif_ROIs/training_set_metastatic_roi_056.tif,542.791391,450.165563,9,apoptosis,gt
training_set_metastatic_roi_056:246,TRAIN,,,,training_set_metastatic_roi_056,/content/drive/MyDrive/Research/PUMA/Exploration_8_Diversity_Aware_Wider_Field_and_Boundary_Optimization/INPUTS/QUICK_BENCHMARK/Dataset/01_training_dataset_tif_ROIs/training_set_metastatic_roi_056.tif,922.246181,272.802336,6,stroma,gt
training_set_metastatic_roi_056:247,TRAIN,,,,training_set_metastatic_roi_056,/content/drive/MyDrive/Research/PUMA/Exploration_8_Diversity_Aware_Wider_Field_and_Boundary_Optimization/INPUTS/QUICK_BENCHMARK/Dataset/01_training_dataset_tif_ROIs/training_set_metastatic_roi_056.tif,433.583811,112.757808,9,apoptosis,gt
training_set_metastatic_roi_056:273,TRAIN,,,,training_set_metastatic_roi_056,/content/drive/MyDrive/Research/PUMA/Exploration_8_Diversity_Aware_Wider_Field_and_Boundary_Optimization/INPUTS/QUICK_BENCHMARK/Dataset/01_training_dataset_tif_ROIs/training_set_metastatic_roi_056.tif,422.778399,49.780881,9,apoptosis,gt
training_set_metastatic_roi_056:301,TRAIN,,,,training_set_metastatic_roi_056,/content/drive/MyDrive/Research/PUMA/Exploration_8_Diversity_Aware_Wider_Field_and_Boundary_Optimization/INPUTS/QUICK_BENCHMARK/Dataset/01_training_dataset_tif_ROIs/training_set_metastatic_roi_056.tif,84.410075,302.032468,9,apoptosis,gt
training_set_metastatic_roi_056:317,TRAIN,,,,training_set_metastatic_roi_056,/content/drive/MyDrive/Research/PUMA/Exploration_8_Diversity_Aware_Wider_Field_and_Boundary_Optimization/INPUTS/QUICK_BENCHMARK/Dataset/01_training_dataset_tif_ROIs/training_set_metastatic_roi_056.tif,892.174098,938.825902,9,apoptosis,gt
training_set_metastatic_roi_056:320,TRAIN,,,,training_set_metastatic_roi_056,/content/drive/MyDrive/Research/PUMA/Exploration_8_Diversity_Aware_Wider_Field_and_Boundary_Optimization/INPUTS/QUICK_BENCHMARK/Dataset/01_training_dataset_tif_ROIs/training_set_metastatic_roi_056.tif,127.268817,44.37276,9,apoptosis,gt
training_set_metastatic_roi_056:326,TRAIN,,,,training_set_metastatic_roi_056,/content/drive/MyDrive/Research/PUMA/Exploration_8_Diversity_Aware_Wider_Field_and_Boundary_Optimization/INPUTS/QUICK_BENCHMARK/Dataset/01_training_dataset_tif_ROIs/training_set_metastatic_roi_056.tif,438.942708,753.588542,9,apoptosis,gt
training_set_metastatic_roi_056:327,TRAIN,,,,training_set_metastatic_roi_056,/content/drive/MyDrive/Research/PUMA/Exploration_8_Diversity_Aware_Wider_Field_and_Boundary_Optimization/INPUTS/QUICK_BENCHMARK/Dataset/01_training_dataset_tif_ROIs/training_set_metastatic_roi_056.tif,470.118443,684.596035,9,apoptosis,gt
training_set_metastatic_roi_056:336,TRAIN,,,,training_set_metastatic_roi_056,/content/drive/MyDrive/Research/PUMA/Exploration_8_Diversity_Aware_Wider_Field_and_Boundary_Optimization/INPUTS/QUICK_BENCHMARK/Dataset/01_training_dataset_tif_ROIs/training_set_metastatic_roi_056.tif,973.468421,213.415789,9,apoptosis,gt
training_set_metastatic_roi_065:256,TRAIN,,,,training_set_metastatic_roi_065,/content/drive/MyDrive/Research/PUMA/Exploration_8_Diversity_Aware_Wider_Field_and_Boundary_Optimization/INPUTS/QUICK_BENCHMARK/Dataset/01_training_dataset_tif_ROIs/training_set_metastatic_roi_065.tif,75.134211,936.412719,8,endothelium,gt
training_set_metastatic_roi_065:294,TRAIN,,,,training_set_metastatic_roi_065,/content/drive/MyDrive/Research/PUMA/Exploration_8_Diversity_Aware_Wider_Field_and_Boundary_Optimization/INPUTS/QUICK_BENCHMARK/Dataset/01_training_dataset_tif_ROIs/training_set_metastatic_roi_065.tif,634.723735,469.467575,0,tumor,gt
training_set_metastatic_roi_065:309,TRAIN,,,,training_set_metastatic_roi_065,/content/drive/MyDrive/Research/PUMA/Exploration_8_Diversity_Aware_Wider_Field_and_Boundary_Optimization/INPUTS/QUICK_BENCHMARK/Dataset/01_training_dataset_tif_ROIs/training_set_metastatic_roi_065.tif,556.19411,215.617805,0,tumor,gt
training_set_metastatic_roi_065:338,TRAIN,,,,training_set_metastatic_roi_065,/content/drive/MyDrive/Research/PUMA/Exploration_8_Diversity_Aware_Wider_Field_and_Boundary_Optimization/INPUTS/QUICK_BENCHMARK/Dataset/01_training_dataset_tif_ROIs/training_set_metastatic_roi_065.tif,491.537695,957.359502,0,tumor,gt
training_set_metastatic_roi_065:417,TRAIN,,,,training_set_metastatic_roi_065,/content/drive/MyDrive/Research/PUMA/Exploration_8_Diversity_Aware_Wider_Field_and_Boundary_Optimization/INPUTS/QUICK_BENCHMARK/Dataset/01_training_dataset_tif_ROIs/training_set_metastatic_roi_065.tif,557.785714,995.204365,0,tumor,gt
training_set_metastatic_roi_065:460,TRAIN,,,,training_set_metastatic_roi_065,/content/drive/MyDrive/Research/PUMA/Exploration_8_Diversity_Aware_Wider_Field_and_Boundary_Optimization/INPUTS/QUICK_BENCHMARK/Dataset/01_training_dataset_tif_ROIs/training_set_metastatic_roi_065.tif,380.935814,7.718986,0,tumor,gt
training_set_metastatic_roi_065:499,TRAIN,,,,training_set_metastatic_roi_065,/content/drive/MyDrive/Research/PUMA/Exploration_8_Diversity_Aware_Wider_Field_and_Boundary_Optimization/INPUTS/QUICK_BENCHMARK/Dataset/01_training_dataset_tif_ROIs/training_set_metastatic_roi_065.tif,341.030435,590.045652,0,tumor,gt
training_set_metastatic_roi_072:102,TRAIN,,,,training_set_metastatic_roi_072,/content/drive/MyDrive/Research/PUMA/Exploration_8_Diversity_Aware_Wider_Field_and_Boundary_Optimization/INPUTS/QUICK_BENCHMARK/Dataset/01_training_dataset_tif_ROIs/training_set_metastatic_roi_072.tif,325.080237,604.595584,1,lymphocyte,gt
training_set_metastatic_roi_072:199,TRAIN,,,,training_set_metastatic_roi_072,/content/drive/MyDrive/Research/PUMA/Exploration_8_Diversity_Aware_Wider_Field_and_Boundary_Optimization/INPUTS/QUICK_BENCHMARK/Dataset/01_training_dataset_tif_ROIs/training_set_metastatic_roi_072.tif,714.745939,919.705003,1,lymphocyte,gt
training_set_metastatic_roi_072:318,TRAIN,,,,training_set_metastatic_roi_072,/content/drive/MyDrive/Research/PUMA/Exploration_8_Diversity_Aware_Wider_Field_and_Boundary_Optimization/INPUTS/QUICK_BENCHMARK/Dataset/01_training_dataset_tif_ROIs/training_set_metastatic_roi_072.tif,112.50263,784.439981,8,endothelium,gt
training_set_metastatic_roi_072:367,TRAIN,,,,training_set_metastatic_roi_072,/content/drive/MyDrive/Research/PUMA/Exploration_8_Diversity_Aware_Wider_Field_and_Boundary_Optimization/INPUTS/QUICK_BENCHMARK/Dataset/01_training_dataset_tif_ROIs/training_set_metastatic_roi_072.tif,534.589511,319.292486,1,lymphocyte,gt
training_set_metastatic_roi_072:374,TRAIN,,,,training_set_metastatic_roi_072,/content/drive/MyDrive/Research/PUMA/Exploration_8_Diversity_Aware_Wider_Field_and_Boundary_Optimization/INPUTS/QUICK_BENCHMARK/Dataset/01_training_dataset_tif_ROIs/training_set_metastatic_roi_072.tif,817.138542,76.230729,2,plasma_cell,gt
training_set_metastatic_roi_072:395,TRAIN,,,,training_set_metastatic_roi_072,/content/drive/MyDrive/Research/PUMA/Exploration_8_Diversity_Aware_Wider_Field_and_Boundary_Optimization/INPUTS/QUICK_BENCHMARK/Dataset/01_training_dataset_tif_ROIs/training_set_metastatic_roi_072.tif,616.396154,275.078205,1,lymphocyte,gt
training_set_metastatic_roi_072:452,TRAIN,,,,training_set_metastatic_roi_072,/content/drive/MyDrive/Research/PUMA/Exploration_8_Diversity_Aware_Wider_Field_and_Boundary_Optimization/INPUTS/QUICK_BENCHMARK/Dataset/01_training_dataset_tif_ROIs/training_set_metastatic_roi_072.tif,961.390929,825.169906,1,lymphocyte,gt
training_set_metastatic_roi_072:481,TRAIN,,,,training_set_metastatic_roi_072,/content/drive/MyDrive/Research/PUMA/Exploration_8_Diversity_Aware_Wider_Field_and_Boundary_Optimization/INPUTS/QUICK_BENCHMARK/Dataset/01_training_dataset_tif_ROIs/training_set_metastatic_roi_072.tif,249.430226,735.751448,8,endothelium,gt
training_set_metastatic_roi_072:482,TRAIN,,,,training_set_metastatic_roi_072,/content/drive/MyDrive/Research/PUMA/Exploration_8_Diversity_Aware_Wider_Field_and_Boundary_Optimization/INPUTS/QUICK_BENCHMARK/Dataset/01_training_dataset_tif_ROIs/training_set_metastatic_roi_072.tif,247.210153,759.891775,8,endothelium,gt
training_set_metastatic_roi_072:525,TRAIN,,,,training_set_metastatic_roi_072,/content/drive/MyDrive/Research/PUMA/Exploration_8_Diversity_Aware_Wider_Field_and_Boundary_Optimization/INPUTS/QUICK_BENCHMARK/Dataset/01_training_dataset_tif_ROIs/training_set_metastatic_roi_072.tif,230.92809,782.33364,5,neutrophil,gt
training_set_metastatic_roi_072:528,TRAIN,,,,training_set_metastatic_roi_072,/content/drive/MyDrive/Research/PUMA/Exploration_8_Diversity_Aware_Wider_Field_and_Boundary_Optimization/INPUTS/QUICK_BENCHMARK/Dataset/01_training_dataset_tif_ROIs/training_set_metastatic_roi_072.tif,262.303267,666.492972,8,endothelium,gt
training_set_metastatic_roi_072:649,TRAIN,,,,training_set_metastatic_roi_072,/content/drive/MyDrive/Research/PUMA/Exploration_8_Diversity_Aware_Wider_Field_and_Boundary_Optimization/INPUTS/QUICK_BENCHMARK/Dataset/01_training_dataset_tif_ROIs/training_set_metastatic_roi_072.tif,410.083568,761.74554,9,apoptosis,gt
training_set_metastatic_roi_072:707,TRAIN,,,,training_set_metastatic_roi_072,/content/drive/MyDrive/Research/PUMA/Exploration_8_Diversity_Aware_Wider_Field_and_Boundary_Optimization/INPUTS/QUICK_BENCHMARK/Dataset/01_training_dataset_tif_ROIs/training_set_metastatic_roi_072.tif,837.653409,601.601326,1,lymphocyte,gt
training_set_metastatic_roi_072:717,TRAIN,,,,training_set_metastatic_roi_072,/content/drive/MyDrive/Research/PUMA/Exploration_8_Diversity_Aware_Wider_Field_and_Boundary_Optimization/INPUTS/QUICK_BENCHMARK/Dataset/01_training_dataset_tif_ROIs/training_set_metastatic_roi_072.tif,360.809625,729.685775,5,neutrophil,gt
training_set_metastatic_roi_101:112,TRAIN,,,,training_set_metastatic_roi_101,/content/drive/MyDrive/Research/PUMA/Exploration_8_Diversity_Aware_Wider_Field_and_Boundary_Optimization/INPUTS/QUICK_BENCHMARK/Dataset/01_training_dataset_tif_ROIs/training_set_metastatic_roi_101.tif,529.674468,262.768085,9,apoptosis,gt
training_set_metastatic_roi_101:148,TRAIN,,,,training_set_metastatic_roi_101,/content/drive/MyDrive/Research/PUMA/Exploration_8_Diversity_Aware_Wider_Field_and_Boundary_Optimization/INPUTS/QUICK_BENCHMARK/Dataset/01_training_dataset_tif_ROIs/training_set_metastatic_roi_101.tif,776.255886,376.035316,9,apoptosis,gt
training_set_metastatic_roi_101:194,TRAIN,,,,training_set_metastatic_roi_101,/content/drive/MyDrive/Research/PUMA/Exploration_8_Diversity_Aware_Wider_Field_and_Boundary_Optimization/INPUTS/QUICK_BENCHMARK/Dataset/01_training_dataset_tif_ROIs/training_set_metastatic_roi_101.tif,633.67284,482.277778,9,apoptosis,gt
training_set_metastatic_roi_101:220,TRAIN,,,,training_set_metastatic_roi_101,/content/drive/MyDrive/Research/PUMA/Exploration_8_Diversity_Aware_Wider_Field_and_Boundary_Optimization/INPUTS/QUICK_BENCHMARK/Dataset/01_training_dataset_tif_ROIs/training_set_metastatic_roi_101.tif,356.310811,556.175676,9,apoptosis,gt
training_set_metastatic_roi_101:233,TRAIN,,,,training_set_metastatic_roi_101,/content/drive/MyDrive/Research/PUMA/Exploration_8_Diversity_Aware_Wider_Field_and_Boundary_Optimization/INPUTS/QUICK_BENCHMARK/Dataset/01_training_dataset_tif_ROIs/training_set_metastatic_roi_101.tif,358.650628,603.449791,9,apoptosis,gt
training_set_metastatic_roi_101:276,TRAIN,,,,training_set_metastatic_roi_101,/content/drive/MyDrive/Research/PUMA/Exploration_8_Diversity_Aware_Wider_Field_and_Boundary_Optimization/INPUTS/QUICK_BENCHMARK/Dataset/01_training_dataset_tif_ROIs/training_set_metastatic_roi_101.tif,661.234807,735.157459,9,apoptosis,gt
training_set_metastatic_roi_101:329,TRAIN,,,,training_set_metastatic_roi_101,/content/drive/MyDrive/Research/PUMA/Exploration_8_Diversity_Aware_Wider_Field_and_Boundary_Optimization/INPUTS/QUICK_BENCHMARK/Dataset/01_training_dataset_tif_ROIs/training_set_metastatic_roi_101.tif,613.658537,921.018293,9,apoptosis,gt
training_set_metastatic_roi_101:335,TRAIN,,,,training_set_metastatic_roi_101,/content/drive/MyDrive/Research/PUMA/Exploration_8_Diversity_Aware_Wider_Field_and_Boundary_Optimization/INPUTS/QUICK_BENCHMARK/Dataset/01_training_dataset_tif_ROIs/training_set_metastatic_roi_101.tif,460.354962,1005.270992,9,apoptosis,gt
training_set_metastatic_roi_101:343,TRAIN,,,,training_set_metastatic_roi_101,/content/drive/MyDrive/Research/PUMA/Exploration_8_Diversity_Aware_Wider_Field_and_Boundary_Optimization/INPUTS/QUICK_BENCHMARK/Dataset/01_training_dataset_tif_ROIs/training_set_metastatic_roi_101.tif,946.749421,719.066262,5,neutrophil,gt
training_set_primary_roi_007:124,TRAIN,,,,training_set_primary_roi_007,/content/drive/MyDrive/Research/PUMA/Exploration_8_Diversity_Aware_Wider_Field_and_Boundary_Optimization/INPUTS/QUICK_BENCHMARK/Dataset/01_training_dataset_tif_ROIs/training_set_primary_roi_007.tif,842.786828,394.216692,1,lymphocyte,gt
training_set_primary_roi_007:130,TRAIN,,,,training_set_primary_roi_007,/content/drive/MyDrive/Research/PUMA/Exploration_8_Diversity_Aware_Wider_Field_and_Boundary_Optimization/INPUTS/QUICK_BENCHMARK/Dataset/01_training_dataset_tif_ROIs/training_set_primary_roi_007.tif,914.42328,395.883598,1,lymphocyte,gt
training_set_primary_roi_007:162,TRAIN,,,,training_set_primary_roi_007,/content/drive/MyDrive/Research/PUMA/Exploration_8_Diversity_Aware_Wider_Field_and_Boundary_Optimization/INPUTS/QUICK_BENCHMARK/Dataset/01_training_dataset_tif_ROIs/training_set_primary_roi_007.tif,575.412331,491.082852,6,stroma,gt
training_set_primary_roi_007:171,TRAIN,,,,training_set_primary_roi_007,/content/drive/MyDrive/Research/PUMA/Exploration_8_Diversity_Aware_Wider_Field_and_Boundary_Optimization/INPUTS/QUICK_BENCHMARK/Dataset/01_training_dataset_tif_ROIs/training_set_primary_roi_007.tif,645.246946,514.4363,4,melanophage,gt
training_set_primary_roi_007:179,TRAIN,,,,training_set_primary_roi_007,/content/drive/MyDrive/Research/PUMA/Exploration_8_Diversity_Aware_Wider_Field_and_Boundary_Optimization/INPUTS/QUICK_BENCHMARK/Dataset/01_training_dataset_tif_ROIs/training_set_primary_roi_007.tif,638.465927,537.740095,4,melanophage,gt
training_set_primary_roi_007:187,TRAIN,,,,training_set_primary_roi_007,/content/drive/MyDrive/Research/PUMA/Exploration_8_Diversity_Aware_Wider_Field_and_Boundary_Optimization/INPUTS/QUICK_BENCHMARK/Dataset/01_training_dataset_tif_ROIs/training_set_primary_roi_007.tif,269.960799,590.908276,4,melanophage,gt
training_set_primary_roi_007:204,TRAIN,,,,training_set_primary_roi_007,/content/drive/MyDrive/Research/PUMA/Exploration_8_Diversity_Aware_Wider_Field_and_Boundary_Optimization/INPUTS/QUICK_BENCHMARK/Dataset/01_training_dataset_tif_ROIs/training_set_primary_roi_007.tif,262.818225,692.660432,6,stroma,gt
training_set_primary_roi_007:208,TRAIN,,,,training_set_primary_roi_007,/content/drive/MyDrive/Research/PUMA/Exploration_8_Diversity_Aware_Wider_Field_and_Boundary_Optimization/INPUTS/QUICK_BENCHMARK/Dataset/01_training_dataset_tif_ROIs/training_set_primary_roi_007.tif,462.408163,707.673469,4,melanophage,gt
training_set_primary_roi_007:215,TRAIN,,,,training_set_primary_roi_007,/content/drive/MyDrive/Research/PUMA/Exploration_8_Diversity_Aware_Wider_Field_and_Boundary_Optimization/INPUTS/QUICK_BENCHMARK/Dataset/01_training_dataset_tif_ROIs/training_set_primary_roi_007.tif,359.667514,722.498518,6,stroma,gt
training_set_primary_roi_007:245,TRAIN,,,,training_set_primary_roi_007,/content/drive/MyDrive/Research/PUMA/Exploration_8_Diversity_Aware_Wider_Field_and_Boundary_Optimization/INPUTS/QUICK_BENCHMARK/Dataset/01_training_dataset_tif_ROIs/training_set_primary_roi_007.tif,102.178571,842.190476,6,stroma,gt
training_set_primary_roi_007:295,TRAIN,,,,training_set_primary_roi_007,/content/drive/MyDrive/Research/PUMA/Exploration_8_Diversity_Aware_Wider_Field_and_Boundary_Optimization/INPUTS/QUICK_BENCHMARK/Dataset/01_training_dataset_tif_ROIs/training_set_primary_roi_007.tif,625.430214,987.622225,4,melanophage,gt
training_set_primary_roi_007:317,TRAIN,,,,training_set_primary_roi_007,/content/drive/MyDrive/Research/PUMA/Exploration_8_Diversity_Aware_Wider_Field_and_Boundary_Optimization/INPUTS/QUICK_BENCHMARK/Dataset/01_training_dataset_tif_ROIs/training_set_primary_roi_007.tif,814.558071,376.121389,6,stroma,gt
training_set_primary_roi_007:60,TRAIN,,,,training_set_primary_roi_007,/content/drive/MyDrive/Research/PUMA/Exploration_8_Diversity_Aware_Wider_Field_and_Boundary_Optimization/INPUTS/QUICK_BENCHMARK/Dataset/01_training_dataset_tif_ROIs/training_set_primary_roi_007.tif,1017.065041,210.20935,6,stroma,gt
training_set_primary_roi_013:0,TRAIN,,,,training_set_primary_roi_013,/content/drive/MyDrive/Research/PUMA/Exploration_8_Diversity_Aware_Wider_Field_and_Boundary_Optimization/INPUTS/QUICK_BENCHMARK/Dataset/01_training_dataset_tif_ROIs/training_set_primary_roi_013.tif,208.477302,10.726329,7,epithelium,gt
training_set_primary_roi_013:137,TRAIN,,,,training_set_primary_roi_013,/content/drive/MyDrive/Research/PUMA/Exploration_8_Diversity_Aware_Wider_Field_and_Boundary_Optimization/INPUTS/QUICK_BENCHMARK/Dataset/01_training_dataset_tif_ROIs/training_set_primary_roi_013.tif,346.175926,400.753086,7,epithelium,gt
training_set_primary_roi_013:149,TRAIN,,,,training_set_primary_roi_013,/content/drive/MyDrive/Research/PUMA/Exploration_8_Diversity_Aware_Wider_Field_and_Boundary_Optimization/INPUTS/QUICK_BENCHMARK/Dataset/01_training_dataset_tif_ROIs/training_set_primary_roi_013.tif,259.157603,426.596677,7,epithelium,gt
training_set_primary_roi_013:153,TRAIN,,,,training_set_primary_roi_013,/content/drive/MyDrive/Research/PUMA/Exploration_8_Diversity_Aware_Wider_Field_and_Boundary_Optimization/INPUTS/QUICK_BENCHMARK/Dataset/01_training_dataset_tif_ROIs/training_set_primary_roi_013.tif,890.334456,432.21474,3,histiocyte,gt
training_set_primary_roi_013:165,TRAIN,,,,training_set_primary_roi_013,/content/drive/MyDrive/Research/PUMA/Exploration_8_Diversity_Aware_Wider_Field_and_Boundary_Optimization/INPUTS/QUICK_BENCHMARK/Dataset/01_training_dataset_tif_ROIs/training_set_primary_roi_013.tif,92.725354,460.535993,7,epithelium,gt
training_set_primary_roi_013:172,TRAIN,,,,training_set_primary_roi_013,/content/drive/MyDrive/Research/PUMA/Exploration_8_Diversity_Aware_Wider_Field_and_Boundary_Optimization/INPUTS/QUICK_BENCHMARK/Dataset/01_training_dataset_tif_ROIs/training_set_primary_roi_013.tif,540.359019,488.107998,3,histiocyte,gt
training_set_primary_roi_013:178,TRAIN,,,,training_set_primary_roi_013,/content/drive/MyDrive/Research/PUMA/Exploration_8_Diversity_Aware_Wider_Field_and_Boundary_Optimization/INPUTS/QUICK_BENCHMARK/Dataset/01_training_dataset_tif_ROIs/training_set_primary_roi_013.tif,922.342697,503.253558,3,histiocyte,gt
training_set_primary_roi_013:205,TRAIN,,,,training_set_primary_roi_013,/content/drive/MyDrive/Research/PUMA/Exploration_8_Diversity_Aware_Wider_Field_and_Boundary_Optimization/INPUTS/QUICK_BENCHMARK/Dataset/01_training_dataset_tif_ROIs/training_set_primary_roi_013.tif,681.723328,572.630182,3,histiocyte,gt
training_set_primary_roi_013:271,TRAIN,,,,training_set_primary_roi_013,/content/drive/MyDrive/Research/PUMA/Exploration_8_Diversity_Aware_Wider_Field_and_Boundary_Optimization/INPUTS/QUICK_BENCHMARK/Dataset/01_training_dataset_tif_ROIs/training_set_primary_roi_013.tif,868.093802,721.837521,3,histiocyte,gt
training_set_primary_roi_013:28,TRAIN,,,,training_set_primary_roi_013,/content/drive/MyDrive/Research/PUMA/Exploration_8_Diversity_Aware_Wider_Field_and_Boundary_Optimization/INPUTS/QUICK_BENCHMARK/Dataset/01_training_dataset_tif_ROIs/training_set_primary_roi_013.tif,193.876331,56.724816,7,epithelium,gt
training_set_primary_roi_013:305,TRAIN,,,,training_set_primary_roi_013,/content/drive/MyDrive/Research/PUMA/Exploration_8_Diversity_Aware_Wider_Field_and_Boundary_Optimization/INPUTS/QUICK_BENCHMARK/Dataset/01_training_dataset_tif_ROIs/training_set_primary_roi_013.tif,179.303645,801.441188,3,histiocyte,gt
training_set_primary_roi_013:383,TRAIN,,,,training_set_primary_roi_013,/content/drive/MyDrive/Research/PUMA/Exploration_8_Diversity_Aware_Wider_Field_and_Boundary_Optimization/INPUTS/QUICK_BENCHMARK/Dataset/01_training_dataset_tif_ROIs/training_set_primary_roi_013.tif,379.973696,943.948055,3,histiocyte,gt
training_set_primary_roi_013:443,TRAIN,,,,training_set_primary_roi_013,/content/drive/MyDrive/Research/PUMA/Exploration_8_Diversity_Aware_Wider_Field_and_Boundary_Optimization/INPUTS/QUICK_BENCHMARK/Dataset/01_training_dataset_tif_ROIs/training_set_primary_roi_013.tif,493.05288,207.488133,5,neutrophil,gt
training_set_primary_roi_013:47,TRAIN,,,,training_set_primary_roi_013,/content/drive/MyDrive/Research/PUMA/Exploration_8_Diversity_Aware_Wider_Field_and_Boundary_Optimization/INPUTS/QUICK_BENCHMARK/Dataset/01_training_dataset_tif_ROIs/training_set_primary_roi_013.tif,230.681767,94.785235,7,epithelium,gt
training_set_primary_roi_013:52,TRAIN,,,,training_set_primary_roi_013,/content/drive/MyDrive/Research/PUMA/Exploration_8_Diversity_Aware_Wider_Field_and_Boundary_Optimization/INPUTS/QUICK_BENCHMARK/Dataset/01_training_dataset_tif_ROIs/training_set_primary_roi_013.tif,252.912523,110.06415,7,epithelium,gt
training_set_primary_roi_013:58,TRAIN,,,,training_set_primary_roi_013,/content/drive/MyDrive/Research/PUMA/Exploration_8_Diversity_Aware_Wider_Field_and_Boundary_Optimization/INPUTS/QUICK_BENCHMARK/Dataset/01_training_dataset_tif_ROIs/training_set_primary_roi_013.tif,492.334123,132.439968,5,neutrophil,gt
training_set_primary_roi_013:6,TRAIN,,,,training_set_primary_roi_013,/content/drive/MyDrive/Research/PUMA/Exploration_8_Diversity_Aware_Wider_Field_and_Boundary_Optimization/INPUTS/QUICK_BENCHMARK/Dataset/01_training_dataset_tif_ROIs/training_set_primary_roi_013.tif,359.97549,18.956495,7,epithelium,gt
training_set_primary_roi_013:7,TRAIN,,,,training_set_primary_roi_013,/content/drive/MyDrive/Research/PUMA/Exploration_8_Diversity_Aware_Wider_Field_and_Boundary_Optimization/INPUTS/QUICK_BENCHMARK/Dataset/01_training_dataset_tif_ROIs/training_set_primary_roi_013.tif,253.884304,17.022599,7,epithelium,gt
training_set_primary_roi_013:91,TRAIN,,,,training_set_primary_roi_013,/content/drive/MyDrive/Research/PUMA/Exploration_8_Diversity_Aware_Wider_Field_and_Boundary_Optimization/INPUTS/QUICK_BENCHMARK/Dataset/01_training_dataset_tif_ROIs/training_set_primary_roi_013.tif,432.490535,225.532785,3,histiocyte,gt
training_set_primary_roi_025:118,TRAIN,,,,training_set_primary_roi_025,/content/drive/MyDrive/Research/PUMA/Exploration_8_Diversity_Aware_Wider_Field_and_Boundary_Optimization/INPUTS/QUICK_BENCHMARK/Dataset/01_training_dataset_tif_ROIs/training_set_primary_roi_025.tif,790.685714,507.705952,9,apoptosis,gt
training_set_primary_roi_025:14,TRAIN,,,,training_set_primary_roi_025,/content/drive/MyDrive/Research/PUMA/Exploration_8_Diversity_Aware_Wider_Field_and_Boundary_Optimization/INPUTS/QUICK_BENCHMARK/Dataset/01_training_dataset_tif_ROIs/training_set_primary_roi_025.tif,807.104437,47.766784,5,neutrophil,gt
training_set_primary_roi_025:145,TRAIN,,,,training_set_primary_roi_025,/content/drive/MyDrive/Research/PUMA/Exploration_8_Diversity_Aware_Wider_Field_and_Boundary_Optimization/INPUTS/QUICK_BENCHMARK/Dataset/01_training_dataset_tif_ROIs/training_set_primary_roi_025.tif,253.45495,601.737857,1,lymphocyte,gt
training_set_primary_roi_025:151,TRAIN,,,,training_set_primary_roi_025,/content/drive/MyDrive/Research/PUMA/Exploration_8_Diversity_Aware_Wider_Field_and_Boundary_Optimization/INPUTS/QUICK_BENCHMARK/Dataset/01_training_dataset_tif_ROIs/training_set_primary_roi_025.tif,674.527778,618.687037,9,apoptosis,gt
training_set_primary_roi_025:163,TRAIN,,,,training_set_primary_roi_025,/content/drive/MyDrive/Research/PUMA/Exploration_8_Diversity_Aware_Wider_Field_and_Boundary_Optimization/INPUTS/QUICK_BENCHMARK/Dataset/01_training_dataset_tif_ROIs/training_set_primary_roi_025.tif,149.536005,682.549361,5,neutrophil,gt
training_set_primary_roi_025:166,TRAIN,,,,training_set_primary_roi_025,/content/drive/MyDrive/Research/PUMA/Exploration_8_Diversity_Aware_Wider_Field_and_Boundary_Optimization/INPUTS/QUICK_BENCHMARK/Dataset/01_training_dataset_tif_ROIs/training_set_primary_roi_025.tif,244.201863,695.159834,3,histiocyte,gt
training_set_primary_roi_025:176,TRAIN,,,,training_set_primary_roi_025,/content/drive/MyDrive/Research/PUMA/Exploration_8_Diversity_Aware_Wider_Field_and_Boundary_Optimization/INPUTS/QUICK_BENCHMARK/Dataset/01_training_dataset_tif_ROIs/training_set_primary_roi_025.tif,213.621078,701.969213,1,lymphocyte,gt
training_set_primary_roi_025:18,TRAIN,,,,training_set_primary_roi_025,/content/drive/MyDrive/Research/PUMA/Exploration_8_Diversity_Aware_Wider_Field_and_Boundary_Optimization/INPUTS/QUICK_BENCHMARK/Dataset/01_training_dataset_tif_ROIs/training_set_primary_roi_025.tif,546.385612,74.292566,1,lymphocyte,gt
training_set_primary_roi_025:194,TRAIN,,,,training_set_primary_roi_025,/content/drive/MyDrive/Research/PUMA/Exploration_8_Diversity_Aware_Wider_Field_and_Boundary_Optimization/INPUTS/QUICK_BENCHMARK/Dataset/01_training_dataset_tif_ROIs/training_set_primary_roi_025.tif,253.931051,779.371374,1,lymphocyte,gt
training_set_primary_roi_025:21,TRAIN,,,,training_set_primary_roi_025,/content/drive/MyDrive/Research/PUMA/Exploration_8_Diversity_Aware_Wider_Field_and_Boundary_Optimization/INPUTS/QUICK_BENCHMARK/Dataset/01_training_dataset_tif_ROIs/training_set_primary_roi_025.tif,836.975138,82.244015,9,apoptosis,gt
training_set_primary_roi_025:213,TRAIN,,,,training_set_primary_roi_025,/content/drive/MyDrive/Research/PUMA/Exploration_8_Diversity_Aware_Wider_Field_and_Boundary_Optimization/INPUTS/QUICK_BENCHMARK/Dataset/01_training_dataset_tif_ROIs/training_set_primary_roi_025.tif,182.771382,846.98739,9,apoptosis,gt
training_set_primary_roi_025:218,TRAIN,,,,training_set_primary_roi_025,/content/drive/MyDrive/Research/PUMA/Exploration_8_Diversity_Aware_Wider_Field_and_Boundary_Optimization/INPUTS/QUICK_BENCHMARK/Dataset/01_training_dataset_tif_ROIs/training_set_primary_roi_025.tif,138.389937,856.278665,1,lymphocyte,gt
training_set_primary_roi_025:23,TRAIN,,,,training_set_primary_roi_025,/content/drive/MyDrive/Research/PUMA/Exploration_8_Diversity_Aware_Wider_Field_and_Boundary_Optimization/INPUTS/QUICK_BENCHMARK/Dataset/01_training_dataset_tif_ROIs/training_set_primary_roi_025.tif,759.197849,88.129749,9,apoptosis,gt
training_set_primary_roi_025:235,TRAIN,,,,training_set_primary_roi_025,/content/drive/MyDrive/Research/PUMA/Exploration_8_Diversity_Aware_Wider_Field_and_Boundary_Optimization/INPUTS/QUICK_BENCHMARK/Dataset/01_training_dataset_tif_ROIs/training_set_primary_roi_025.tif,36.866385,918.295359,9,apoptosis,gt
training_set_primary_roi_025:259,TRAIN,,,,training_set_primary_roi_025,/content/drive/MyDrive/Research/PUMA/Exploration_8_Diversity_Aware_Wider_Field_and_Boundary_Optimization/INPUTS/QUICK_BENCHMARK/Dataset/01_training_dataset_tif_ROIs/training_set_primary_roi_025.tif,2.947257,987.974684,9,apoptosis,gt
training_set_primary_roi_025:265,TRAIN,,,,training_set_primary_roi_025,/content/drive/MyDrive/Research/PUMA/Exploration_8_Diversity_Aware_Wider_Field_and_Boundary_Optimization/INPUTS/QUICK_BENCHMARK/Dataset/01_training_dataset_tif_ROIs/training_set_primary_roi_025.tif,303.648823,1005.515566,9,apoptosis,gt
training_set_primary_roi_025:267,TRAIN,,,,training_set_primary_roi_025,/content/drive/MyDrive/Research/PUMA/Exploration_8_Diversity_Aware_Wider_Field_and_Boundary_Optimization/INPUTS/QUICK_BENCHMARK/Dataset/01_training_dataset_tif_ROIs/training_set_primary_roi_025.tif,4.201878,1007.636933,9,apoptosis,gt
training_set_primary_roi_025:27,TRAIN,,,,training_set_primary_roi_025,/content/drive/MyDrive/Research/PUMA/Exploration_8_Diversity_Aware_Wider_Field_and_Boundary_Optimization/INPUTS/QUICK_BENCHMARK/Dataset/01_training_dataset_tif_ROIs/training_set_primary_roi_025.tif,821.772586,119.715472,9,apoptosis,gt
training_set_primary_roi_025:278,TRAIN,,,,training_set_primary_roi_025,/content/drive/MyDrive/Research/PUMA/Exploration_8_Diversity_Aware_Wider_Field_and_Boundary_Optimization/INPUTS/QUICK_BENCHMARK/Dataset/01_training_dataset_tif_ROIs/training_set_primary_roi_025.tif,11.871974,909.974337,2,plasma_cell,gt
training_set_primary_roi_025:280,TRAIN,,,,training_set_primary_roi_025,/content/drive/MyDrive/Research/PUMA/Exploration_8_Diversity_Aware_Wider_Field_and_Boundary_Optimization/INPUTS/QUICK_BENCHMARK/Dataset/01_training_dataset_tif_ROIs/training_set_primary_roi_025.tif,230.344708,634.434224,5,neutrophil,gt
training_set_primary_roi_025:281,TRAIN,,,,training_set_primary_roi_025,/content/drive/MyDrive/Research/PUMA/Exploration_8_Diversity_Aware_Wider_Field_and_Boundary_Optimization/INPUTS/QUICK_BENCHMARK/Dataset/01_training_dataset_tif_ROIs/training_set_primary_roi_025.tif,467.130151,921.311685,5,neutrophil,gt
training_set_primary_roi_025:47,TRAIN,,,,training_set_primary_roi_025,/content/drive/MyDrive/Research/PUMA/Exploration_8_Diversity_Aware_Wider_Field_and_Boundary_Optimization/INPUTS/QUICK_BENCHMARK/Dataset/01_training_dataset_tif_ROIs/training_set_primary_roi_025.tif,399.123149,216.472104,4,melanophage,gt
training_set_primary_roi_025:49,TRAIN,,,,training_set_primary_roi_025,/content/drive/MyDrive/Research/PUMA/Exploration_8_Diversity_Aware_Wider_Field_and_Boundary_Optimization/INPUTS/QUICK_BENCHMARK/Dataset/01_training_dataset_tif_ROIs/training_set_primary_roi_025.tif,323.976852,233.435185,1,lymphocyte,gt
training_set_primary_roi_025:5,TRAIN,,,,training_set_primary_roi_025,/content/drive/MyDrive/Research/PUMA/Exploration_8_Diversity_Aware_Wider_Field_and_Boundary_Optimization/INPUTS/QUICK_BENCHMARK/Dataset/01_training_dataset_tif_ROIs/training_set_primary_roi_025.tif,917.954707,10.481378,3,histiocyte,gt
training_set_primary_roi_025:55,TRAIN,,,,training_set_primary_roi_025,/content/drive/MyDrive/Research/PUMA/Exploration_8_Diversity_Aware_Wider_Field_and_Boundary_Optimization/INPUTS/QUICK_BENCHMARK/Dataset/01_training_dataset_tif_ROIs/training_set_primary_roi_025.tif,664.678756,251.364421,5,neutrophil,gt
training_set_primary_roi_025:65,TRAIN,,,,training_set_primary_roi_025,/content/drive/MyDrive/Research/PUMA/Exploration_8_Diversity_Aware_Wider_Field_and_Boundary_Optimization/INPUTS/QUICK_BENCHMARK/Dataset/01_training_dataset_tif_ROIs/training_set_primary_roi_025.tif,664.780455,279.661312,9,apoptosis,gt
training_set_primary_roi_025:70,TRAIN,,,,training_set_primary_roi_025,/content/drive/MyDrive/Research/PUMA/Exploration_8_Diversity_Aware_Wider_Field_and_Boundary_Optimization/INPUTS/QUICK_BENCHMARK/Dataset/01_training_dataset_tif_ROIs/training_set_primary_roi_025.tif,905.028743,305.986701,1,lymphocyte,gt
training_set_primary_roi_025:79,TRAIN,,,,training_set_primary_roi_025,/content/drive/MyDrive/Research/PUMA/Exploration_8_Diversity_Aware_Wider_Field_and_Boundary_Optimization/INPUTS/QUICK_BENCHMARK/Dataset/01_training_dataset_tif_ROIs/training_set_primary_roi_025.tif,688.256152,331.085011,9,apoptosis,gt
training_set_primary_roi_025:8,TRAIN,,,,training_set_primary_roi_025,/content/drive/MyDrive/Research/PUMA/Exploration_8_Diversity_Aware_Wider_Field_and_Boundary_Optimization/INPUTS/QUICK_BENCHMARK/Dataset/01_training_dataset_tif_ROIs/training_set_primary_roi_025.tif,875.915477,34.695217,3,histiocyte,gt
training_set_primary_roi_026:10,TRAIN,,,,training_set_primary_roi_026,/content/drive/MyDrive/Research/PUMA/Exploration_8_Diversity_Aware_Wider_Field_and_Boundary_Optimization/INPUTS/QUICK_BENCHMARK/Dataset/01_training_dataset_tif_ROIs/training_set_primary_roi_026.tif,395.924399,26.709278,8,endothelium,gt
training_set_primary_roi_026:108,TRAIN,,,,training_set_primary_roi_026,/content/drive/MyDrive/Research/PUMA/Exploration_8_Diversity_Aware_Wider_Field_and_Boundary_Optimization/INPUTS/QUICK_BENCHMARK/Dataset/01_training_dataset_tif_ROIs/training_set_primary_roi_026.tif,71.741962,393.236715,3,histiocyte,gt
training_set_primary_roi_026:112,TRAIN,,,,training_set_primary_roi_026,/content/drive/MyDrive/Research/PUMA/Exploration_8_Diversity_Aware_Wider_Field_and_Boundary_Optimization/INPUTS/QUICK_BENCHMARK/Dataset/01_training_dataset_tif_ROIs/training_set_primary_roi_026.tif,491.604862,393.71405,1,lymphocyte,gt
training_set_primary_roi_026:118,TRAIN,,,,training_set_primary_roi_026,/content/drive/MyDrive/Research/PUMA/Exploration_8_Diversity_Aware_Wider_Field_and_Boundary_Optimization/INPUTS/QUICK_BENCHMARK/Dataset/01_training_dataset_tif_ROIs/training_set_primary_roi_026.tif,843.042553,414.04539,1,lymphocyte,gt
training_set_primary_roi_026:123,TRAIN,,,,training_set_primary_roi_026,/content/drive/MyDrive/Research/PUMA/Exploration_8_Diversity_Aware_Wider_Field_and_Boundary_Optimization/INPUTS/QUICK_BENCHMARK/Dataset/01_training_dataset_tif_ROIs/training_set_primary_roi_026.tif,317.405797,422.8,1,lymphocyte,gt
training_set_primary_roi_026:124,TRAIN,,,,training_set_primary_roi_026,/content/drive/MyDrive/Research/PUMA/Exploration_8_Diversity_Aware_Wider_Field_and_Boundary_Optimization/INPUTS/QUICK_BENCHMARK/Dataset/01_training_dataset_tif_ROIs/training_set_primary_roi_026.tif,871.133808,426.570071,9,apoptosis,gt
training_set_primary_roi_026:126,TRAIN,,,,training_set_primary_roi_026,/content/drive/MyDrive/Research/PUMA/Exploration_8_Diversity_Aware_Wider_Field_and_Boundary_Optimization/INPUTS/QUICK_BENCHMARK/Dataset/01_training_dataset_tif_ROIs/training_set_primary_roi_026.tif,892.894661,433.451659,9,apoptosis,gt
training_set_primary_roi_026:128,TRAIN,,,,training_set_primary_roi_026,/content/drive/MyDrive/Research/PUMA/Exploration_8_Diversity_Aware_Wider_Field_and_Boundary_Optimization/INPUTS/QUICK_BENCHMARK/Dataset/01_training_dataset_tif_ROIs/training_set_primary_roi_026.tif,908.953271,434.697819,9,apoptosis,gt
training_set_primary_roi_026:131,TRAIN,,,,training_set_primary_roi_026,/content/drive/MyDrive/Research/PUMA/Exploration_8_Diversity_Aware_Wider_Field_and_Boundary_Optimization/INPUTS/QUICK_BENCHMARK/Dataset/01_training_dataset_tif_ROIs/training_set_primary_roi_026.tif,303.445592,474.636364,4,melanophage,gt
training_set_primary_roi_026:14,TRAIN,,,,training_set_primary_roi_026,/content/drive/MyDrive/Research/PUMA/Exploration_8_Diversity_Aware_Wider_Field_and_Boundary_Optimization/INPUTS/QUICK_BENCHMARK/Dataset/01_training_dataset_tif_ROIs/training_set_primary_roi_026.tif,519.51921,49.321625,1,lymphocyte,gt
training_set_primary_roi_026:152,TRAIN,,,,training_set_primary_roi_026,/content/drive/MyDrive/Research/PUMA/Exploration_8_Diversity_Aware_Wider_Field_and_Boundary_Optimization/INPUTS/QUICK_BENCHMARK/Dataset/01_training_dataset_tif_ROIs/training_set_primary_roi_026.tif,463.739375,594.41125,8,endothelium,gt
training_set_primary_roi_026:164,TRAIN,,,,training_set_primary_roi_026,/content/drive/MyDrive/Research/PUMA/Exploration_8_Diversity_Aware_Wider_Field_and_Boundary_Optimization/INPUTS/QUICK_BENCHMARK/Dataset/01_training_dataset_tif_ROIs/training_set_primary_roi_026.tif,439.173143,667.527624,8,endothelium,gt
training_set_primary_roi_026:167,TRAIN,,,,training_set_primary_roi_026,/content/drive/MyDrive/Research/PUMA/Exploration_8_Diversity_Aware_Wider_Field_and_Boundary_Optimization/INPUTS/QUICK_BENCHMARK/Dataset/01_training_dataset_tif_ROIs/training_set_primary_roi_026.tif,332.804938,680.90463,3,histiocyte,gt
training_set_primary_roi_026:210,TRAIN,,,,training_set_primary_roi_026,/content/drive/MyDrive/Research/PUMA/Exploration_8_Diversity_Aware_Wider_Field_and_Boundary_Optimization/INPUTS/QUICK_BENCHMARK/Dataset/01_training_dataset_tif_ROIs/training_set_primary_roi_026.tif,941.403196,878.650316,7,epithelium,gt
training_set_primary_roi_026:211,TRAIN,,,,training_set_primary_roi_026,/content/drive/MyDrive/Research/PUMA/Exploration_8_Diversity_Aware_Wider_Field_and_Boundary_Optimization/INPUTS/QUICK_BENCHMARK/Dataset/01_training_dataset_tif_ROIs/training_set_primary_roi_026.tif,180.959596,878.751684,1,lymphocyte,gt
training_set_primary_roi_026:219,TRAIN,,,,training_set_primary_roi_026,/content/drive/MyDrive/Research/PUMA/Exploration_8_Diversity_Aware_Wider_Field_and_Boundary_Optimization/INPUTS/QUICK_BENCHMARK/Dataset/01_training_dataset_tif_ROIs/training_set_primary_roi_026.tif,494.381679,928.787277,7,epithelium,gt
training_set_primary_roi_026:228,TRAIN,,,,training_set_primary_roi_026,/content/drive/MyDrive/Research/PUMA/Exploration_8_Diversity_Aware_Wider_Field_and_Boundary_Optimization/INPUTS/QUICK_BENCHMARK/Dataset/01_training_dataset_tif_ROIs/training_set_primary_roi_026.tif,161.507687,962.771838,3,histiocyte,gt
training_set_primary_roi_026:23,TRAIN,,,,training_set_primary_roi_026,/content/drive/MyDrive/Research/PUMA/Exploration_8_Diversity_Aware_Wider_Field_and_Boundary_Optimization/INPUTS/QUICK_BENCHMARK/Dataset/01_training_dataset_tif_ROIs/training_set_primary_roi_026.tif,99.998553,88.493176,8,endothelium,gt
training_set_primary_roi_026:231,TRAIN,,,,training_set_primary_roi_026,/content/drive/MyDrive/Research/PUMA/Exploration_8_Diversity_Aware_Wider_Field_and_Boundary_Optimization/INPUTS/QUICK_BENCHMARK/Dataset/01_training_dataset_tif_ROIs/training_set_primary_roi_026.tif,575.066111,985.772222,7,epithelium,gt
training_set_primary_roi_026:24,TRAIN,,,,training_set_primary_roi_026,/content/drive/MyDrive/Research/PUMA/Exploration_8_Diversity_Aware_Wider_Field_and_Boundary_Optimization/INPUTS/QUICK_BENCHMARK/Dataset/01_training_dataset_tif_ROIs/training_set_primary_roi_026.tif,394.537438,83.457051,8,endothelium,gt
training_set_primary_roi_026:246,TRAIN,,,,training_set_primary_roi_026,/content/drive/MyDrive/Research/PUMA/Exploration_8_Diversity_Aware_Wider_Field_and_Boundary_Optimization/INPUTS/QUICK_BENCHMARK/Dataset/01_training_dataset_tif_ROIs/training_set_primary_roi_026.tif,548.865719,1015.458136,7,epithelium,gt
training_set_primary_roi_026:249,TRAIN,,,,training_set_primary_roi_026,/content/drive/MyDrive/Research/PUMA/Exploration_8_Diversity_Aware_Wider_Field_and_Boundary_Optimization/INPUTS/QUICK_BENCHMARK/Dataset/01_training_dataset_tif_ROIs/training_set_primary_roi_026.tif,742.085145,1020.849638,3,histiocyte,gt
training_set_primary_roi_026:25,TRAIN,,,,training_set_primary_roi_026,/content/drive/MyDrive/Research/PUMA/Exploration_8_Diversity_Aware_Wider_Field_and_Boundary_Optimization/INPUTS/QUICK_BENCHMARK/Dataset/01_training_dataset_tif_ROIs/training_set_primary_roi_026.tif,1001.179862,90.863175,7,epithelium,gt
training_set_primary_roi_026:252,TRAIN,,,,training_set_primary_roi_026,/content/drive/MyDrive/Research/PUMA/Exploration_8_Diversity_Aware_Wider_Field_and_Boundary_Optimization/INPUTS/QUICK_BENCHMARK/Dataset/01_training_dataset_tif_ROIs/training_set_primary_roi_026.tif,386.599988,361.11379,4,melanophage,gt
training_set_primary_roi_026:257,TRAIN,,,,training_set_primary_roi_026,/content/drive/MyDrive/Research/PUMA/Exploration_8_Diversity_Aware_Wider_Field_and_Boundary_Optimization/INPUTS/QUICK_BENCHMARK/Dataset/01_training_dataset_tif_ROIs/training_set_primary_roi_026.tif,178.10233,672.018913,8,endothelium,gt
training_set_primary_roi_026:26,TRAIN,,,,training_set_primary_roi_026,/content/drive/MyDrive/Research/PUMA/Exploration_8_Diversity_Aware_Wider_Field_and_Boundary_Optimization/INPUTS/QUICK_BENCHMARK/Dataset/01_training_dataset_tif_ROIs/training_set_primary_roi_026.tif,279.705898,90.282671,8,endothelium,gt
training_set_primary_roi_026:3,TRAIN,,,,training_set_primary_roi_026,/content/drive/MyDrive/Research/PUMA/Exploration_8_Diversity_Aware_Wider_Field_and_Boundary_Optimization/INPUTS/QUICK_BENCHMARK/Dataset/01_training_dataset_tif_ROIs/training_set_primary_roi_026.tif,1014.947012,13.54159,7,epithelium,gt
training_set_primary_roi_026:32,TRAIN,,,,training_set_primary_roi_026,/content/drive/MyDrive/Research/PUMA/Exploration_8_Diversity_Aware_Wider_Field_and_Boundary_Optimization/INPUTS/QUICK_BENCHMARK/Dataset/01_training_dataset_tif_ROIs/training_set_primary_roi_026.tif,991.065171,103.378205,7,epithelium,gt
training_set_primary_roi_026:36,TRAIN,,,,training_set_primary_roi_026,/content/drive/MyDrive/Research/PUMA/Exploration_8_Diversity_Aware_Wider_Field_and_Boundary_Optimization/INPUTS/QUICK_BENCHMARK/Dataset/01_training_dataset_tif_ROIs/training_set_primary_roi_026.tif,389.315522,117.094996,8,endothelium,gt
training_set_primary_roi_026:38,TRAIN,,,,training_set_primary_roi_026,/content/drive/MyDrive/Research/PUMA/Exploration_8_Diversity_Aware_Wider_Field_and_Boundary_Optimization/INPUTS/QUICK_BENCHMARK/Dataset/01_training_dataset_tif_ROIs/training_set_primary_roi_026.tif,722.317735,129.385649,8,endothelium,gt
training_set_primary_roi_026:39,TRAIN,,,,training_set_primary_roi_026,/content/drive/MyDrive/Research/PUMA/Exploration_8_Diversity_Aware_Wider_Field_and_Boundary_Optimization/INPUTS/QUICK_BENCHMARK/Dataset/01_training_dataset_tif_ROIs/training_set_primary_roi_026.tif,87.595442,134.385248,8,endothelium,gt
training_set_primary_roi_026:4,TRAIN,,,,training_set_primary_roi_026,/content/drive/MyDrive/Research/PUMA/Exploration_8_Diversity_Aware_Wider_Field_and_Boundary_Optimization/INPUTS/QUICK_BENCHMARK/Dataset/01_training_dataset_tif_ROIs/training_set_primary_roi_026.tif,438.742347,18.354592,8,endothelium,gt
training_set_primary_roi_026:51,TRAIN,,,,training_set_primary_roi_026,/content/drive/MyDrive/Research/PUMA/Exploration_8_Diversity_Aware_Wider_Field_and_Boundary_Optimization/INPUTS/QUICK_BENCHMARK/Dataset/01_training_dataset_tif_ROIs/training_set_primary_roi_026.tif,289.152047,166.232456,1,lymphocyte,gt
training_set_primary_roi_026:53,TRAIN,,,,training_set_primary_roi_026,/content/drive/MyDrive/Research/PUMA/Exploration_8_Diversity_Aware_Wider_Field_and_Boundary_Optimization/INPUTS/QUICK_BENCHMARK/Dataset/01_training_dataset_tif_ROIs/training_set_primary_roi_026.tif,603.618392,182.375551,8,endothelium,gt
training_set_primary_roi_026:61,TRAIN,,,,training_set_primary_roi_026,/content/drive/MyDrive/Research/PUMA/Exploration_8_Diversity_Aware_Wider_Field_and_Boundary_Optimization/INPUTS/QUICK_BENCHMARK/Dataset/01_training_dataset_tif_ROIs/training_set_primary_roi_026.tif,990.353114,204.190232,7,epithelium,gt
training_set_primary_roi_026:64,TRAIN,,,,training_set_primary_roi_026,/content/drive/MyDrive/Research/PUMA/Exploration_8_Diversity_Aware_Wider_Field_and_Boundary_Optimization/INPUTS/QUICK_BENCHMARK/Dataset/01_training_dataset_tif_ROIs/training_set_primary_roi_026.tif,96.854624,242.381611,8,endothelium,gt
training_set_primary_roi_026:68,TRAIN,,,,training_set_primary_roi_026,/content/drive/MyDrive/Research/PUMA/Exploration_8_Diversity_Aware_Wider_Field_and_Boundary_Optimization/INPUTS/QUICK_BENCHMARK/Dataset/01_training_dataset_tif_ROIs/training_set_primary_roi_026.tif,209.37933,249.746735,3,histiocyte,gt
training_set_primary_roi_026:77,TRAIN,,,,training_set_primary_roi_026,/content/drive/MyDrive/Research/PUMA/Exploration_8_Diversity_Aware_Wider_Field_and_Boundary_Optimization/INPUTS/QUICK_BENCHMARK/Dataset/01_training_dataset_tif_ROIs/training_set_primary_roi_026.tif,71.5949,269.405829,3,histiocyte,gt
training_set_primary_roi_026:8,TRAIN,,,,training_set_primary_roi_026,/content/drive/MyDrive/Research/PUMA/Exploration_8_Diversity_Aware_Wider_Field_and_Boundary_Optimization/INPUTS/QUICK_BENCHMARK/Dataset/01_training_dataset_tif_ROIs/training_set_primary_roi_026.tif,259.927502,27.843212,8,endothelium,gt
training_set_primary_roi_026:9,TRAIN,,,,training_set_primary_roi_026,/content/drive/MyDrive/Research/PUMA/Exploration_8_Diversity_Aware_Wider_Field_and_Boundary_Optimization/INPUTS/QUICK_BENCHMARK/Dataset/01_training_dataset_tif_ROIs/training_set_primary_roi_026.tif,782.574097,34.050228,4,melanophage,gt
training_set_primary_roi_036:116,TRAIN,,,,training_set_primary_roi_036,/content/drive/MyDrive/Research/PUMA/Exploration_8_Diversity_Aware_Wider_Field_and_Boundary_Optimization/INPUTS/QUICK_BENCHMARK/Dataset/01_training_dataset_tif_ROIs/training_set_primary_roi_036.tif,635.828567,228.672215,7,epithelium,gt
training_set_primary_roi_036:145,TRAIN,,,,training_set_primary_roi_036,/content/drive/MyDrive/Research/PUMA/Exploration_8_Diversity_Aware_Wider_Field_and_Boundary_Optimization/INPUTS/QUICK_BENCHMARK/Dataset/01_training_dataset_tif_ROIs/training_set_primary_roi_036.tif,849.81849,287.614062,0,tumor,gt
training_set_primary_roi_036:196,TRAIN,,,,training_set_primary_roi_036,/content/drive/MyDrive/Research/PUMA/Exploration_8_Diversity_Aware_Wider_Field_and_Boundary_Optimization/INPUTS/QUICK_BENCHMARK/Dataset/01_training_dataset_tif_ROIs/training_set_primary_roi_036.tif,613.467732,367.792185,0,tumor,gt
training_set_primary_roi_036:215,TRAIN,,,,training_set_primary_roi_036,/content/drive/MyDrive/Research/PUMA/Exploration_8_Diversity_Aware_Wider_Field_and_Boundary_Optimization/INPUTS/QUICK_BENCHMARK/Dataset/01_training_dataset_tif_ROIs/training_set_primary_roi_036.tif,866.572459,400.487213,0,tumor,gt
training_set_primary_roi_036:251,TRAIN,,,,training_set_primary_roi_036,/content/drive/MyDrive/Research/PUMA/Exploration_8_Diversity_Aware_Wider_Field_and_Boundary_Optimization/INPUTS/QUICK_BENCHMARK/Dataset/01_training_dataset_tif_ROIs/training_set_primary_roi_036.tif,975.409875,462.561651,7,epithelium,gt
training_set_primary_roi_036:287,TRAIN,,,,training_set_primary_roi_036,/content/drive/MyDrive/Research/PUMA/Exploration_8_Diversity_Aware_Wider_Field_and_Boundary_Optimization/INPUTS/QUICK_BENCHMARK/Dataset/01_training_dataset_tif_ROIs/training_set_primary_roi_036.tif,174.278939,538.216584,3,histiocyte,gt
training_set_primary_roi_036:347,TRAIN,,,,training_set_primary_roi_036,/content/drive/MyDrive/Research/PUMA/Exploration_8_Diversity_Aware_Wider_Field_and_Boundary_Optimization/INPUTS/QUICK_BENCHMARK/Dataset/01_training_dataset_tif_ROIs/training_set_primary_roi_036.tif,137.073071,640.838259,3,histiocyte,gt
training_set_primary_roi_036:364,TRAIN,,,,training_set_primary_roi_036,/content/drive/MyDrive/Research/PUMA/Exploration_8_Diversity_Aware_Wider_Field_and_Boundary_Optimization/INPUTS/QUICK_BENCHMARK/Dataset/01_training_dataset_tif_ROIs/training_set_primary_roi_036.tif,257.086889,683.894233,3,histiocyte,gt
training_set_primary_roi_036:376,TRAIN,,,,training_set_primary_roi_036,/content/drive/MyDrive/Research/PUMA/Exploration_8_Diversity_Aware_Wider_Field_and_Boundary_Optimization/INPUTS/QUICK_BENCHMARK/Dataset/01_training_dataset_tif_ROIs/training_set_primary_roi_036.tif,308.754463,714.667889,3,histiocyte,gt
training_set_primary_roi_036:404,TRAIN,,,,training_set_primary_roi_036,/content/drive/MyDrive/Research/PUMA/Exploration_8_Diversity_Aware_Wider_Field_and_Boundary_Optimization/INPUTS/QUICK_BENCHMARK/Dataset/01_training_dataset_tif_ROIs/training_set_primary_roi_036.tif,659.139138,772.756722,0,tumor,gt
training_set_primary_roi_036:448,TRAIN,,,,training_set_primary_roi_036,/content/drive/MyDrive/Research/PUMA/Exploration_8_Diversity_Aware_Wider_Field_and_Boundary_Optimization/INPUTS/QUICK_BENCHMARK/Dataset/01_training_dataset_tif_ROIs/training_set_primary_roi_036.tif,166.539095,870.031687,3,histiocyte,gt
training_set_primary_roi_036:491,TRAIN,,,,training_set_primary_roi_036,/content/drive/MyDrive/Research/PUMA/Exploration_8_Diversity_Aware_Wider_Field_and_Boundary_Optimization/INPUTS/QUICK_BENCHMARK/Dataset/01_training_dataset_tif_ROIs/training_set_primary_roi_036.tif,525.895327,986.916786,0,tumor,gt
training_set_primary_roi_036:88,TRAIN,,,,training_set_primary_roi_036,/content/drive/MyDrive/Research/PUMA/Exploration_8_Diversity_Aware_Wider_Field_and_Boundary_Optimization/INPUTS/QUICK_BENCHMARK/Dataset/01_training_dataset_tif_ROIs/training_set_primary_roi_036.tif,398.548585,171.076887,7,epithelium,gt
training_set_primary_roi_042:104,TRAIN,,,,training_set_primary_roi_042,/content/drive/MyDrive/Research/PUMA/Exploration_8_Diversity_Aware_Wider_Field_and_Boundary_Optimization/INPUTS/QUICK_BENCHMARK/Dataset/01_training_dataset_tif_ROIs/training_set_primary_roi_042.tif,350.990085,333.444745,0,tumor,gt
training_set_primary_roi_042:220,TRAIN,,,,training_set_primary_roi_042,/content/drive/MyDrive/Research/PUMA/Exploration_8_Diversity_Aware_Wider_Field_and_Boundary_Optimization/INPUTS/QUICK_BENCHMARK/Dataset/01_training_dataset_tif_ROIs/training_set_primary_roi_042.tif,346.780534,659.845923,7,epithelium,gt
training_set_primary_roi_042:241,TRAIN,,,,training_set_primary_roi_042,/content/drive/MyDrive/Research/PUMA/Exploration_8_Diversity_Aware_Wider_Field_and_Boundary_Optimization/INPUTS/QUICK_BENCHMARK/Dataset/01_training_dataset_tif_ROIs/training_set_primary_roi_042.tif,180.03231,691.018309,7,epithelium,gt
training_set_primary_roi_042:269,TRAIN,,,,training_set_primary_roi_042,/content/drive/MyDrive/Research/PUMA/Exploration_8_Diversity_Aware_Wider_Field_and_Boundary_Optimization/INPUTS/QUICK_BENCHMARK/Dataset/01_training_dataset_tif_ROIs/training_set_primary_roi_042.tif,855.834699,758.029372,7,epithelium,gt
training_set_primary_roi_042:379,TRAIN,,,,training_set_primary_roi_042,/content/drive/MyDrive/Research/PUMA/Exploration_8_Diversity_Aware_Wider_Field_and_Boundary_Optimization/INPUTS/QUICK_BENCHMARK/Dataset/01_training_dataset_tif_ROIs/training_set_primary_roi_042.tif,256.243876,936.44316,7,epithelium,gt
training_set_primary_roi_042:396,TRAIN,,,,training_set_primary_roi_042,/content/drive/MyDrive/Research/PUMA/Exploration_8_Diversity_Aware_Wider_Field_and_Boundary_Optimization/INPUTS/QUICK_BENCHMARK/Dataset/01_training_dataset_tif_ROIs/training_set_primary_roi_042.tif,292.251261,983.787156,7,epithelium,gt
training_set_primary_roi_042:413,TRAIN,,,,training_set_primary_roi_042,/content/drive/MyDrive/Research/PUMA/Exploration_8_Diversity_Aware_Wider_Field_and_Boundary_Optimization/INPUTS/QUICK_BENCHMARK/Dataset/01_training_dataset_tif_ROIs/training_set_primary_roi_042.tif,896.609187,1005.17398,7,epithelium,gt
training_set_primary_roi_042:46,TRAIN,,,,training_set_primary_roi_042,/content/drive/MyDrive/Research/PUMA/Exploration_8_Diversity_Aware_Wider_Field_and_Boundary_Optimization/INPUTS/QUICK_BENCHMARK/Dataset/01_training_dataset_tif_ROIs/training_set_primary_roi_042.tif,818.990498,145.695947,0,tumor,gt
training_set_primary_roi_042:97,TRAIN,,,,training_set_primary_roi_042,/content/drive/MyDrive/Research/PUMA/Exploration_8_Diversity_Aware_Wider_Field_and_Boundary_Optimization/INPUTS/QUICK_BENCHMARK/Dataset/01_training_dataset_tif_ROIs/training_set_primary_roi_042.tif,814.058096,296.413519,0,tumor,gt
training_set_primary_roi_059:101,TRAIN,,,,training_set_primary_roi_059,/content/drive/MyDrive/Research/PUMA/Exploration_8_Diversity_Aware_Wider_Field_and_Boundary_Optimization/INPUTS/QUICK_BENCHMARK/Dataset/01_training_dataset_tif_ROIs/training_set_primary_roi_059.tif,419.050021,225.788371,3,histiocyte,gt
training_set_primary_roi_059:110,TRAIN,,,,training_set_primary_roi_059,/content/drive/MyDrive/Research/PUMA/Exploration_8_Diversity_Aware_Wider_Field_and_Boundary_Optimization/INPUTS/QUICK_BENCHMARK/Dataset/01_training_dataset_tif_ROIs/training_set_primary_roi_059.tif,350.201754,237.190526,6,stroma,gt
training_set_primary_roi_059:142,TRAIN,,,,training_set_primary_roi_059,/content/drive/MyDrive/Research/PUMA/Exploration_8_Diversity_Aware_Wider_Field_and_Boundary_Optimization/INPUTS/QUICK_BENCHMARK/Dataset/01_training_dataset_tif_ROIs/training_set_primary_roi_059.tif,318.212184,299.757009,6,stroma,gt
training_set_primary_roi_059:158,TRAIN,,,,training_set_primary_roi_059,/content/drive/MyDrive/Research/PUMA/Exploration_8_Diversity_Aware_Wider_Field_and_Boundary_Optimization/INPUTS/QUICK_BENCHMARK/Dataset/01_training_dataset_tif_ROIs/training_set_primary_roi_059.tif,472.23236,328.010949,5,neutrophil,gt
training_set_primary_roi_059:166,TRAIN,,,,training_set_primary_roi_059,/content/drive/MyDrive/Research/PUMA/Exploration_8_Diversity_Aware_Wider_Field_and_Boundary_Optimization/INPUTS/QUICK_BENCHMARK/Dataset/01_training_dataset_tif_ROIs/training_set_primary_roi_059.tif,448.15794,346.967895,3,histiocyte,gt
training_set_primary_roi_059:17,TRAIN,,,,training_set_primary_roi_059,/content/drive/MyDrive/Research/PUMA/Exploration_8_Diversity_Aware_Wider_Field_and_Boundary_Optimization/INPUTS/QUICK_BENCHMARK/Dataset/01_training_dataset_tif_ROIs/training_set_primary_roi_059.tif,914.969411,41.108412,4,melanophage,gt
training_set_primary_roi_059:192,TRAIN,,,,training_set_primary_roi_059,/content/drive/MyDrive/Research/PUMA/Exploration_8_Diversity_Aware_Wider_Field_and_Boundary_Optimization/INPUTS/QUICK_BENCHMARK/Dataset/01_training_dataset_tif_ROIs/training_set_primary_roi_059.tif,870.875208,390.537992,4,melanophage,gt
training_set_primary_roi_059:252,TRAIN,,,,training_set_primary_roi_059,/content/drive/MyDrive/Research/PUMA/Exploration_8_Diversity_Aware_Wider_Field_and_Boundary_Optimization/INPUTS/QUICK_BENCHMARK/Dataset/01_training_dataset_tif_ROIs/training_set_primary_roi_059.tif,217.062758,492.743142,2,plasma_cell,gt
training_set_primary_roi_059:259,TRAIN,,,,training_set_primary_roi_059,/content/drive/MyDrive/Research/PUMA/Exploration_8_Diversity_Aware_Wider_Field_and_Boundary_Optimization/INPUTS/QUICK_BENCHMARK/Dataset/01_training_dataset_tif_ROIs/training_set_primary_roi_059.tif,563.105186,503.810023,3,histiocyte,gt
training_set_primary_roi_059:425,TRAIN,,,,training_set_primary_roi_059,/content/drive/MyDrive/Research/PUMA/Exploration_8_Diversity_Aware_Wider_Field_and_Boundary_Optimization/INPUTS/QUICK_BENCHMARK/Dataset/01_training_dataset_tif_ROIs/training_set_primary_roi_059.tif,105.896124,865.204651,9,apoptosis,gt
training_set_primary_roi_059:463,TRAIN,,,,training_set_primary_roi_059,/content/drive/MyDrive/Research/PUMA/Exploration_8_Diversity_Aware_Wider_Field_and_Boundary_Optimization/INPUTS/QUICK_BENCHMARK/Dataset/01_training_dataset_tif_ROIs/training_set_primary_roi_059.tif,142.732962,470.555865,2,plasma_cell,gt
training_set_primary_roi_059:469,TRAIN,,,,training_set_primary_roi_059,/content/drive/MyDrive/Research/PUMA/Exploration_8_Diversity_Aware_Wider_Field_and_Boundary_Optimization/INPUTS/QUICK_BENCHMARK/Dataset/01_training_dataset_tif_ROIs/training_set_primary_roi_059.tif,505.99836,319.801968,5,neutrophil,gt
training_set_primary_roi_059:470,TRAIN,,,,training_set_primary_roi_059,/content/drive/MyDrive/Research/PUMA/Exploration_8_Diversity_Aware_Wider_Field_and_Boundary_Optimization/INPUTS/QUICK_BENCHMARK/Dataset/01_training_dataset_tif_ROIs/training_set_primary_roi_059.tif,154.015046,766.96875,2,plasma_cell,gt
training_set_primary_roi_059:473,TRAIN,,,,training_set_primary_roi_059,/content/drive/MyDrive/Research/PUMA/Exploration_8_Diversity_Aware_Wider_Field_and_Boundary_Optimization/INPUTS/QUICK_BENCHMARK/Dataset/01_training_dataset_tif_ROIs/training_set_primary_roi_059.tif,96.829149,391.897122,3,histiocyte,gt
training_set_primary_roi_059:498,TRAIN,,,,training_set_primary_roi_059,/content/drive/MyDrive/Research/PUMA/Exploration_8_Diversity_Aware_Wider_Field_and_Boundary_Optimization/INPUTS/QUICK_BENCHMARK/Dataset/01_training_dataset_tif_ROIs/training_set_primary_roi_059.tif,525.600712,754.620888,9,apoptosis,gt
training_set_primary_roi_059:52,TRAIN,,,,training_set_primary_roi_059,/content/drive/MyDrive/Research/PUMA/Exploration_8_Diversity_Aware_Wider_Field_and_Boundary_Optimization/INPUTS/QUICK_BENCHMARK/Dataset/01_training_dataset_tif_ROIs/training_set_primary_roi_059.tif,826.386076,121.835443,3,histiocyte,gt
training_set_primary_roi_059:542,TRAIN,,,,training_set_primary_roi_059,/content/drive/MyDrive/Research/PUMA/Exploration_8_Diversity_Aware_Wider_Field_and_Boundary_Optimization/INPUTS/QUICK_BENCHMARK/Dataset/01_training_dataset_tif_ROIs/training_set_primary_roi_059.tif,744.893559,656.505651,9,apoptosis,gt
training_set_primary_roi_059:7,TRAIN,,,,training_set_primary_roi_059,/content/drive/MyDrive/Research/PUMA/Exploration_8_Diversity_Aware_Wider_Field_and_Boundary_Optimization/INPUTS/QUICK_BENCHMARK/Dataset/01_training_dataset_tif_ROIs/training_set_primary_roi_059.tif,951.000407,29.955813,8,endothelium,gt
training_set_primary_roi_059:99,TRAIN,,,,training_set_primary_roi_059,/content/drive/MyDrive/Research/PUMA/Exploration_8_Diversity_Aware_Wider_Field_and_Boundary_Optimization/INPUTS/QUICK_BENCHMARK/Dataset/01_training_dataset_tif_ROIs/training_set_primary_roi_059.tif,87.319384,216.750989,3,histiocyte,gt
training_set_primary_roi_068:13,TRAIN,,,,training_set_primary_roi_068,/content/drive/MyDrive/Research/PUMA/Exploration_8_Diversity_Aware_Wider_Field_and_Boundary_Optimization/INPUTS/QUICK_BENCHMARK/Dataset/01_training_dataset_tif_ROIs/training_set_primary_roi_068.tif,158.040046,29.598148,0,tumor,gt
training_set_primary_roi_068:134,TRAIN,,,,training_set_primary_roi_068,/content/drive/MyDrive/Research/PUMA/Exploration_8_Diversity_Aware_Wider_Field_and_Boundary_Optimization/INPUTS/QUICK_BENCHMARK/Dataset/01_training_dataset_tif_ROIs/training_set_primary_roi_068.tif,413.281944,311.423611,0,tumor,gt
training_set_primary_roi_068:194,TRAIN,,,,training_set_primary_roi_068,/content/drive/MyDrive/Research/PUMA/Exploration_8_Diversity_Aware_Wider_Field_and_Boundary_Optimization/INPUTS/QUICK_BENCHMARK/Dataset/01_training_dataset_tif_ROIs/training_set_primary_roi_068.tif,922.575269,456.995699,4,melanophage,gt
training_set_primary_roi_068:196,TRAIN,,,,training_set_primary_roi_068,/content/drive/MyDrive/Research/PUMA/Exploration_8_Diversity_Aware_Wider_Field_and_Boundary_Optimization/INPUTS/QUICK_BENCHMARK/Dataset/01_training_dataset_tif_ROIs/training_set_primary_roi_068.tif,953.078656,460.820578,4,melanophage,gt
training_set_primary_roi_068:200,TRAIN,,,,training_set_primary_roi_068,/content/drive/MyDrive/Research/PUMA/Exploration_8_Diversity_Aware_Wider_Field_and_Boundary_Optimization/INPUTS/QUICK_BENCHMARK/Dataset/01_training_dataset_tif_ROIs/training_set_primary_roi_068.tif,195.100036,473.149512,0,tumor,gt
training_set_primary_roi_068:211,TRAIN,,,,training_set_primary_roi_068,/content/drive/MyDrive/Research/PUMA/Exploration_8_Diversity_Aware_Wider_Field_and_Boundary_Optimization/INPUTS/QUICK_BENCHMARK/Dataset/01_training_dataset_tif_ROIs/training_set_primary_roi_068.tif,706.9117,506.004415,1,lymphocyte,gt
training_set_primary_roi_068:237,TRAIN,,,,training_set_primary_roi_068,/content/drive/MyDrive/Research/PUMA/Exploration_8_Diversity_Aware_Wider_Field_and_Boundary_Optimization/INPUTS/QUICK_BENCHMARK/Dataset/01_training_dataset_tif_ROIs/training_set_primary_roi_068.tif,123.528093,590.119665,4,melanophage,gt
training_set_primary_roi_068:247,TRAIN,,,,training_set_primary_roi_068,/content/drive/MyDrive/Research/PUMA/Exploration_8_Diversity_Aware_Wider_Field_and_Boundary_Optimization/INPUTS/QUICK_BENCHMARK/Dataset/01_training_dataset_tif_ROIs/training_set_primary_roi_068.tif,764.966627,593.48232,2,plasma_cell,gt
training_set_primary_roi_068:261,TRAIN,,,,training_set_primary_roi_068,/content/drive/MyDrive/Research/PUMA/Exploration_8_Diversity_Aware_Wider_Field_and_Boundary_Optimization/INPUTS/QUICK_BENCHMARK/Dataset/01_training_dataset_tif_ROIs/training_set_primary_roi_068.tif,737.331502,622.099817,1,lymphocyte,gt
training_set_primary_roi_068:28,TRAIN,,,,training_set_primary_roi_068,/content/drive/MyDrive/Research/PUMA/Exploration_8_Diversity_Aware_Wider_Field_and_Boundary_Optimization/INPUTS/QUICK_BENCHMARK/Dataset/01_training_dataset_tif_ROIs/training_set_primary_roi_068.tif,338.011733,45.966933,1,lymphocyte,gt
training_set_primary_roi_068:30,TRAIN,,,,training_set_primary_roi_068,/content/drive/MyDrive/Research/PUMA/Exploration_8_Diversity_Aware_Wider_Field_and_Boundary_Optimization/INPUTS/QUICK_BENCHMARK/Dataset/01_training_dataset_tif_ROIs/training_set_primary_roi_068.tif,688.787879,51.08582,0,tumor,gt
training_set_primary_roi_068:319,TRAIN,,,,training_set_primary_roi_068,/content/drive/MyDrive/Research/PUMA/Exploration_8_Diversity_Aware_Wider_Field_and_Boundary_Optimization/INPUTS/QUICK_BENCHMARK/Dataset/01_training_dataset_tif_ROIs/training_set_primary_roi_068.tif,384.21033,748.953789,0,tumor,gt
training_set_primary_roi_068:323,TRAIN,,,,training_set_primary_roi_068,/content/drive/MyDrive/Research/PUMA/Exploration_8_Diversity_Aware_Wider_Field_and_Boundary_Optimization/INPUTS/QUICK_BENCHMARK/Dataset/01_training_dataset_tif_ROIs/training_set_primary_roi_068.tif,927.794987,754.973935,1,lymphocyte,gt
training_set_primary_roi_068:365,TRAIN,,,,training_set_primary_roi_068,/content/drive/MyDrive/Research/PUMA/Exploration_8_Diversity_Aware_Wider_Field_and_Boundary_Optimization/INPUTS/QUICK_BENCHMARK/Dataset/01_training_dataset_tif_ROIs/training_set_primary_roi_068.tif,604.953386,834.420405,1,lymphocyte,gt
training_set_primary_roi_068:367,TRAIN,,,,training_set_primary_roi_068,/content/drive/MyDrive/Research/PUMA/Exploration_8_Diversity_Aware_Wider_Field_and_Boundary_Optimization/INPUTS/QUICK_BENCHMARK/Dataset/01_training_dataset_tif_ROIs/training_set_primary_roi_068.tif,396.295159,841.390397,4,melanophage,gt
training_set_primary_roi_068:379,TRAIN,,,,training_set_primary_roi_068,/content/drive/MyDrive/Research/PUMA/Exploration_8_Diversity_Aware_Wider_Field_and_Boundary_Optimization/INPUTS/QUICK_BENCHMARK/Dataset/01_training_dataset_tif_ROIs/training_set_primary_roi_068.tif,152.115088,867.671228,4,melanophage,gt
training_set_primary_roi_068:440,TRAIN,,,,training_set_primary_roi_068,/content/drive/MyDrive/Research/PUMA/Exploration_8_Diversity_Aware_Wider_Field_and_Boundary_Optimization/INPUTS/QUICK_BENCHMARK/Dataset/01_training_dataset_tif_ROIs/training_set_primary_roi_068.tif,76.812538,985.338156,1,lymphocyte,gt
training_set_primary_roi_068:474,TRAIN,,,,training_set_primary_roi_068,/content/drive/MyDrive/Research/PUMA/Exploration_8_Diversity_Aware_Wider_Field_and_Boundary_Optimization/INPUTS/QUICK_BENCHMARK/Dataset/01_training_dataset_tif_ROIs/training_set_primary_roi_068.tif,801.044053,923.54185,1,lymphocyte,gt
training_set_primary_roi_068:478,TRAIN,,,,training_set_primary_roi_068,/content/drive/MyDrive/Research/PUMA/Exploration_8_Diversity_Aware_Wider_Field_and_Boundary_Optimization/INPUTS/QUICK_BENCHMARK/Dataset/01_training_dataset_tif_ROIs/training_set_primary_roi_068.tif,491.970032,506.16828,4,melanophage,gt
training_set_primary_roi_068:81,TRAIN,,,,training_set_primary_roi_068,/content/drive/MyDrive/Research/PUMA/Exploration_8_Diversity_Aware_Wider_Field_and_Boundary_Optimization/INPUTS/QUICK_BENCHMARK/Dataset/01_training_dataset_tif_ROIs/training_set_primary_roi_068.tif,312.120246,164.275727,4,melanophage,gt
training_set_primary_roi_074:105,TRAIN,,,,training_set_primary_roi_074,/content/drive/MyDrive/Research/PUMA/Exploration_8_Diversity_Aware_Wider_Field_and_Boundary_Optimization/INPUTS/QUICK_BENCHMARK/Dataset/01_training_dataset_tif_ROIs/training_set_primary_roi_074.tif,704.495761,336.740929,3,histiocyte,gt
training_set_primary_roi_074:130,TRAIN,,,,training_set_primary_roi_074,/content/drive/MyDrive/Research/PUMA/Exploration_8_Diversity_Aware_Wider_Field_and_Boundary_Optimization/INPUTS/QUICK_BENCHMARK/Dataset/01_training_dataset_tif_ROIs/training_set_primary_roi_074.tif,762.390306,765.664966,3,histiocyte,gt
training_set_primary_roi_074:14,TRAIN,,,,training_set_primary_roi_074,/content/drive/MyDrive/Research/PUMA/Exploration_8_Diversity_Aware_Wider_Field_and_Boundary_Optimization/INPUTS/QUICK_BENCHMARK/Dataset/01_training_dataset_tif_ROIs/training_set_primary_roi_074.tif,239.785156,654.95026,7,epithelium,gt
training_set_primary_roi_074:164,TRAIN,,,,training_set_primary_roi_074,/content/drive/MyDrive/Research/PUMA/Exploration_8_Diversity_Aware_Wider_Field_and_Boundary_Optimization/INPUTS/QUICK_BENCHMARK/Dataset/01_training_dataset_tif_ROIs/training_set_primary_roi_074.tif,488.443966,830.475575,3,histiocyte,gt
training_set_primary_roi_074:28,TRAIN,,,,training_set_primary_roi_074,/content/drive/MyDrive/Research/PUMA/Exploration_8_Diversity_Aware_Wider_Field_and_Boundary_Optimization/INPUTS/QUICK_BENCHMARK/Dataset/01_training_dataset_tif_ROIs/training_set_primary_roi_074.tif,35.399651,690.47644,7,epithelium,gt
training_set_primary_roi_074:306,TRAIN,,,,training_set_primary_roi_074,/content/drive/MyDrive/Research/PUMA/Exploration_8_Diversity_Aware_Wider_Field_and_Boundary_Optimization/INPUTS/QUICK_BENCHMARK/Dataset/01_training_dataset_tif_ROIs/training_set_primary_roi_074.tif,816.442728,322.62677,3,histiocyte,gt
training_set_primary_roi_074:316,TRAIN,,,,training_set_primary_roi_074,/content/drive/MyDrive/Research/PUMA/Exploration_8_Diversity_Aware_Wider_Field_and_Boundary_Optimization/INPUTS/QUICK_BENCHMARK/Dataset/01_training_dataset_tif_ROIs/training_set_primary_roi_074.tif,675.991667,386.130952,3,histiocyte,gt
training_set_primary_roi_074:367,TRAIN,,,,training_set_primary_roi_074,/content/drive/MyDrive/Research/PUMA/Exploration_8_Diversity_Aware_Wider_Field_and_Boundary_Optimization/INPUTS/QUICK_BENCHMARK/Dataset/01_training_dataset_tif_ROIs/training_set_primary_roi_074.tif,691.420992,609.975779,3,histiocyte,gt
training_set_primary_roi_074:413,TRAIN,,,,training_set_primary_roi_074,/content/drive/MyDrive/Research/PUMA/Exploration_8_Diversity_Aware_Wider_Field_and_Boundary_Optimization/INPUTS/QUICK_BENCHMARK/Dataset/01_training_dataset_tif_ROIs/training_set_primary_roi_074.tif,129.506298,809.897272,9,apoptosis,gt
training_set_primary_roi_074:431,TRAIN,,,,training_set_primary_roi_074,/content/drive/MyDrive/Research/PUMA/Exploration_8_Diversity_Aware_Wider_Field_and_Boundary_Optimization/INPUTS/QUICK_BENCHMARK/Dataset/01_training_dataset_tif_ROIs/training_set_primary_roi_074.tif,946.0,75.0,9,apoptosis,gt
training_set_primary_roi_074:483,TRAIN,,,,training_set_primary_roi_074,/content/drive/MyDrive/Research/PUMA/Exploration_8_Diversity_Aware_Wider_Field_and_Boundary_Optimization/INPUTS/QUICK_BENCHMARK/Dataset/01_training_dataset_tif_ROIs/training_set_primary_roi_074.tif,849.854839,250.971264,3,histiocyte,gt
training_set_primary_roi_074:68,TRAIN,,,,training_set_primary_roi_074,/content/drive/MyDrive/Research/PUMA/Exploration_8_Diversity_Aware_Wider_Field_and_Boundary_Optimization/INPUTS/QUICK_BENCHMARK/Dataset/01_training_dataset_tif_ROIs/training_set_primary_roi_074.tif,287.509986,635.464187,7,epithelium,gt
training_set_primary_roi_074:80,TRAIN,,,,training_set_primary_roi_074,/content/drive/MyDrive/Research/PUMA/Exploration_8_Diversity_Aware_Wider_Field_and_Boundary_Optimization/INPUTS/QUICK_BENCHMARK/Dataset/01_training_dataset_tif_ROIs/training_set_primary_roi_074.tif,843.634814,472.1476,3,histiocyte,gt
training_set_primary_roi_090:103,TRAIN,,,,training_set_primary_roi_090,/content/drive/MyDrive/Research/PUMA/Exploration_8_Diversity_Aware_Wider_Field_and_Boundary_Optimization/INPUTS/QUICK_BENCHMARK/Dataset/01_training_dataset_tif_ROIs/training_set_primary_roi_090.tif,912.6862,840.911677,8,endothelium,gt
training_set_primary_roi_090:106,TRAIN,,,,training_set_primary_roi_090,/content/drive/MyDrive/Research/PUMA/Exploration_8_Diversity_Aware_Wider_Field_and_Boundary_Optimization/INPUTS/QUICK_BENCHMARK/Dataset/01_training_dataset_tif_ROIs/training_set_primary_roi_090.tif,39.230912,908.625698,8,endothelium,gt
training_set_primary_roi_090:109,TRAIN,,,,training_set_primary_roi_090,/content/drive/MyDrive/Research/PUMA/Exploration_8_Diversity_Aware_Wider_Field_and_Boundary_Optimization/INPUTS/QUICK_BENCHMARK/Dataset/01_training_dataset_tif_ROIs/training_set_primary_roi_090.tif,42.405341,529.6433,7,epithelium,gt
training_set_primary_roi_090:124,TRAIN,,,,training_set_primary_roi_090,/content/drive/MyDrive/Research/PUMA/Exploration_8_Diversity_Aware_Wider_Field_and_Boundary_Optimization/INPUTS/QUICK_BENCHMARK/Dataset/01_training_dataset_tif_ROIs/training_set_primary_roi_090.tif,60.949346,788.96201,8,endothelium,gt
training_set_primary_roi_090:142,TRAIN,,,,training_set_primary_roi_090,/content/drive/MyDrive/Research/PUMA/Exploration_8_Diversity_Aware_Wider_Field_and_Boundary_Optimization/INPUTS/QUICK_BENCHMARK/Dataset/01_training_dataset_tif_ROIs/training_set_primary_roi_090.tif,71.215289,24.256886,7,epithelium,gt
training_set_primary_roi_090:173,TRAIN,,,,training_set_primary_roi_090,/content/drive/MyDrive/Research/PUMA/Exploration_8_Diversity_Aware_Wider_Field_and_Boundary_Optimization/INPUTS/QUICK_BENCHMARK/Dataset/01_training_dataset_tif_ROIs/training_set_primary_roi_090.tif,348.621005,699.116614,8,endothelium,gt
training_set_primary_roi_090:18,TRAIN,,,,training_set_primary_roi_090,/content/drive/MyDrive/Research/PUMA/Exploration_8_Diversity_Aware_Wider_Field_and_Boundary_Optimization/INPUTS/QUICK_BENCHMARK/Dataset/01_training_dataset_tif_ROIs/training_set_primary_roi_090.tif,838.8582,860.0709,8,endothelium,gt
training_set_primary_roi_090:212,TRAIN,,,,training_set_primary_roi_090,/content/drive/MyDrive/Research/PUMA/Exploration_8_Diversity_Aware_Wider_Field_and_Boundary_Optimization/INPUTS/QUICK_BENCHMARK/Dataset/01_training_dataset_tif_ROIs/training_set_primary_roi_090.tif,121.030943,941.73761,8,endothelium,gt
training_set_primary_roi_090:230,TRAIN,,,,training_set_primary_roi_090,/content/drive/MyDrive/Research/PUMA/Exploration_8_Diversity_Aware_Wider_Field_and_Boundary_Optimization/INPUTS/QUICK_BENCHMARK/Dataset/01_training_dataset_tif_ROIs/training_set_primary_roi_090.tif,915.43536,987.97624,8,endothelium,gt
training_set_primary_roi_090:232,TRAIN,,,,training_set_primary_roi_090,/content/drive/MyDrive/Research/PUMA/Exploration_8_Diversity_Aware_Wider_Field_and_Boundary_Optimization/INPUTS/QUICK_BENCHMARK/Dataset/01_training_dataset_tif_ROIs/training_set_primary_roi_090.tif,962.766051,887.098505,8,endothelium,gt
training_set_primary_roi_090:284,TRAIN,,,,training_set_primary_roi_090,/content/drive/MyDrive/Research/PUMA/Exploration_8_Diversity_Aware_Wider_Field_and_Boundary_Optimization/INPUTS/QUICK_BENCHMARK/Dataset/01_training_dataset_tif_ROIs/training_set_primary_roi_090.tif,288.830726,551.901286,8,endothelium,gt
training_set_primary_roi_090:334,TRAIN,,,,training_set_primary_roi_090,/content/drive/MyDrive/Research/PUMA/Exploration_8_Diversity_Aware_Wider_Field_and_Boundary_Optimization/INPUTS/QUICK_BENCHMARK/Dataset/01_training_dataset_tif_ROIs/training_set_primary_roi_090.tif,7.016981,645.492453,7,epithelium,gt
training_set_primary_roi_090:34,TRAIN,,,,training_set_primary_roi_090,/content/drive/MyDrive/Research/PUMA/Exploration_8_Diversity_Aware_Wider_Field_and_Boundary_Optimization/INPUTS/QUICK_BENCHMARK/Dataset/01_training_dataset_tif_ROIs/training_set_primary_roi_090.tif,873.194543,983.653618,8,endothelium,gt
training_set_primary_roi_090:356,TRAIN,,,,training_set_primary_roi_090,/content/drive/MyDrive/Research/PUMA/Exploration_8_Diversity_Aware_Wider_Field_and_Boundary_Optimization/INPUTS/QUICK_BENCHMARK/Dataset/01_training_dataset_tif_ROIs/training_set_primary_roi_090.tif,122.192943,988.959459,8,endothelium,gt
training_set_primary_roi_090:376,TRAIN,,,,training_set_primary_roi_090,/content/drive/MyDrive/Research/PUMA/Exploration_8_Diversity_Aware_Wider_Field_and_Boundary_Optimization/INPUTS/QUICK_BENCHMARK/Dataset/01_training_dataset_tif_ROIs/training_set_primary_roi_090.tif,836.059979,765.893577,9,apoptosis,gt
training_set_primary_roi_090:380,TRAIN,,,,training_set_primary_roi_090,/content/drive/MyDrive/Research/PUMA/Exploration_8_Diversity_Aware_Wider_Field_and_Boundary_Optimization/INPUTS/QUICK_BENCHMARK/Dataset/01_training_dataset_tif_ROIs/training_set_primary_roi_090.tif,6.653333,615.304615,7,epithelium,gt
training_set_primary_roi_090:393,TRAIN,,,,training_set_primary_roi_090,/content/drive/MyDrive/Research/PUMA/Exploration_8_Diversity_Aware_Wider_Field_and_Boundary_Optimization/INPUTS/QUICK_BENCHMARK/Dataset/01_training_dataset_tif_ROIs/training_set_primary_roi_090.tif,743.905797,854.913043,8,endothelium,gt
training_set_primary_roi_090:430,TRAIN,,,,training_set_primary_roi_090,/content/drive/MyDrive/Research/PUMA/Exploration_8_Diversity_Aware_Wider_Field_and_Boundary_Optimization/INPUTS/QUICK_BENCHMARK/Dataset/01_training_dataset_tif_ROIs/training_set_primary_roi_090.tif,672.922886,913.318408,8,endothelium,gt
training_set_primary_roi_090:471,TRAIN,,,,training_set_primary_roi_090,/content/drive/MyDrive/Research/PUMA/Exploration_8_Diversity_Aware_Wider_Field_and_Boundary_Optimization/INPUTS/QUICK_BENCHMARK/Dataset/01_training_dataset_tif_ROIs/training_set_primary_roi_090.tif,780.234463,319.053672,9,apoptosis,gt
training_set_primary_roi_090:96,TRAIN,,,,training_set_primary_roi_090,/content/drive/MyDrive/Research/PUMA/Exploration_8_Diversity_Aware_Wider_Field_and_Boundary_Optimization/INPUTS/QUICK_BENCHMARK/Dataset/01_training_dataset_tif_ROIs/training_set_primary_roi_090.tif,384.614035,725.155196,8,endothelium,gt
training_set_primary_roi_095:102,TRAIN,,,,training_set_primary_roi_095,/content/drive/MyDrive/Research/PUMA/Exploration_8_Diversity_Aware_Wider_Field_and_Boundary_Optimization/INPUTS/QUICK_BENCHMARK/Dataset/01_training_dataset_tif_ROIs/training_set_primary_roi_095.tif,413.603118,243.940448,6,stroma,gt
training_set_primary_roi_095:110,TRAIN,,,,training_set_primary_roi_095,/content/drive/MyDrive/Research/PUMA/Exploration_8_Diversity_Aware_Wider_Field_and_Boundary_Optimization/INPUTS/QUICK_BENCHMARK/Dataset/01_training_dataset_tif_ROIs/training_set_primary_roi_095.tif,295.581433,291.160941,4,melanophage,gt
training_set_primary_roi_095:154,TRAIN,,,,training_set_primary_roi_095,/content/drive/MyDrive/Research/PUMA/Exploration_8_Diversity_Aware_Wider_Field_and_Boundary_Optimization/INPUTS/QUICK_BENCHMARK/Dataset/01_training_dataset_tif_ROIs/training_set_primary_roi_095.tif,17.471839,400.396423,4,melanophage,gt
training_set_primary_roi_095:156,TRAIN,,,,training_set_primary_roi_095,/content/drive/MyDrive/Research/PUMA/Exploration_8_Diversity_Aware_Wider_Field_and_Boundary_Optimization/INPUTS/QUICK_BENCHMARK/Dataset/01_training_dataset_tif_ROIs/training_set_primary_roi_095.tif,942.482644,396.309558,4,melanophage,gt
training_set_primary_roi_095:216,TRAIN,,,,training_set_primary_roi_095,/content/drive/MyDrive/Research/PUMA/Exploration_8_Diversity_Aware_Wider_Field_and_Boundary_Optimization/INPUTS/QUICK_BENCHMARK/Dataset/01_training_dataset_tif_ROIs/training_set_primary_roi_095.tif,17.458419,600.211684,6,stroma,gt
training_set_primary_roi_095:223,TRAIN,,,,training_set_primary_roi_095,/content/drive/MyDrive/Research/PUMA/Exploration_8_Diversity_Aware_Wider_Field_and_Boundary_Optimization/INPUTS/QUICK_BENCHMARK/Dataset/01_training_dataset_tif_ROIs/training_set_primary_roi_095.tif,6.320755,622.207547,6,stroma,gt
training_set_primary_roi_095:227,TRAIN,,,,training_set_primary_roi_095,/content/drive/MyDrive/Research/PUMA/Exploration_8_Diversity_Aware_Wider_Field_and_Boundary_Optimization/INPUTS/QUICK_BENCHMARK/Dataset/01_training_dataset_tif_ROIs/training_set_primary_roi_095.tif,407.614094,643.167785,8,endothelium,gt
training_set_primary_roi_095:235,TRAIN,,,,training_set_primary_roi_095,/content/drive/MyDrive/Research/PUMA/Exploration_8_Diversity_Aware_Wider_Field_and_Boundary_Optimization/INPUTS/QUICK_BENCHMARK/Dataset/01_training_dataset_tif_ROIs/training_set_primary_roi_095.tif,477.111804,650.445968,5,neutrophil,gt
training_set_primary_roi_095:257,TRAIN,,,,training_set_primary_roi_095,/content/drive/MyDrive/Research/PUMA/Exploration_8_Diversity_Aware_Wider_Field_and_Boundary_Optimization/INPUTS/QUICK_BENCHMARK/Dataset/01_training_dataset_tif_ROIs/training_set_primary_roi_095.tif,773.018456,709.061521,5,neutrophil,gt
training_set_primary_roi_095:265,TRAIN,,,,training_set_primary_roi_095,/content/drive/MyDrive/Research/PUMA/Exploration_8_Diversity_Aware_Wider_Field_and_Boundary_Optimization/INPUTS/QUICK_BENCHMARK/Dataset/01_training_dataset_tif_ROIs/training_set_primary_roi_095.tif,32.764916,720.868882,2,plasma_cell,gt
training_set_primary_roi_095:267,TRAIN,,,,training_set_primary_roi_095,/content/drive/MyDrive/Research/PUMA/Exploration_8_Diversity_Aware_Wider_Field_and_Boundary_Optimization/INPUTS/QUICK_BENCHMARK/Dataset/01_training_dataset_tif_ROIs/training_set_primary_roi_095.tif,294.80744,723.787746,6,stroma,gt
training_set_primary_roi_095:279,TRAIN,,,,training_set_primary_roi_095,/content/drive/MyDrive/Research/PUMA/Exploration_8_Diversity_Aware_Wider_Field_and_Boundary_Optimization/INPUTS/QUICK_BENCHMARK/Dataset/01_training_dataset_tif_ROIs/training_set_primary_roi_095.tif,514.224559,765.133418,8,endothelium,gt
training_set_primary_roi_095:296,TRAIN,,,,training_set_primary_roi_095,/content/drive/MyDrive/Research/PUMA/Exploration_8_Diversity_Aware_Wider_Field_and_Boundary_Optimization/INPUTS/QUICK_BENCHMARK/Dataset/01_training_dataset_tif_ROIs/training_set_primary_roi_095.tif,47.176737,806.231118,3,histiocyte,gt
training_set_primary_roi_095:297,TRAIN,,,,training_set_primary_roi_095,/content/drive/MyDrive/Research/PUMA/Exploration_8_Diversity_Aware_Wider_Field_and_Boundary_Optimization/INPUTS/QUICK_BENCHMARK/Dataset/01_training_dataset_tif_ROIs/training_set_primary_roi_095.tif,22.222969,816.357983,2,plasma_cell,gt
training_set_primary_roi_095:311,TRAIN,,,,training_set_primary_roi_095,/content/drive/MyDrive/Research/PUMA/Exploration_8_Diversity_Aware_Wider_Field_and_Boundary_Optimization/INPUTS/QUICK_BENCHMARK/Dataset/01_training_dataset_tif_ROIs/training_set_primary_roi_095.tif,59.498701,828.677922,3,histiocyte,gt
training_set_primary_roi_095:337,TRAIN,,,,training_set_primary_roi_095,/content/drive/MyDrive/Research/PUMA/Exploration_8_Diversity_Aware_Wider_Field_and_Boundary_Optimization/INPUTS/QUICK_BENCHMARK/Dataset/01_training_dataset_tif_ROIs/training_set_primary_roi_095.tif,756.680272,882.385488,4,melanophage,gt
training_set_primary_roi_095:352,TRAIN,,,,training_set_primary_roi_095,/content/drive/MyDrive/Research/PUMA/Exploration_8_Diversity_Aware_Wider_Field_and_Boundary_Optimization/INPUTS/QUICK_BENCHMARK/Dataset/01_training_dataset_tif_ROIs/training_set_primary_roi_095.tif,586.415867,925.272553,4,melanophage,gt
training_set_primary_roi_095:367,TRAIN,,,,training_set_primary_roi_095,/content/drive/MyDrive/Research/PUMA/Exploration_8_Diversity_Aware_Wider_Field_and_Boundary_Optimization/INPUTS/QUICK_BENCHMARK/Dataset/01_training_dataset_tif_ROIs/training_set_primary_roi_095.tif,791.392894,979.396726,3,histiocyte,gt
training_set_primary_roi_095:383,TRAIN,,,,training_set_primary_roi_095,/content/drive/MyDrive/Research/PUMA/Exploration_8_Diversity_Aware_Wider_Field_and_Boundary_Optimization/INPUTS/QUICK_BENCHMARK/Dataset/01_training_dataset_tif_ROIs/training_set_primary_roi_095.tif,870.646542,1006.213319,4,melanophage,gt
training_set_primary_roi_095:391,TRAIN,,,,training_set_primary_roi_095,/content/drive/MyDrive/Research/PUMA/Exploration_8_Diversity_Aware_Wider_Field_and_Boundary_Optimization/INPUTS/QUICK_BENCHMARK/Dataset/01_training_dataset_tif_ROIs/training_set_primary_roi_095.tif,437.418818,738.840966,6,stroma,gt
training_set_primary_roi_095:392,TRAIN,,,,training_set_primary_roi_095,/content/drive/MyDrive/Research/PUMA/Exploration_8_Diversity_Aware_Wider_Field_and_Boundary_Optimization/INPUTS/QUICK_BENCHMARK/Dataset/01_training_dataset_tif_ROIs/training_set_primary_roi_095.tif,149.526643,16.658773,5,neutrophil,gt
training_set_primary_roi_095:402,TRAIN,,,,training_set_primary_roi_095,/content/drive/MyDrive/Research/PUMA/Exploration_8_Diversity_Aware_Wider_Field_and_Boundary_Optimization/INPUTS/QUICK_BENCHMARK/Dataset/01_training_dataset_tif_ROIs/training_set_primary_roi_095.tif,42.185056,345.413452,6,stroma,gt
training_set_primary_roi_095:69,TRAIN,,,,training_set_primary_roi_095,/content/drive/MyDrive/Research/PUMA/Exploration_8_Diversity_Aware_Wider_Field_and_Boundary_Optimization/INPUTS/QUICK_BENCHMARK/Dataset/01_training_dataset_tif_ROIs/training_set_primary_roi_095.tif,214.438,135.386,6,stroma,gt
training_set_primary_roi_100:140,TRAIN,,,,training_set_primary_roi_100,/content/drive/MyDrive/Research/PUMA/Exploration_8_Diversity_Aware_Wider_Field_and_Boundary_Optimization/INPUTS/QUICK_BENCHMARK/Dataset/01_training_dataset_tif_ROIs/training_set_primary_roi_100.tif,871.908631,390.236909,2,plasma_cell,gt
training_set_primary_roi_100:146,TRAIN,,,,training_set_primary_roi_100,/content/drive/MyDrive/Research/PUMA/Exploration_8_Diversity_Aware_Wider_Field_and_Boundary_Optimization/INPUTS/QUICK_BENCHMARK/Dataset/01_training_dataset_tif_ROIs/training_set_primary_roi_100.tif,312.665685,416.37948,0,tumor,gt
training_set_primary_roi_100:149,TRAIN,,,,training_set_primary_roi_100,/content/drive/MyDrive/Research/PUMA/Exploration_8_Diversity_Aware_Wider_Field_and_Boundary_Optimization/INPUTS/QUICK_BENCHMARK/Dataset/01_training_dataset_tif_ROIs/training_set_primary_roi_100.tif,950.141631,434.994754,1,lymphocyte,gt
training_set_primary_roi_100:16,TRAIN,,,,training_set_primary_roi_100,/content/drive/MyDrive/Research/PUMA/Exploration_8_Diversity_Aware_Wider_Field_and_Boundary_Optimization/INPUTS/QUICK_BENCHMARK/Dataset/01_training_dataset_tif_ROIs/training_set_primary_roi_100.tif,865.197846,57.310405,7,epithelium,gt
training_set_primary_roi_100:183,TRAIN,,,,training_set_primary_roi_100,/content/drive/MyDrive/Research/PUMA/Exploration_8_Diversity_Aware_Wider_Field_and_Boundary_Optimization/INPUTS/QUICK_BENCHMARK/Dataset/01_training_dataset_tif_ROIs/training_set_primary_roi_100.tif,553.524621,503.890152,1,lymphocyte,gt
training_set_primary_roi_100:225,TRAIN,,,,training_set_primary_roi_100,/content/drive/MyDrive/Research/PUMA/Exploration_8_Diversity_Aware_Wider_Field_and_Boundary_Optimization/INPUTS/QUICK_BENCHMARK/Dataset/01_training_dataset_tif_ROIs/training_set_primary_roi_100.tif,526.580586,593.077839,1,lymphocyte,gt
training_set_primary_roi_100:281,TRAIN,,,,training_set_primary_roi_100,/content/drive/MyDrive/Research/PUMA/Exploration_8_Diversity_Aware_Wider_Field_and_Boundary_Optimization/INPUTS/QUICK_BENCHMARK/Dataset/01_training_dataset_tif_ROIs/training_set_primary_roi_100.tif,602.689956,732.772926,1,lymphocyte,gt
training_set_primary_roi_100:288,TRAIN,,,,training_set_primary_roi_100,/content/drive/MyDrive/Research/PUMA/Exploration_8_Diversity_Aware_Wider_Field_and_Boundary_Optimization/INPUTS/QUICK_BENCHMARK/Dataset/01_training_dataset_tif_ROIs/training_set_primary_roi_100.tif,228.061421,755.72344,0,tumor,gt
training_set_primary_roi_100:333,TRAIN,,,,training_set_primary_roi_100,/content/drive/MyDrive/Research/PUMA/Exploration_8_Diversity_Aware_Wider_Field_and_Boundary_Optimization/INPUTS/QUICK_BENCHMARK/Dataset/01_training_dataset_tif_ROIs/training_set_primary_roi_100.tif,78.264895,865.577295,0,tumor,gt
training_set_primary_roi_100:413,TRAIN,,,,training_set_primary_roi_100,/content/drive/MyDrive/Research/PUMA/Exploration_8_Diversity_Aware_Wider_Field_and_Boundary_Optimization/INPUTS/QUICK_BENCHMARK/Dataset/01_training_dataset_tif_ROIs/training_set_primary_roi_100.tif,557.842779,549.303753,1,lymphocyte,gt
training_set_primary_roi_100:42,TRAIN,,,,training_set_primary_roi_100,/content/drive/MyDrive/Research/PUMA/Exploration_8_Diversity_Aware_Wider_Field_and_Boundary_Optimization/INPUTS/QUICK_BENCHMARK/Dataset/01_training_dataset_tif_ROIs/training_set_primary_roi_100.tif,159.572374,117.025641,0,tumor,gt
training_set_primary_roi_100:95,TRAIN,,,,training_set_primary_roi_100,/content/drive/MyDrive/Research/PUMA/Exploration_8_Diversity_Aware_Wider_Field_and_Boundary_Optimization/INPUTS/QUICK_BENCHMARK/Dataset/01_training_dataset_tif_ROIs/training_set_primary_roi_100.tif,997.519328,259.065546,7,epithelium,gt
training_set_primary_roi_101:105,TRAIN,,,,training_set_primary_roi_101,/content/drive/MyDrive/Research/PUMA/Exploration_8_Diversity_Aware_Wider_Field_and_Boundary_Optimization/INPUTS/QUICK_BENCHMARK/Dataset/01_training_dataset_tif_ROIs/training_set_primary_roi_101.tif,191.078635,217.181009,7,epithelium,gt
training_set_primary_roi_101:125,TRAIN,,,,training_set_primary_roi_101,/content/drive/MyDrive/Research/PUMA/Exploration_8_Diversity_Aware_Wider_Field_and_Boundary_Optimization/INPUTS/QUICK_BENCHMARK/Dataset/01_training_dataset_tif_ROIs/training_set_primary_roi_101.tif,112.330609,297.332095,7,epithelium,gt
training_set_primary_roi_101:174,TRAIN,,,,training_set_primary_roi_101,/content/drive/MyDrive/Research/PUMA/Exploration_8_Diversity_Aware_Wider_Field_and_Boundary_Optimization/INPUTS/QUICK_BENCHMARK/Dataset/01_training_dataset_tif_ROIs/training_set_primary_roi_101.tif,877.750847,802.998305,4,melanophage,gt
training_set_primary_roi_101:178,TRAIN,,,,training_set_primary_roi_101,/content/drive/MyDrive/Research/PUMA/Exploration_8_Diversity_Aware_Wider_Field_and_Boundary_Optimization/INPUTS/QUICK_BENCHMARK/Dataset/01_training_dataset_tif_ROIs/training_set_primary_roi_101.tif,285.032721,923.942021,4,melanophage,gt
training_set_primary_roi_101:19,TRAIN,,,,training_set_primary_roi_101,/content/drive/MyDrive/Research/PUMA/Exploration_8_Diversity_Aware_Wider_Field_and_Boundary_Optimization/INPUTS/QUICK_BENCHMARK/Dataset/01_training_dataset_tif_ROIs/training_set_primary_roi_101.tif,802.071429,644.769841,6,stroma,gt
training_set_primary_roi_101:214,TRAIN,,,,training_set_primary_roi_101,/content/drive/MyDrive/Research/PUMA/Exploration_8_Diversity_Aware_Wider_Field_and_Boundary_Optimization/INPUTS/QUICK_BENCHMARK/Dataset/01_training_dataset_tif_ROIs/training_set_primary_roi_101.tif,853.593426,983.451557,8,endothelium,gt
training_set_primary_roi_101:241,TRAIN,,,,training_set_primary_roi_101,/content/drive/MyDrive/Research/PUMA/Exploration_8_Diversity_Aware_Wider_Field_and_Boundary_Optimization/INPUTS/QUICK_BENCHMARK/Dataset/01_training_dataset_tif_ROIs/training_set_primary_roi_101.tif,605.690476,738.904762,1,lymphocyte,gt
training_set_primary_roi_101:313,TRAIN,,,,training_set_primary_roi_101,/content/drive/MyDrive/Research/PUMA/Exploration_8_Diversity_Aware_Wider_Field_and_Boundary_Optimization/INPUTS/QUICK_BENCHMARK/Dataset/01_training_dataset_tif_ROIs/training_set_primary_roi_101.tif,713.987952,954.307229,1,lymphocyte,gt
training_set_primary_roi_101:34,TRAIN,,,,training_set_primary_roi_101,/content/drive/MyDrive/Research/PUMA/Exploration_8_Diversity_Aware_Wider_Field_and_Boundary_Optimization/INPUTS/QUICK_BENCHMARK/Dataset/01_training_dataset_tif_ROIs/training_set_primary_roi_101.tif,7.406667,1005.393333,8,endothelium,gt
training_set_primary_roi_101:36,TRAIN,,,,training_set_primary_roi_101,/content/drive/MyDrive/Research/PUMA/Exploration_8_Diversity_Aware_Wider_Field_and_Boundary_Optimization/INPUTS/QUICK_BENCHMARK/Dataset/01_training_dataset_tif_ROIs/training_set_primary_roi_101.tif,826.715859,1008.773128,8,endothelium,gt
training_set_primary_roi_101:41,TRAIN,,,,training_set_primary_roi_101,/content/drive/MyDrive/Research/PUMA/Exploration_8_Diversity_Aware_Wider_Field_and_Boundary_Optimization/INPUTS/QUICK_BENCHMARK/Dataset/01_training_dataset_tif_ROIs/training_set_primary_roi_101.tif,738.291139,321.265823,6,stroma,gt
training_set_primary_roi_101:42,TRAIN,,,,training_set_primary_roi_101,/content/drive/MyDrive/Research/PUMA/Exploration_8_Diversity_Aware_Wider_Field_and_Boundary_Optimization/INPUTS/QUICK_BENCHMARK/Dataset/01_training_dataset_tif_ROIs/training_set_primary_roi_101.tif,851.806667,342.966667,6,stroma,gt
training_set_primary_roi_101:49,TRAIN,,,,training_set_primary_roi_101,/content/drive/MyDrive/Research/PUMA/Exploration_8_Diversity_Aware_Wider_Field_and_Boundary_Optimization/INPUTS/QUICK_BENCHMARK/Dataset/01_training_dataset_tif_ROIs/training_set_primary_roi_101.tif,184.051601,478.133452,6,stroma,gt
training_set_primary_roi_101:52,TRAIN,,,,training_set_primary_roi_101,/content/drive/MyDrive/Research/PUMA/Exploration_8_Diversity_Aware_Wider_Field_and_Boundary_Optimization/INPUTS/QUICK_BENCHMARK/Dataset/01_training_dataset_tif_ROIs/training_set_primary_roi_101.tif,924.057604,628.700461,6,stroma,gt
training_set_primary_roi_101:55,TRAIN,,,,training_set_primary_roi_101,/content/drive/MyDrive/Research/PUMA/Exploration_8_Diversity_Aware_Wider_Field_and_Boundary_Optimization/INPUTS/QUICK_BENCHMARK/Dataset/01_training_dataset_tif_ROIs/training_set_primary_roi_101.tif,828.738095,712.869048,6,stroma,gt
training_set_primary_roi_101:56,TRAIN,,,,training_set_primary_roi_101,/content/drive/MyDrive/Research/PUMA/Exploration_8_Diversity_Aware_Wider_Field_and_Boundary_Optimization/INPUTS/QUICK_BENCHMARK/Dataset/01_training_dataset_tif_ROIs/training_set_primary_roi_101.tif,388.49422,726.627168,6,stroma,gt
training_set_primary_roi_101:58,TRAIN,,,,training_set_primary_roi_101,/content/drive/MyDrive/Research/PUMA/Exploration_8_Diversity_Aware_Wider_Field_and_Boundary_Optimization/INPUTS/QUICK_BENCHMARK/Dataset/01_training_dataset_tif_ROIs/training_set_primary_roi_101.tif,235.780523,728.00436,6,stroma,gt
training_set_primary_roi_101:59,TRAIN,,,,training_set_primary_roi_101,/content/drive/MyDrive/Research/PUMA/Exploration_8_Diversity_Aware_Wider_Field_and_Boundary_Optimization/INPUTS/QUICK_BENCHMARK/Dataset/01_training_dataset_tif_ROIs/training_set_primary_roi_101.tif,639.584746,734.491525,6,stroma,gt
training_set_primary_roi_101:62,TRAIN,,,,training_set_primary_roi_101,/content/drive/MyDrive/Research/PUMA/Exploration_8_Diversity_Aware_Wider_Field_and_Boundary_Optimization/INPUTS/QUICK_BENCHMARK/Dataset/01_training_dataset_tif_ROIs/training_set_primary_roi_101.tif,201.627329,771.888199,6,stroma,gt
training_set_primary_roi_101:69,TRAIN,,,,training_set_primary_roi_101,/content/drive/MyDrive/Research/PUMA/Exploration_8_Diversity_Aware_Wider_Field_and_Boundary_Optimization/INPUTS/QUICK_BENCHMARK/Dataset/01_training_dataset_tif_ROIs/training_set_primary_roi_101.tif,682.73,18.524,7,epithelium,gt
training_set_primary_roi_101:72,TRAIN,,,,training_set_primary_roi_101,/content/drive/MyDrive/Research/PUMA/Exploration_8_Diversity_Aware_Wider_Field_and_Boundary_Optimization/INPUTS/QUICK_BENCHMARK/Dataset/01_training_dataset_tif_ROIs/training_set_primary_roi_101.tif,858.469274,53.787709,7,epithelium,gt
training_set_primary_roi_101:84,TRAIN,,,,training_set_primary_roi_101,/content/drive/MyDrive/Research/PUMA/Exploration_8_Diversity_Aware_Wider_Field_and_Boundary_Optimization/INPUTS/QUICK_BENCHMARK/Dataset/01_training_dataset_tif_ROIs/training_set_primary_roi_101.tif,377.801961,136.743137,7,epithelium,gt
