uid,role,patient_id,case_id,slide_id,roi,image,x,y,label,class_name,coordinate_source
training_set_metastatic_roi_025:112,TRAIN,,,,training_set_metastatic_roi_025,/content/drive/MyDrive/Research/PUMA/Exploration_8_Diversity_Aware_Wider_Field_and_Boundary_Optimization/INPUTS/QUICK_BENCHMARK/Dataset/01_training_dataset_tif_ROIs/training_set_metastatic_roi_025.tif,584.229065,175.555375,1,lymphocyte,gt
training_set_metastatic_roi_025:128,TRAIN,,,,training_set_metastatic_roi_025,/content/drive/MyDrive/Research/PUMA/Exploration_8_Diversity_Aware_Wider_Field_and_Boundary_Optimization/INPUTS/QUICK_BENCHMARK/Dataset/01_training_dataset_tif_ROIs/training_set_metastatic_roi_025.tif,804.953704,207.89892,6,stroma,gt
training_set_metastatic_roi_025:152,TRAIN,,,,training_set_metastatic_roi_025,/content/drive/MyDrive/Research/PUMA/Exploration_8_Diversity_Aware_Wider_Field_and_Boundary_Optimization/INPUTS/QUICK_BENCHMARK/Dataset/01_training_dataset_tif_ROIs/training_set_metastatic_roi_025.tif,72.140621,242.929974,2,plasma_cell,gt
training_set_metastatic_roi_025:207,TRAIN,,,,training_set_metastatic_roi_025,/content/drive/MyDrive/Research/PUMA/Exploration_8_Diversity_Aware_Wider_Field_and_Boundary_Optimization/INPUTS/QUICK_BENCHMARK/Dataset/01_training_dataset_tif_ROIs/training_set_metastatic_roi_025.tif,336.175439,348.923246,6,stroma,gt
training_set_metastatic_roi_025:211,TRAIN,,,,training_set_metastatic_roi_025,/content/drive/MyDrive/Research/PUMA/Exploration_8_Diversity_Aware_Wider_Field_and_Boundary_Optimization/INPUTS/QUICK_BENCHMARK/Dataset/01_training_dataset_tif_ROIs/training_set_metastatic_roi_025.tif,820.463352,360.147698,6,stroma,gt
training_set_metastatic_roi_025:224,TRAIN,,,,training_set_metastatic_roi_025,/content/drive/MyDrive/Research/PUMA/Exploration_8_Diversity_Aware_Wider_Field_and_Boundary_Optimization/INPUTS/QUICK_BENCHMARK/Dataset/01_training_dataset_tif_ROIs/training_set_metastatic_roi_025.tif,477.23458,377.542346,0,tumor,gt
training_set_metastatic_roi_025:234,TRAIN,,,,training_set_metastatic_roi_025,/content/drive/MyDrive/Research/PUMA/Exploration_8_Diversity_Aware_Wider_Field_and_Boundary_Optimization/INPUTS/QUICK_BENCHMARK/Dataset/01_training_dataset_tif_ROIs/training_set_metastatic_roi_025.tif,831.32256,392.937896,1,lymphocyte,gt
training_set_metastatic_roi_025:236,TRAIN,,,,training_set_metastatic_roi_025,/content/drive/MyDrive/Research/PUMA/Exploration_8_Diversity_Aware_Wider_Field_and_Boundary_Optimization/INPUTS/QUICK_BENCHMARK/Dataset/01_training_dataset_tif_ROIs/training_set_metastatic_roi_025.tif,519.196211,411.234551,0,tumor,gt
training_set_metastatic_roi_025:24,TRAIN,,,,training_set_metastatic_roi_025,/content/drive/MyDrive/Research/PUMA/Exploration_8_Diversity_Aware_Wider_Field_and_Boundary_Optimization/INPUTS/QUICK_BENCHMARK/Dataset/01_training_dataset_tif_ROIs/training_set_metastatic_roi_025.tif,44.470588,47.990196,2,plasma_cell,gt
training_set_metastatic_roi_025:243,TRAIN,,,,training_set_metastatic_roi_025,/content/drive/MyDrive/Research/PUMA/Exploration_8_Diversity_Aware_Wider_Field_and_Boundary_Optimization/INPUTS/QUICK_BENCHMARK/Dataset/01_training_dataset_tif_ROIs/training_set_metastatic_roi_025.tif,922.421225,419.012035,6,stroma,gt
training_set_metastatic_roi_025:262,TRAIN,,,,training_set_metastatic_roi_025,/content/drive/MyDrive/Research/PUMA/Exploration_8_Diversity_Aware_Wider_Field_and_Boundary_Optimization/INPUTS/QUICK_BENCHMARK/Dataset/01_training_dataset_tif_ROIs/training_set_metastatic_roi_025.tif,112.519048,453.887415,2,plasma_cell,gt
training_set_metastatic_roi_025:279,TRAIN,,,,training_set_metastatic_roi_025,/content/drive/MyDrive/Research/PUMA/Exploration_8_Diversity_Aware_Wider_Field_and_Boundary_Optimization/INPUTS/QUICK_BENCHMARK/Dataset/01_training_dataset_tif_ROIs/training_set_metastatic_roi_025.tif,99.454833,479.630081,2,plasma_cell,gt
training_set_metastatic_roi_025:310,TRAIN,,,,training_set_metastatic_roi_025,/content/drive/MyDrive/Research/PUMA/Exploration_8_Diversity_Aware_Wider_Field_and_Boundary_Optimization/INPUTS/QUICK_BENCHMARK/Dataset/01_training_dataset_tif_ROIs/training_set_metastatic_roi_025.tif,317.478732,548.493865,0,tumor,gt
training_set_metastatic_roi_025:327,TRAIN,,,,training_set_metastatic_roi_025,/content/drive/MyDrive/Research/PUMA/Exploration_8_Diversity_Aware_Wider_Field_and_Boundary_Optimization/INPUTS/QUICK_BENCHMARK/Dataset/01_training_dataset_tif_ROIs/training_set_metastatic_roi_025.tif,671.474039,586.365408,0,tumor,gt
training_set_metastatic_roi_025:350,TRAIN,,,,training_set_metastatic_roi_025,/content/drive/MyDrive/Research/PUMA/Exploration_8_Diversity_Aware_Wider_Field_and_Boundary_Optimization/INPUTS/QUICK_BENCHMARK/Dataset/01_training_dataset_tif_ROIs/training_set_metastatic_roi_025.tif,943.898316,618.391802,1,lymphocyte,gt
training_set_metastatic_roi_025:371,TRAIN,,,,training_set_metastatic_roi_025,/content/drive/MyDrive/Research/PUMA/Exploration_8_Diversity_Aware_Wider_Field_and_Boundary_Optimization/INPUTS/QUICK_BENCHMARK/Dataset/01_training_dataset_tif_ROIs/training_set_metastatic_roi_025.tif,727.212817,649.954567,0,tumor,gt
training_set_metastatic_roi_025:383,TRAIN,,,,training_set_metastatic_roi_025,/content/drive/MyDrive/Research/PUMA/Exploration_8_Diversity_Aware_Wider_Field_and_Boundary_Optimization/INPUTS/QUICK_BENCHMARK/Dataset/01_training_dataset_tif_ROIs/training_set_metastatic_roi_025.tif,462.786482,675.931534,0,tumor,gt
training_set_metastatic_roi_025:426,TRAIN,,,,training_set_metastatic_roi_025,/content/drive/MyDrive/Research/PUMA/Exploration_8_Diversity_Aware_Wider_Field_and_Boundary_Optimization/INPUTS/QUICK_BENCHMARK/Dataset/01_training_dataset_tif_ROIs/training_set_metastatic_roi_025.tif,158.119565,764.266563,6,stroma,gt
training_set_metastatic_roi_025:436,TRAIN,,,,training_set_metastatic_roi_025,/content/drive/MyDrive/Research/PUMA/Exploration_8_Diversity_Aware_Wider_Field_and_Boundary_Optimization/INPUTS/QUICK_BENCHMARK/Dataset/01_training_dataset_tif_ROIs/training_set_metastatic_roi_025.tif,405.507267,773.768401,1,lymphocyte,gt
training_set_metastatic_roi_025:440,TRAIN,,,,training_set_metastatic_roi_025,/content/drive/MyDrive/Research/PUMA/Exploration_8_Diversity_Aware_Wider_Field_and_Boundary_Optimization/INPUTS/QUICK_BENCHMARK/Dataset/01_training_dataset_tif_ROIs/training_set_metastatic_roi_025.tif,969.503546,782.819149,6,stroma,gt
training_set_metastatic_roi_025:463,TRAIN,,,,training_set_metastatic_roi_025,/content/drive/MyDrive/Research/PUMA/Exploration_8_Diversity_Aware_Wider_Field_and_Boundary_Optimization/INPUTS/QUICK_BENCHMARK/Dataset/01_training_dataset_tif_ROIs/training_set_metastatic_roi_025.tif,248.93189,822.112266,2,plasma_cell,gt
training_set_metastatic_roi_025:469,TRAIN,,,,training_set_metastatic_roi_025,/content/drive/MyDrive/Research/PUMA/Exploration_8_Diversity_Aware_Wider_Field_and_Boundary_Optimization/INPUTS/QUICK_BENCHMARK/Dataset/01_training_dataset_tif_ROIs/training_set_metastatic_roi_025.tif,89.07414,832.906981,2,plasma_cell,gt
training_set_metastatic_roi_025:489,TRAIN,,,,training_set_metastatic_roi_025,/content/drive/MyDrive/Research/PUMA/Exploration_8_Diversity_Aware_Wider_Field_and_Boundary_Optimization/INPUTS/QUICK_BENCHMARK/Dataset/01_training_dataset_tif_ROIs/training_set_metastatic_roi_025.tif,23.550285,868.318841,2,plasma_cell,gt
training_set_metastatic_roi_025:509,TRAIN,,,,training_set_metastatic_roi_025,/content/drive/MyDrive/Research/PUMA/Exploration_8_Diversity_Aware_Wider_Field_and_Boundary_Optimization/INPUTS/QUICK_BENCHMARK/Dataset/01_training_dataset_tif_ROIs/training_set_metastatic_roi_025.tif,959.154581,923.33249,2,plasma_cell,gt
training_set_metastatic_roi_025:520,TRAIN,,,,training_set_metastatic_roi_025,/content/drive/MyDrive/Research/PUMA/Exploration_8_Diversity_Aware_Wider_Field_and_Boundary_Optimization/INPUTS/QUICK_BENCHMARK/Dataset/01_training_dataset_tif_ROIs/training_set_metastatic_roi_025.tif,529.298758,940.841191,0,tumor,gt
training_set_metastatic_roi_025:532,TRAIN,,,,training_set_metastatic_roi_025,/content/drive/MyDrive/Research/PUMA/Exploration_8_Diversity_Aware_Wider_Field_and_Boundary_Optimization/INPUTS/QUICK_BENCHMARK/Dataset/01_training_dataset_tif_ROIs/training_set_metastatic_roi_025.tif,614.654667,950.364,1,lymphocyte,gt
training_set_metastatic_roi_025:544,TRAIN,,,,training_set_metastatic_roi_025,/content/drive/MyDrive/Research/PUMA/Exploration_8_Diversity_Aware_Wider_Field_and_Boundary_Optimization/INPUTS/QUICK_BENCHMARK/Dataset/01_training_dataset_tif_ROIs/training_set_metastatic_roi_025.tif,323.885984,983.605664,2,plasma_cell,gt
training_set_metastatic_roi_025:546,TRAIN,,,,training_set_metastatic_roi_025,/content/drive/MyDrive/Research/PUMA/Exploration_8_Diversity_Aware_Wider_Field_and_Boundary_Optimization/INPUTS/QUICK_BENCHMARK/Dataset/01_training_dataset_tif_ROIs/training_set_metastatic_roi_025.tif,271.792015,987.207985,1,lymphocyte,gt
training_set_metastatic_roi_025:566,TRAIN,,,,training_set_metastatic_roi_025,/content/drive/MyDrive/Research/PUMA/Exploration_8_Diversity_Aware_Wider_Field_and_Boundary_Optimization/INPUTS/QUICK_BENCHMARK/Dataset/01_training_dataset_tif_ROIs/training_set_metastatic_roi_025.tif,340.897287,1020.228682,1,lymphocyte,gt
training_set_metastatic_roi_025:583,TRAIN,,,,training_set_metastatic_roi_025,/content/drive/MyDrive/Research/PUMA/Exploration_8_Diversity_Aware_Wider_Field_and_Boundary_Optimization/INPUTS/QUICK_BENCHMARK/Dataset/01_training_dataset_tif_ROIs/training_set_metastatic_roi_025.tif,44.676399,174.188767,2,plasma_cell,gt
training_set_metastatic_roi_025:601,TRAIN,,,,training_set_metastatic_roi_025,/content/drive/MyDrive/Research/PUMA/Exploration_8_Diversity_Aware_Wider_Field_and_Boundary_Optimization/INPUTS/QUICK_BENCHMARK/Dataset/01_training_dataset_tif_ROIs/training_set_metastatic_roi_025.tif,13.776691,437.066015,2,plasma_cell,gt
training_set_metastatic_roi_025:61,TRAIN,,,,training_set_metastatic_roi_025,/content/drive/MyDrive/Research/PUMA/Exploration_8_Diversity_Aware_Wider_Field_and_Boundary_Optimization/INPUTS/QUICK_BENCHMARK/Dataset/01_training_dataset_tif_ROIs/training_set_metastatic_roi_025.tif,50.788898,115.320042,2,plasma_cell,gt
training_set_metastatic_roi_025:615,TRAIN,,,,training_set_metastatic_roi_025,/content/drive/MyDrive/Research/PUMA/Exploration_8_Diversity_Aware_Wider_Field_and_Boundary_Optimization/INPUTS/QUICK_BENCHMARK/Dataset/01_training_dataset_tif_ROIs/training_set_metastatic_roi_025.tif,902.198702,889.309368,2,plasma_cell,gt
training_set_metastatic_roi_025:625,TRAIN,,,,training_set_metastatic_roi_025,/content/drive/MyDrive/Research/PUMA/Exploration_8_Diversity_Aware_Wider_Field_and_Boundary_Optimization/INPUTS/QUICK_BENCHMARK/Dataset/01_training_dataset_tif_ROIs/training_set_metastatic_roi_025.tif,336.541494,9.749852,0,tumor,gt
training_set_metastatic_roi_025:628,TRAIN,,,,training_set_metastatic_roi_025,/content/drive/MyDrive/Research/PUMA/Exploration_8_Diversity_Aware_Wider_Field_and_Boundary_Optimization/INPUTS/QUICK_BENCHMARK/Dataset/01_training_dataset_tif_ROIs/training_set_metastatic_roi_025.tif,936.952779,907.93591,2,plasma_cell,gt
training_set_metastatic_roi_025:632,TRAIN,,,,training_set_metastatic_roi_025,/content/drive/MyDrive/Research/PUMA/Exploration_8_Diversity_Aware_Wider_Field_and_Boundary_Optimization/INPUTS/QUICK_BENCHMARK/Dataset/01_training_dataset_tif_ROIs/training_set_metastatic_roi_025.tif,991.204253,183.554896,2,plasma_cell,gt
training_set_metastatic_roi_025:92,TRAIN,,,,training_set_metastatic_roi_025,/content/drive/MyDrive/Research/PUMA/Exploration_8_Diversity_Aware_Wider_Field_and_Boundary_Optimization/INPUTS/QUICK_BENCHMARK/Dataset/01_training_dataset_tif_ROIs/training_set_metastatic_roi_025.tif,682.44883,158.41155,6,stroma,gt
training_set_metastatic_roi_026:112,TRAIN,,,,training_set_metastatic_roi_026,/content/drive/MyDrive/Research/PUMA/Exploration_8_Diversity_Aware_Wider_Field_and_Boundary_Optimization/INPUTS/QUICK_BENCHMARK/Dataset/01_training_dataset_tif_ROIs/training_set_metastatic_roi_026.tif,863.563492,186.178005,6,stroma,gt
training_set_metastatic_roi_026:155,TRAIN,,,,training_set_metastatic_roi_026,/content/drive/MyDrive/Research/PUMA/Exploration_8_Diversity_Aware_Wider_Field_and_Boundary_Optimization/INPUTS/QUICK_BENCHMARK/Dataset/01_training_dataset_tif_ROIs/training_set_metastatic_roi_026.tif,422.468864,592.540904,6,stroma,gt
training_set_metastatic_roi_026:249,TRAIN,,,,training_set_metastatic_roi_026,/content/drive/MyDrive/Research/PUMA/Exploration_8_Diversity_Aware_Wider_Field_and_Boundary_Optimization/INPUTS/QUICK_BENCHMARK/Dataset/01_training_dataset_tif_ROIs/training_set_metastatic_roi_026.tif,868.57566,486.101777,2,plasma_cell,gt
training_set_metastatic_roi_026:255,TRAIN,,,,training_set_metastatic_roi_026,/content/drive/MyDrive/Research/PUMA/Exploration_8_Diversity_Aware_Wider_Field_and_Boundary_Optimization/INPUTS/QUICK_BENCHMARK/Dataset/01_training_dataset_tif_ROIs/training_set_metastatic_roi_026.tif,48.856838,962.870513,3,histiocyte,gt
training_set_metastatic_roi_026:256,TRAIN,,,,training_set_metastatic_roi_026,/content/drive/MyDrive/Research/PUMA/Exploration_8_Diversity_Aware_Wider_Field_and_Boundary_Optimization/INPUTS/QUICK_BENCHMARK/Dataset/01_training_dataset_tif_ROIs/training_set_metastatic_roi_026.tif,307.454613,283.944196,0,tumor,gt
training_set_metastatic_roi_026:292,TRAIN,,,,training_set_metastatic_roi_026,/content/drive/MyDrive/Research/PUMA/Exploration_8_Diversity_Aware_Wider_Field_and_Boundary_Optimization/INPUTS/QUICK_BENCHMARK/Dataset/01_training_dataset_tif_ROIs/training_set_metastatic_roi_026.tif,127.578341,831.265745,6,stroma,gt
training_set_metastatic_roi_026:360,TRAIN,,,,training_set_metastatic_roi_026,/content/drive/MyDrive/Research/PUMA/Exploration_8_Diversity_Aware_Wider_Field_and_Boundary_Optimization/INPUTS/QUICK_BENCHMARK/Dataset/01_training_dataset_tif_ROIs/training_set_metastatic_roi_026.tif,895.119741,319.55571,0,tumor,gt
training_set_metastatic_roi_026:362,TRAIN,,,,training_set_metastatic_roi_026,/content/drive/MyDrive/Research/PUMA/Exploration_8_Diversity_Aware_Wider_Field_and_Boundary_Optimization/INPUTS/QUICK_BENCHMARK/Dataset/01_training_dataset_tif_ROIs/training_set_metastatic_roi_026.tif,817.535304,798.745484,6,stroma,gt
training_set_metastatic_roi_026:375,TRAIN,,,,training_set_metastatic_roi_026,/content/drive/MyDrive/Research/PUMA/Exploration_8_Diversity_Aware_Wider_Field_and_Boundary_Optimization/INPUTS/QUICK_BENCHMARK/Dataset/01_training_dataset_tif_ROIs/training_set_metastatic_roi_026.tif,95.004026,869.740741,3,histiocyte,gt
training_set_metastatic_roi_026:383,TRAIN,,,,training_set_metastatic_roi_026,/content/drive/MyDrive/Research/PUMA/Exploration_8_Diversity_Aware_Wider_Field_and_Boundary_Optimization/INPUTS/QUICK_BENCHMARK/Dataset/01_training_dataset_tif_ROIs/training_set_metastatic_roi_026.tif,416.456921,672.562147,3,histiocyte,gt
training_set_metastatic_roi_026:434,TRAIN,,,,training_set_metastatic_roi_026,/content/drive/MyDrive/Research/PUMA/Exploration_8_Diversity_Aware_Wider_Field_and_Boundary_Optimization/INPUTS/QUICK_BENCHMARK/Dataset/01_training_dataset_tif_ROIs/training_set_metastatic_roi_026.tif,1020.399293,104.510012,6,stroma,gt
training_set_metastatic_roi_026:437,TRAIN,,,,training_set_metastatic_roi_026,/content/drive/MyDrive/Research/PUMA/Exploration_8_Diversity_Aware_Wider_Field_and_Boundary_Optimization/INPUTS/QUICK_BENCHMARK/Dataset/01_training_dataset_tif_ROIs/training_set_metastatic_roi_026.tif,250.785979,932.769312,3,histiocyte,gt
training_set_metastatic_roi_026:439,TRAIN,,,,training_set_metastatic_roi_026,/content/drive/MyDrive/Research/PUMA/Exploration_8_Diversity_Aware_Wider_Field_and_Boundary_Optimization/INPUTS/QUICK_BENCHMARK/Dataset/01_training_dataset_tif_ROIs/training_set_metastatic_roi_026.tif,182.626911,830.530998,3,histiocyte,gt
training_set_metastatic_roi_026:440,TRAIN,,,,training_set_metastatic_roi_026,/content/drive/MyDrive/Research/PUMA/Exploration_8_Diversity_Aware_Wider_Field_and_Boundary_Optimization/INPUTS/QUICK_BENCHMARK/Dataset/01_training_dataset_tif_ROIs/training_set_metastatic_roi_026.tif,346.464299,768.989595,3,histiocyte,gt
training_set_metastatic_roi_026:441,TRAIN,,,,training_set_metastatic_roi_026,/content/drive/MyDrive/Research/PUMA/Exploration_8_Diversity_Aware_Wider_Field_and_Boundary_Optimization/INPUTS/QUICK_BENCHMARK/Dataset/01_training_dataset_tif_ROIs/training_set_metastatic_roi_026.tif,480.240576,776.762749,3,histiocyte,gt
training_set_metastatic_roi_026:452,TRAIN,,,,training_set_metastatic_roi_026,/content/drive/MyDrive/Research/PUMA/Exploration_8_Diversity_Aware_Wider_Field_and_Boundary_Optimization/INPUTS/QUICK_BENCHMARK/Dataset/01_training_dataset_tif_ROIs/training_set_metastatic_roi_026.tif,701.373766,99.285849,0,tumor,gt
training_set_metastatic_roi_026:470,TRAIN,,,,training_set_metastatic_roi_026,/content/drive/MyDrive/Research/PUMA/Exploration_8_Diversity_Aware_Wider_Field_and_Boundary_Optimization/INPUTS/QUICK_BENCHMARK/Dataset/01_training_dataset_tif_ROIs/training_set_metastatic_roi_026.tif,71.009301,907.357143,2,plasma_cell,gt
training_set_metastatic_roi_026:503,TRAIN,,,,training_set_metastatic_roi_026,/content/drive/MyDrive/Research/PUMA/Exploration_8_Diversity_Aware_Wider_Field_and_Boundary_Optimization/INPUTS/QUICK_BENCHMARK/Dataset/01_training_dataset_tif_ROIs/training_set_metastatic_roi_026.tif,98.066946,999.830776,5,neutrophil,gt
training_set_metastatic_roi_026:516,TRAIN,,,,training_set_metastatic_roi_026,/content/drive/MyDrive/Research/PUMA/Exploration_8_Diversity_Aware_Wider_Field_and_Boundary_Optimization/INPUTS/QUICK_BENCHMARK/Dataset/01_training_dataset_tif_ROIs/training_set_metastatic_roi_026.tif,539.231556,787.240889,3,histiocyte,gt
training_set_metastatic_roi_026:524,TRAIN,,,,training_set_metastatic_roi_026,/content/drive/MyDrive/Research/PUMA/Exploration_8_Diversity_Aware_Wider_Field_and_Boundary_Optimization/INPUTS/QUICK_BENCHMARK/Dataset/01_training_dataset_tif_ROIs/training_set_metastatic_roi_026.tif,153.765097,997.189412,3,histiocyte,gt
training_set_metastatic_roi_026:56,TRAIN,,,,training_set_metastatic_roi_026,/content/drive/MyDrive/Research/PUMA/Exploration_8_Diversity_Aware_Wider_Field_and_Boundary_Optimization/INPUTS/QUICK_BENCHMARK/Dataset/01_training_dataset_tif_ROIs/training_set_metastatic_roi_026.tif,481.752367,41.964489,0,tumor,gt
training_set_metastatic_roi_026:59,TRAIN,,,,training_set_metastatic_roi_026,/content/drive/MyDrive/Research/PUMA/Exploration_8_Diversity_Aware_Wider_Field_and_Boundary_Optimization/INPUTS/QUICK_BENCHMARK/Dataset/01_training_dataset_tif_ROIs/training_set_metastatic_roi_026.tif,139.21755,128.320536,0,tumor,gt
training_set_metastatic_roi_026:8,TRAIN,,,,training_set_metastatic_roi_026,/content/drive/MyDrive/Research/PUMA/Exploration_8_Diversity_Aware_Wider_Field_and_Boundary_Optimization/INPUTS/QUICK_BENCHMARK/Dataset/01_training_dataset_tif_ROIs/training_set_metastatic_roi_026.tif,955.716895,188.565068,8,endothelium,gt
training_set_metastatic_roi_028:309,TRAIN,,,,training_set_metastatic_roi_028,/content/drive/MyDrive/Research/PUMA/Exploration_8_Diversity_Aware_Wider_Field_and_Boundary_Optimization/INPUTS/QUICK_BENCHMARK/Dataset/01_training_dataset_tif_ROIs/training_set_metastatic_roi_028.tif,738.990222,818.694222,5,neutrophil,gt
training_set_metastatic_roi_028:416,TRAIN,,,,training_set_metastatic_roi_028,/content/drive/MyDrive/Research/PUMA/Exploration_8_Diversity_Aware_Wider_Field_and_Boundary_Optimization/INPUTS/QUICK_BENCHMARK/Dataset/01_training_dataset_tif_ROIs/training_set_metastatic_roi_028.tif,633.540936,983.529971,6,stroma,gt
training_set_metastatic_roi_028:421,TRAIN,,,,training_set_metastatic_roi_028,/content/drive/MyDrive/Research/PUMA/Exploration_8_Diversity_Aware_Wider_Field_and_Boundary_Optimization/INPUTS/QUICK_BENCHMARK/Dataset/01_training_dataset_tif_ROIs/training_set_metastatic_roi_028.tif,79.668498,85.822344,4,melanophage,gt
training_set_metastatic_roi_028:525,TRAIN,,,,training_set_metastatic_roi_028,/content/drive/MyDrive/Research/PUMA/Exploration_8_Diversity_Aware_Wider_Field_and_Boundary_Optimization/INPUTS/QUICK_BENCHMARK/Dataset/01_training_dataset_tif_ROIs/training_set_metastatic_roi_028.tif,68.408898,73.836864,4,melanophage,gt
training_set_metastatic_roi_028:526,TRAIN,,,,training_set_metastatic_roi_028,/content/drive/MyDrive/Research/PUMA/Exploration_8_Diversity_Aware_Wider_Field_and_Boundary_Optimization/INPUTS/QUICK_BENCHMARK/Dataset/01_training_dataset_tif_ROIs/training_set_metastatic_roi_028.tif,90.013462,65.459615,4,melanophage,gt
training_set_metastatic_roi_046:19,TRAIN,,,,training_set_metastatic_roi_046,/content/drive/MyDrive/Research/PUMA/Exploration_8_Diversity_Aware_Wider_Field_and_Boundary_Optimization/INPUTS/QUICK_BENCHMARK/Dataset/01_training_dataset_tif_ROIs/training_set_metastatic_roi_046.tif,45.008333,38.677564,5,neutrophil,gt
training_set_metastatic_roi_046:193,TRAIN,,,,training_set_metastatic_roi_046,/content/drive/MyDrive/Research/PUMA/Exploration_8_Diversity_Aware_Wider_Field_and_Boundary_Optimization/INPUTS/QUICK_BENCHMARK/Dataset/01_training_dataset_tif_ROIs/training_set_metastatic_roi_046.tif,484.171429,501.98315,6,stroma,gt
training_set_metastatic_roi_046:202,TRAIN,,,,training_set_metastatic_roi_046,/content/drive/MyDrive/Research/PUMA/Exploration_8_Diversity_Aware_Wider_Field_and_Boundary_Optimization/INPUTS/QUICK_BENCHMARK/Dataset/01_training_dataset_tif_ROIs/training_set_metastatic_roi_046.tif,398.402299,523.291354,0,tumor,gt
training_set_metastatic_roi_046:220,TRAIN,,,,training_set_metastatic_roi_046,/content/drive/MyDrive/Research/PUMA/Exploration_8_Diversity_Aware_Wider_Field_and_Boundary_Optimization/INPUTS/QUICK_BENCHMARK/Dataset/01_training_dataset_tif_ROIs/training_set_metastatic_roi_046.tif,472.737684,571.705268,0,tumor,gt
training_set_metastatic_roi_046:23,TRAIN,,,,training_set_metastatic_roi_046,/content/drive/MyDrive/Research/PUMA/Exploration_8_Diversity_Aware_Wider_Field_and_Boundary_Optimization/INPUTS/QUICK_BENCHMARK/Dataset/01_training_dataset_tif_ROIs/training_set_metastatic_roi_046.tif,189.171955,47.023883,0,tumor,gt
training_set_metastatic_roi_046:252,TRAIN,,,,training_set_metastatic_roi_046,/content/drive/MyDrive/Research/PUMA/Exploration_8_Diversity_Aware_Wider_Field_and_Boundary_Optimization/INPUTS/QUICK_BENCHMARK/Dataset/01_training_dataset_tif_ROIs/training_set_metastatic_roi_046.tif,407.203762,627.518286,5,neutrophil,gt
training_set_metastatic_roi_046:279,TRAIN,,,,training_set_metastatic_roi_046,/content/drive/MyDrive/Research/PUMA/Exploration_8_Diversity_Aware_Wider_Field_and_Boundary_Optimization/INPUTS/QUICK_BENCHMARK/Dataset/01_training_dataset_tif_ROIs/training_set_metastatic_roi_046.tif,223.819701,701.868074,5,neutrophil,gt
training_set_metastatic_roi_046:286,TRAIN,,,,training_set_metastatic_roi_046,/content/drive/MyDrive/Research/PUMA/Exploration_8_Diversity_Aware_Wider_Field_and_Boundary_Optimization/INPUTS/QUICK_BENCHMARK/Dataset/01_training_dataset_tif_ROIs/training_set_metastatic_roi_046.tif,259.924318,724.531441,0,tumor,gt
training_set_metastatic_roi_046:312,TRAIN,,,,training_set_metastatic_roi_046,/content/drive/MyDrive/Research/PUMA/Exploration_8_Diversity_Aware_Wider_Field_and_Boundary_Optimization/INPUTS/QUICK_BENCHMARK/Dataset/01_training_dataset_tif_ROIs/training_set_metastatic_roi_046.tif,66.976703,788.314815,6,stroma,gt
training_set_metastatic_roi_046:356,TRAIN,,,,training_set_metastatic_roi_046,/content/drive/MyDrive/Research/PUMA/Exploration_8_Diversity_Aware_Wider_Field_and_Boundary_Optimization/INPUTS/QUICK_BENCHMARK/Dataset/01_training_dataset_tif_ROIs/training_set_metastatic_roi_046.tif,673.398876,909.789326,5,neutrophil,gt
training_set_metastatic_roi_046:374,TRAIN,,,,training_set_metastatic_roi_046,/content/drive/MyDrive/Research/PUMA/Exploration_8_Diversity_Aware_Wider_Field_and_Boundary_Optimization/INPUTS/QUICK_BENCHMARK/Dataset/01_training_dataset_tif_ROIs/training_set_metastatic_roi_046.tif,325.282051,959.542857,5,neutrophil,gt
training_set_metastatic_roi_046:377,TRAIN,,,,training_set_metastatic_roi_046,/content/drive/MyDrive/Research/PUMA/Exploration_8_Diversity_Aware_Wider_Field_and_Boundary_Optimization/INPUTS/QUICK_BENCHMARK/Dataset/01_training_dataset_tif_ROIs/training_set_metastatic_roi_046.tif,177.818338,967.709512,5,neutrophil,gt
training_set_metastatic_roi_046:414,TRAIN,,,,training_set_metastatic_roi_046,/content/drive/MyDrive/Research/PUMA/Exploration_8_Diversity_Aware_Wider_Field_and_Boundary_Optimization/INPUTS/QUICK_BENCHMARK/Dataset/01_training_dataset_tif_ROIs/training_set_metastatic_roi_046.tif,75.887128,681.804035,5,neutrophil,gt
training_set_metastatic_roi_046:415,TRAIN,,,,training_set_metastatic_roi_046,/content/drive/MyDrive/Research/PUMA/Exploration_8_Diversity_Aware_Wider_Field_and_Boundary_Optimization/INPUTS/QUICK_BENCHMARK/Dataset/01_training_dataset_tif_ROIs/training_set_metastatic_roi_046.tif,86.020019,704.955307,5,neutrophil,gt
training_set_metastatic_roi_046:416,TRAIN,,,,training_set_metastatic_roi_046,/content/drive/MyDrive/Research/PUMA/Exploration_8_Diversity_Aware_Wider_Field_and_Boundary_Optimization/INPUTS/QUICK_BENCHMARK/Dataset/01_training_dataset_tif_ROIs/training_set_metastatic_roi_046.tif,109.294118,712.623162,5,neutrophil,gt
training_set_metastatic_roi_046:417,TRAIN,,,,training_set_metastatic_roi_046,/content/drive/MyDrive/Research/PUMA/Exploration_8_Diversity_Aware_Wider_Field_and_Boundary_Optimization/INPUTS/QUICK_BENCHMARK/Dataset/01_training_dataset_tif_ROIs/training_set_metastatic_roi_046.tif,211.1415,669.970085,5,neutrophil,gt
training_set_metastatic_roi_046:419,TRAIN,,,,training_set_metastatic_roi_046,/content/drive/MyDrive/Research/PUMA/Exploration_8_Diversity_Aware_Wider_Field_and_Boundary_Optimization/INPUTS/QUICK_BENCHMARK/Dataset/01_training_dataset_tif_ROIs/training_set_metastatic_roi_046.tif,258.730061,659.592025,5,neutrophil,gt
training_set_metastatic_roi_046:421,TRAIN,,,,training_set_metastatic_roi_046,/content/drive/MyDrive/Research/PUMA/Exploration_8_Diversity_Aware_Wider_Field_and_Boundary_Optimization/INPUTS/QUICK_BENCHMARK/Dataset/01_training_dataset_tif_ROIs/training_set_metastatic_roi_046.tif,461.843311,533.33629,5,neutrophil,gt
training_set_metastatic_roi_046:422,TRAIN,,,,training_set_metastatic_roi_046,/content/drive/MyDrive/Research/PUMA/Exploration_8_Diversity_Aware_Wider_Field_and_Boundary_Optimization/INPUTS/QUICK_BENCHMARK/Dataset/01_training_dataset_tif_ROIs/training_set_metastatic_roi_046.tif,307.620665,1013.536447,5,neutrophil,gt
training_set_metastatic_roi_056:130,TRAIN,,,,training_set_metastatic_roi_056,/content/drive/MyDrive/Research/PUMA/Exploration_8_Diversity_Aware_Wider_Field_and_Boundary_Optimization/INPUTS/QUICK_BENCHMARK/Dataset/01_training_dataset_tif_ROIs/training_set_metastatic_roi_056.tif,867.911199,604.515573,0,tumor,gt
training_set_metastatic_roi_056:139,TRAIN,,,,training_set_metastatic_roi_056,/content/drive/MyDrive/Research/PUMA/Exploration_8_Diversity_Aware_Wider_Field_and_Boundary_Optimization/INPUTS/QUICK_BENCHMARK/Dataset/01_training_dataset_tif_ROIs/training_set_metastatic_roi_056.tif,147.40669,203.797829,0,tumor,gt
training_set_metastatic_roi_056:151,TRAIN,,,,training_set_metastatic_roi_056,/content/drive/MyDrive/Research/PUMA/Exploration_8_Diversity_Aware_Wider_Field_and_Boundary_Optimization/INPUTS/QUICK_BENCHMARK/Dataset/01_training_dataset_tif_ROIs/training_set_metastatic_roi_056.tif,942.970803,768.480941,8,endothelium,gt
training_set_metastatic_roi_056:155,TRAIN,,,,training_set_metastatic_roi_056,/content/drive/MyDrive/Research/PUMA/Exploration_8_Diversity_Aware_Wider_Field_and_Boundary_Optimization/INPUTS/QUICK_BENCHMARK/Dataset/01_training_dataset_tif_ROIs/training_set_metastatic_roi_056.tif,54.027941,387.6,0,tumor,gt
training_set_metastatic_roi_056:159,TRAIN,,,,training_set_metastatic_roi_056,/content/drive/MyDrive/Research/PUMA/Exploration_8_Diversity_Aware_Wider_Field_and_Boundary_Optimization/INPUTS/QUICK_BENCHMARK/Dataset/01_training_dataset_tif_ROIs/training_set_metastatic_roi_056.tif,939.268387,945.016904,8,endothelium,gt
training_set_metastatic_roi_056:168,TRAIN,,,,training_set_metastatic_roi_056,/content/drive/MyDrive/Research/PUMA/Exploration_8_Diversity_Aware_Wider_Field_and_Boundary_Optimization/INPUTS/QUICK_BENCHMARK/Dataset/01_training_dataset_tif_ROIs/training_set_metastatic_roi_056.tif,484.178926,666.665341,8,endothelium,gt
training_set_metastatic_roi_056:171,TRAIN,,,,training_set_metastatic_roi_056,/content/drive/MyDrive/Research/PUMA/Exploration_8_Diversity_Aware_Wider_Field_and_Boundary_Optimization/INPUTS/QUICK_BENCHMARK/Dataset/01_training_dataset_tif_ROIs/training_set_metastatic_roi_056.tif,462.752157,728.770196,8,endothelium,gt
training_set_metastatic_roi_056:195,TRAIN,,,,training_set_metastatic_roi_056,/content/drive/MyDrive/Research/PUMA/Exploration_8_Diversity_Aware_Wider_Field_and_Boundary_Optimization/INPUTS/QUICK_BENCHMARK/Dataset/01_training_dataset_tif_ROIs/training_set_metastatic_roi_056.tif,353.015595,963.836257,6,stroma,gt
training_set_metastatic_roi_056:209,TRAIN,,,,training_set_metastatic_roi_056,/content/drive/MyDrive/Research/PUMA/Exploration_8_Diversity_Aware_Wider_Field_and_Boundary_Optimization/INPUTS/QUICK_BENCHMARK/Dataset/01_training_dataset_tif_ROIs/training_set_metastatic_roi_056.tif,453.290723,510.557174,5,neutrophil,gt
training_set_metastatic_roi_056:210,TRAIN,,,,training_set_metastatic_roi_056,/content/drive/MyDrive/Research/PUMA/Exploration_8_Diversity_Aware_Wider_Field_and_Boundary_Optimization/INPUTS/QUICK_BENCHMARK/Dataset/01_training_dataset_tif_ROIs/training_set_metastatic_roi_056.tif,945.184506,307.326707,5,neutrophil,gt
training_set_metastatic_roi_056:219,TRAIN,,,,training_set_metastatic_roi_056,/content/drive/MyDrive/Research/PUMA/Exploration_8_Diversity_Aware_Wider_Field_and_Boundary_Optimization/INPUTS/QUICK_BENCHMARK/Dataset/01_training_dataset_tif_ROIs/training_set_metastatic_roi_056.tif,436.587379,797.749191,5,neutrophil,gt
training_set_metastatic_roi_056:226,TRAIN,,,,training_set_metastatic_roi_056,/content/drive/MyDrive/Research/PUMA/Exploration_8_Diversity_Aware_Wider_Field_and_Boundary_Optimization/INPUTS/QUICK_BENCHMARK/Dataset/01_training_dataset_tif_ROIs/training_set_metastatic_roi_056.tif,855.65991,849.149399,9,apoptosis,gt
training_set_metastatic_roi_056:229,TRAIN,,,,training_set_metastatic_roi_056,/content/drive/MyDrive/Research/PUMA/Exploration_8_Diversity_Aware_Wider_Field_and_Boundary_Optimization/INPUTS/QUICK_BENCHMARK/Dataset/01_training_dataset_tif_ROIs/training_set_metastatic_roi_056.tif,808.184755,857.005814,0,tumor,gt
training_set_metastatic_roi_056:230,TRAIN,,,,training_set_metastatic_roi_056,/content/drive/MyDrive/Research/PUMA/Exploration_8_Diversity_Aware_Wider_Field_and_Boundary_Optimization/INPUTS/QUICK_BENCHMARK/Dataset/01_training_dataset_tif_ROIs/training_set_metastatic_roi_056.tif,820.763797,15.963208,5,neutrophil,gt
training_set_metastatic_roi_056:238,TRAIN,,,,training_set_metastatic_roi_056,/content/drive/MyDrive/Research/PUMA/Exploration_8_Diversity_Aware_Wider_Field_and_Boundary_Optimization/INPUTS/QUICK_BENCHMARK/Dataset/01_training_dataset_tif_ROIs/training_set_metastatic_roi_056.tif,507.303202,940.06403,9,apoptosis,gt
training_set_metastatic_roi_056:240,TRAIN,,,,training_set_metastatic_roi_056,/content/drive/MyDrive/Research/PUMA/Exploration_8_Diversity_Aware_Wider_Field_and_Boundary_Optimization/INPUTS/QUICK_BENCHMARK/Dataset/01_training_dataset_tif_ROIs/training_set_metastatic_roi_056.tif,542.791391,450.165563,9,apoptosis,gt
training_set_metastatic_roi_056:246,TRAIN,,,,training_set_metastatic_roi_056,/content/drive/MyDrive/Research/PUMA/Exploration_8_Diversity_Aware_Wider_Field_and_Boundary_Optimization/INPUTS/QUICK_BENCHMARK/Dataset/01_training_dataset_tif_ROIs/training_set_metastatic_roi_056.tif,922.246181,272.802336,6,stroma,gt
training_set_metastatic_roi_056:247,TRAIN,,,,training_set_metastatic_roi_056,/content/drive/MyDrive/Research/PUMA/Exploration_8_Diversity_Aware_Wider_Field_and_Boundary_Optimization/INPUTS/QUICK_BENCHMARK/Dataset/01_training_dataset_tif_ROIs/training_set_metastatic_roi_056.tif,433.583811,112.757808,9,apoptosis,gt
training_set_metastatic_roi_056:256,TRAIN,,,,training_set_metastatic_roi_056,/content/drive/MyDrive/Research/PUMA/Exploration_8_Diversity_Aware_Wider_Field_and_Boundary_Optimization/INPUTS/QUICK_BENCHMARK/Dataset/01_training_dataset_tif_ROIs/training_set_metastatic_roi_056.tif,187.727957,1019.160215,0,tumor,gt
training_set_metastatic_roi_056:260,TRAIN,,,,training_set_metastatic_roi_056,/content/drive/MyDrive/Research/PUMA/Exploration_8_Diversity_Aware_Wider_Field_and_Boundary_Optimization/INPUTS/QUICK_BENCHMARK/Dataset/01_training_dataset_tif_ROIs/training_set_metastatic_roi_056.tif,440.278912,921.030612,9,apoptosis,gt
training_set_metastatic_roi_056:262,TRAIN,,,,training_set_metastatic_roi_056,/content/drive/MyDrive/Research/PUMA/Exploration_8_Diversity_Aware_Wider_Field_and_Boundary_Optimization/INPUTS/QUICK_BENCHMARK/Dataset/01_training_dataset_tif_ROIs/training_set_metastatic_roi_056.tif,576.852355,743.519022,6,stroma,gt
training_set_metastatic_roi_056:265,TRAIN,,,,training_set_metastatic_roi_056,/content/drive/MyDrive/Research/PUMA/Exploration_8_Diversity_Aware_Wider_Field_and_Boundary_Optimization/INPUTS/QUICK_BENCHMARK/Dataset/01_training_dataset_tif_ROIs/training_set_metastatic_roi_056.tif,653.126177,996.618079,5,neutrophil,gt
training_set_metastatic_roi_056:277,TRAIN,,,,training_set_metastatic_roi_056,/content/drive/MyDrive/Research/PUMA/Exploration_8_Diversity_Aware_Wider_Field_and_Boundary_Optimization/INPUTS/QUICK_BENCHMARK/Dataset/01_training_dataset_tif_ROIs/training_set_metastatic_roi_056.tif,856.769231,13.268245,9,apoptosis,gt
training_set_metastatic_roi_056:290,TRAIN,,,,training_set_metastatic_roi_056,/content/drive/MyDrive/Research/PUMA/Exploration_8_Diversity_Aware_Wider_Field_and_Boundary_Optimization/INPUTS/QUICK_BENCHMARK/Dataset/01_training_dataset_tif_ROIs/training_set_metastatic_roi_056.tif,900.929167,915.334375,9,apoptosis,gt
training_set_metastatic_roi_056:301,TRAIN,,,,training_set_metastatic_roi_056,/content/drive/MyDrive/Research/PUMA/Exploration_8_Diversity_Aware_Wider_Field_and_Boundary_Optimization/INPUTS/QUICK_BENCHMARK/Dataset/01_training_dataset_tif_ROIs/training_set_metastatic_roi_056.tif,84.410075,302.032468,9,apoptosis,gt
training_set_metastatic_roi_056:305,TRAIN,,,,training_set_metastatic_roi_056,/content/drive/MyDrive/Research/PUMA/Exploration_8_Diversity_Aware_Wider_Field_and_Boundary_Optimization/INPUTS/QUICK_BENCHMARK/Dataset/01_training_dataset_tif_ROIs/training_set_metastatic_roi_056.tif,525.706456,997.381543,5,neutrophil,gt
training_set_metastatic_roi_056:317,TRAIN,,,,training_set_metastatic_roi_056,/content/drive/MyDrive/Research/PUMA/Exploration_8_Diversity_Aware_Wider_Field_and_Boundary_Optimization/INPUTS/QUICK_BENCHMARK/Dataset/01_training_dataset_tif_ROIs/training_set_metastatic_roi_056.tif,892.174098,938.825902,9,apoptosis,gt
training_set_metastatic_roi_056:326,TRAIN,,,,training_set_metastatic_roi_056,/content/drive/MyDrive/Research/PUMA/Exploration_8_Diversity_Aware_Wider_Field_and_Boundary_Optimization/INPUTS/QUICK_BENCHMARK/Dataset/01_training_dataset_tif_ROIs/training_set_metastatic_roi_056.tif,438.942708,753.588542,9,apoptosis,gt
training_set_metastatic_roi_056:33,TRAIN,,,,training_set_metastatic_roi_056,/content/drive/MyDrive/Research/PUMA/Exploration_8_Diversity_Aware_Wider_Field_and_Boundary_Optimization/INPUTS/QUICK_BENCHMARK/Dataset/01_training_dataset_tif_ROIs/training_set_metastatic_roi_056.tif,446.117331,959.906701,8,endothelium,gt
training_set_metastatic_roi_056:336,TRAIN,,,,training_set_metastatic_roi_056,/content/drive/MyDrive/Research/PUMA/Exploration_8_Diversity_Aware_Wider_Field_and_Boundary_Optimization/INPUTS/QUICK_BENCHMARK/Dataset/01_training_dataset_tif_ROIs/training_set_metastatic_roi_056.tif,973.468421,213.415789,9,apoptosis,gt
training_set_metastatic_roi_056:342,TRAIN,,,,training_set_metastatic_roi_056,/content/drive/MyDrive/Research/PUMA/Exploration_8_Diversity_Aware_Wider_Field_and_Boundary_Optimization/INPUTS/QUICK_BENCHMARK/Dataset/01_training_dataset_tif_ROIs/training_set_metastatic_roi_056.tif,121.564484,309.738591,9,apoptosis,gt
training_set_metastatic_roi_056:344,TRAIN,,,,training_set_metastatic_roi_056,/content/drive/MyDrive/Research/PUMA/Exploration_8_Diversity_Aware_Wider_Field_and_Boundary_Optimization/INPUTS/QUICK_BENCHMARK/Dataset/01_training_dataset_tif_ROIs/training_set_metastatic_roi_056.tif,148.0,686.1,9,apoptosis,gt
training_set_metastatic_roi_056:58,TRAIN,,,,training_set_metastatic_roi_056,/content/drive/MyDrive/Research/PUMA/Exploration_8_Diversity_Aware_Wider_Field_and_Boundary_Optimization/INPUTS/QUICK_BENCHMARK/Dataset/01_training_dataset_tif_ROIs/training_set_metastatic_roi_056.tif,278.649023,38.678849,0,tumor,gt
training_set_metastatic_roi_056:76,TRAIN,,,,training_set_metastatic_roi_056,/content/drive/MyDrive/Research/PUMA/Exploration_8_Diversity_Aware_Wider_Field_and_Boundary_Optimization/INPUTS/QUICK_BENCHMARK/Dataset/01_training_dataset_tif_ROIs/training_set_metastatic_roi_056.tif,504.131667,659.92625,8,endothelium,gt
training_set_metastatic_roi_056:97,TRAIN,,,,training_set_metastatic_roi_056,/content/drive/MyDrive/Research/PUMA/Exploration_8_Diversity_Aware_Wider_Field_and_Boundary_Optimization/INPUTS/QUICK_BENCHMARK/Dataset/01_training_dataset_tif_ROIs/training_set_metastatic_roi_056.tif,440.053726,999.352254,8,endothelium,gt
training_set_metastatic_roi_072:102,TRAIN,,,,training_set_metastatic_roi_072,/content/drive/MyDrive/Research/PUMA/Exploration_8_Diversity_Aware_Wider_Field_and_Boundary_Optimization/INPUTS/QUICK_BENCHMARK/Dataset/01_training_dataset_tif_ROIs/training_set_metastatic_roi_072.tif,325.080237,604.595584,1,lymphocyte,gt
training_set_metastatic_roi_072:111,TRAIN,,,,training_set_metastatic_roi_072,/content/drive/MyDrive/Research/PUMA/Exploration_8_Diversity_Aware_Wider_Field_and_Boundary_Optimization/INPUTS/QUICK_BENCHMARK/Dataset/01_training_dataset_tif_ROIs/training_set_metastatic_roi_072.tif,341.050414,674.648984,5,neutrophil,gt
training_set_metastatic_roi_072:199,TRAIN,,,,training_set_metastatic_roi_072,/content/drive/MyDrive/Research/PUMA/Exploration_8_Diversity_Aware_Wider_Field_and_Boundary_Optimization/INPUTS/QUICK_BENCHMARK/Dataset/01_training_dataset_tif_ROIs/training_set_metastatic_roi_072.tif,714.745939,919.705003,1,lymphocyte,gt
training_set_metastatic_roi_072:301,TRAIN,,,,training_set_metastatic_roi_072,/content/drive/MyDrive/Research/PUMA/Exploration_8_Diversity_Aware_Wider_Field_and_Boundary_Optimization/INPUTS/QUICK_BENCHMARK/Dataset/01_training_dataset_tif_ROIs/training_set_metastatic_roi_072.tif,109.615854,167.629404,1,lymphocyte,gt
training_set_metastatic_roi_072:335,TRAIN,,,,training_set_metastatic_roi_072,/content/drive/MyDrive/Research/PUMA/Exploration_8_Diversity_Aware_Wider_Field_and_Boundary_Optimization/INPUTS/QUICK_BENCHMARK/Dataset/01_training_dataset_tif_ROIs/training_set_metastatic_roi_072.tif,236.520179,710.856876,5,neutrophil,gt
training_set_metastatic_roi_072:374,TRAIN,,,,training_set_metastatic_roi_072,/content/drive/MyDrive/Research/PUMA/Exploration_8_Diversity_Aware_Wider_Field_and_Boundary_Optimization/INPUTS/QUICK_BENCHMARK/Dataset/01_training_dataset_tif_ROIs/training_set_metastatic_roi_072.tif,817.138542,76.230729,2,plasma_cell,gt
training_set_metastatic_roi_072:407,TRAIN,,,,training_set_metastatic_roi_072,/content/drive/MyDrive/Research/PUMA/Exploration_8_Diversity_Aware_Wider_Field_and_Boundary_Optimization/INPUTS/QUICK_BENCHMARK/Dataset/01_training_dataset_tif_ROIs/training_set_metastatic_roi_072.tif,957.58543,917.629979,9,apoptosis,gt
training_set_metastatic_roi_072:412,TRAIN,,,,training_set_metastatic_roi_072,/content/drive/MyDrive/Research/PUMA/Exploration_8_Diversity_Aware_Wider_Field_and_Boundary_Optimization/INPUTS/QUICK_BENCHMARK/Dataset/01_training_dataset_tif_ROIs/training_set_metastatic_roi_072.tif,139.173372,671.051245,1,lymphocyte,gt
training_set_metastatic_roi_072:450,TRAIN,,,,training_set_metastatic_roi_072,/content/drive/MyDrive/Research/PUMA/Exploration_8_Diversity_Aware_Wider_Field_and_Boundary_Optimization/INPUTS/QUICK_BENCHMARK/Dataset/01_training_dataset_tif_ROIs/training_set_metastatic_roi_072.tif,119.564957,982.435043,1,lymphocyte,gt
training_set_metastatic_roi_072:481,TRAIN,,,,training_set_metastatic_roi_072,/content/drive/MyDrive/Research/PUMA/Exploration_8_Diversity_Aware_Wider_Field_and_Boundary_Optimization/INPUTS/QUICK_BENCHMARK/Dataset/01_training_dataset_tif_ROIs/training_set_metastatic_roi_072.tif,249.430226,735.751448,8,endothelium,gt
training_set_metastatic_roi_072:482,TRAIN,,,,training_set_metastatic_roi_072,/content/drive/MyDrive/Research/PUMA/Exploration_8_Diversity_Aware_Wider_Field_and_Boundary_Optimization/INPUTS/QUICK_BENCHMARK/Dataset/01_training_dataset_tif_ROIs/training_set_metastatic_roi_072.tif,247.210153,759.891775,8,endothelium,gt
training_set_metastatic_roi_072:522,TRAIN,,,,training_set_metastatic_roi_072,/content/drive/MyDrive/Research/PUMA/Exploration_8_Diversity_Aware_Wider_Field_and_Boundary_Optimization/INPUTS/QUICK_BENCHMARK/Dataset/01_training_dataset_tif_ROIs/training_set_metastatic_roi_072.tif,31.046784,941.046784,9,apoptosis,gt
training_set_metastatic_roi_072:528,TRAIN,,,,training_set_metastatic_roi_072,/content/drive/MyDrive/Research/PUMA/Exploration_8_Diversity_Aware_Wider_Field_and_Boundary_Optimization/INPUTS/QUICK_BENCHMARK/Dataset/01_training_dataset_tif_ROIs/training_set_metastatic_roi_072.tif,262.303267,666.492972,8,endothelium,gt
training_set_metastatic_roi_072:538,TRAIN,,,,training_set_metastatic_roi_072,/content/drive/MyDrive/Research/PUMA/Exploration_8_Diversity_Aware_Wider_Field_and_Boundary_Optimization/INPUTS/QUICK_BENCHMARK/Dataset/01_training_dataset_tif_ROIs/training_set_metastatic_roi_072.tif,326.312757,633.933333,8,endothelium,gt
training_set_metastatic_roi_072:539,TRAIN,,,,training_set_metastatic_roi_072,/content/drive/MyDrive/Research/PUMA/Exploration_8_Diversity_Aware_Wider_Field_and_Boundary_Optimization/INPUTS/QUICK_BENCHMARK/Dataset/01_training_dataset_tif_ROIs/training_set_metastatic_roi_072.tif,76.046784,519.046784,9,apoptosis,gt
training_set_metastatic_roi_072:708,TRAIN,,,,training_set_metastatic_roi_072,/content/drive/MyDrive/Research/PUMA/Exploration_8_Diversity_Aware_Wider_Field_and_Boundary_Optimization/INPUTS/QUICK_BENCHMARK/Dataset/01_training_dataset_tif_ROIs/training_set_metastatic_roi_072.tif,768.602586,954.013223,9,apoptosis,gt
training_set_metastatic_roi_072:716,TRAIN,,,,training_set_metastatic_roi_072,/content/drive/MyDrive/Research/PUMA/Exploration_8_Diversity_Aware_Wider_Field_and_Boundary_Optimization/INPUTS/QUICK_BENCHMARK/Dataset/01_training_dataset_tif_ROIs/training_set_metastatic_roi_072.tif,610.408999,993.795295,8,endothelium,gt
training_set_metastatic_roi_101:11,TRAIN,,,,training_set_metastatic_roi_101,/content/drive/MyDrive/Research/PUMA/Exploration_8_Diversity_Aware_Wider_Field_and_Boundary_Optimization/INPUTS/QUICK_BENCHMARK/Dataset/01_training_dataset_tif_ROIs/training_set_metastatic_roi_101.tif,719.332512,13.778325,9,apoptosis,gt
training_set_metastatic_roi_101:184,TRAIN,,,,training_set_metastatic_roi_101,/content/drive/MyDrive/Research/PUMA/Exploration_8_Diversity_Aware_Wider_Field_and_Boundary_Optimization/INPUTS/QUICK_BENCHMARK/Dataset/01_training_dataset_tif_ROIs/training_set_metastatic_roi_101.tif,431.634276,468.888693,9,apoptosis,gt
training_set_metastatic_roi_101:191,TRAIN,,,,training_set_metastatic_roi_101,/content/drive/MyDrive/Research/PUMA/Exploration_8_Diversity_Aware_Wider_Field_and_Boundary_Optimization/INPUTS/QUICK_BENCHMARK/Dataset/01_training_dataset_tif_ROIs/training_set_metastatic_roi_101.tif,523.513746,480.991409,9,apoptosis,gt
training_set_metastatic_roi_101:193,TRAIN,,,,training_set_metastatic_roi_101,/content/drive/MyDrive/Research/PUMA/Exploration_8_Diversity_Aware_Wider_Field_and_Boundary_Optimization/INPUTS/QUICK_BENCHMARK/Dataset/01_training_dataset_tif_ROIs/training_set_metastatic_roi_101.tif,656.727687,495.177596,9,apoptosis,gt
training_set_metastatic_roi_101:220,TRAIN,,,,training_set_metastatic_roi_101,/content/drive/MyDrive/Research/PUMA/Exploration_8_Diversity_Aware_Wider_Field_and_Boundary_Optimization/INPUTS/QUICK_BENCHMARK/Dataset/01_training_dataset_tif_ROIs/training_set_metastatic_roi_101.tif,356.310811,556.175676,9,apoptosis,gt
training_set_metastatic_roi_101:233,TRAIN,,,,training_set_metastatic_roi_101,/content/drive/MyDrive/Research/PUMA/Exploration_8_Diversity_Aware_Wider_Field_and_Boundary_Optimization/INPUTS/QUICK_BENCHMARK/Dataset/01_training_dataset_tif_ROIs/training_set_metastatic_roi_101.tif,358.650628,603.449791,9,apoptosis,gt
training_set_metastatic_roi_101:237,TRAIN,,,,training_set_metastatic_roi_101,/content/drive/MyDrive/Research/PUMA/Exploration_8_Diversity_Aware_Wider_Field_and_Boundary_Optimization/INPUTS/QUICK_BENCHMARK/Dataset/01_training_dataset_tif_ROIs/training_set_metastatic_roi_101.tif,742.512579,605.015723,9,apoptosis,gt
training_set_metastatic_roi_101:271,TRAIN,,,,training_set_metastatic_roi_101,/content/drive/MyDrive/Research/PUMA/Exploration_8_Diversity_Aware_Wider_Field_and_Boundary_Optimization/INPUTS/QUICK_BENCHMARK/Dataset/01_training_dataset_tif_ROIs/training_set_metastatic_roi_101.tif,884.892241,717.732759,9,apoptosis,gt
training_set_metastatic_roi_101:287,TRAIN,,,,training_set_metastatic_roi_101,/content/drive/MyDrive/Research/PUMA/Exploration_8_Diversity_Aware_Wider_Field_and_Boundary_Optimization/INPUTS/QUICK_BENCHMARK/Dataset/01_training_dataset_tif_ROIs/training_set_metastatic_roi_101.tif,717.066929,774.948819,9,apoptosis,gt
training_set_metastatic_roi_101:296,TRAIN,,,,training_set_metastatic_roi_101,/content/drive/MyDrive/Research/PUMA/Exploration_8_Diversity_Aware_Wider_Field_and_Boundary_Optimization/INPUTS/QUICK_BENCHMARK/Dataset/01_training_dataset_tif_ROIs/training_set_metastatic_roi_101.tif,541.390476,809.328571,9,apoptosis,gt
training_set_metastatic_roi_101:332,TRAIN,,,,training_set_metastatic_roi_101,/content/drive/MyDrive/Research/PUMA/Exploration_8_Diversity_Aware_Wider_Field_and_Boundary_Optimization/INPUTS/QUICK_BENCHMARK/Dataset/01_training_dataset_tif_ROIs/training_set_metastatic_roi_101.tif,657.234007,958.537037,9,apoptosis,gt
training_set_metastatic_roi_101:333,TRAIN,,,,training_set_metastatic_roi_101,/content/drive/MyDrive/Research/PUMA/Exploration_8_Diversity_Aware_Wider_Field_and_Boundary_Optimization/INPUTS/QUICK_BENCHMARK/Dataset/01_training_dataset_tif_ROIs/training_set_metastatic_roi_101.tif,178.106987,970.871179,9,apoptosis,gt
training_set_metastatic_roi_101:341,TRAIN,,,,training_set_metastatic_roi_101,/content/drive/MyDrive/Research/PUMA/Exploration_8_Diversity_Aware_Wider_Field_and_Boundary_Optimization/INPUTS/QUICK_BENCHMARK/Dataset/01_training_dataset_tif_ROIs/training_set_metastatic_roi_101.tif,645.825843,1017.421348,9,apoptosis,gt
training_set_metastatic_roi_101:343,TRAIN,,,,training_set_metastatic_roi_101,/content/drive/MyDrive/Research/PUMA/Exploration_8_Diversity_Aware_Wider_Field_and_Boundary_Optimization/INPUTS/QUICK_BENCHMARK/Dataset/01_training_dataset_tif_ROIs/training_set_metastatic_roi_101.tif,946.749421,719.066262,5,neutrophil,gt
training_set_metastatic_roi_101:44,TRAIN,,,,training_set_metastatic_roi_101,/content/drive/MyDrive/Research/PUMA/Exploration_8_Diversity_Aware_Wider_Field_and_Boundary_Optimization/INPUTS/QUICK_BENCHMARK/Dataset/01_training_dataset_tif_ROIs/training_set_metastatic_roi_101.tif,214.850299,87.269461,1,lymphocyte,gt
training_set_primary_roi_007:146,TRAIN,,,,training_set_primary_roi_007,/content/drive/MyDrive/Research/PUMA/Exploration_8_Diversity_Aware_Wider_Field_and_Boundary_Optimization/INPUTS/QUICK_BENCHMARK/Dataset/01_training_dataset_tif_ROIs/training_set_primary_roi_007.tif,786.666667,440.008872,4,melanophage,gt
training_set_primary_roi_007:171,TRAIN,,,,training_set_primary_roi_007,/content/drive/MyDrive/Research/PUMA/Exploration_8_Diversity_Aware_Wider_Field_and_Boundary_Optimization/INPUTS/QUICK_BENCHMARK/Dataset/01_training_dataset_tif_ROIs/training_set_primary_roi_007.tif,645.246946,514.4363,4,melanophage,gt
training_set_primary_roi_007:179,TRAIN,,,,training_set_primary_roi_007,/content/drive/MyDrive/Research/PUMA/Exploration_8_Diversity_Aware_Wider_Field_and_Boundary_Optimization/INPUTS/QUICK_BENCHMARK/Dataset/01_training_dataset_tif_ROIs/training_set_primary_roi_007.tif,638.465927,537.740095,4,melanophage,gt
training_set_primary_roi_007:187,TRAIN,,,,training_set_primary_roi_007,/content/drive/MyDrive/Research/PUMA/Exploration_8_Diversity_Aware_Wider_Field_and_Boundary_Optimization/INPUTS/QUICK_BENCHMARK/Dataset/01_training_dataset_tif_ROIs/training_set_primary_roi_007.tif,269.960799,590.908276,4,melanophage,gt
training_set_primary_roi_007:214,TRAIN,,,,training_set_primary_roi_007,/content/drive/MyDrive/Research/PUMA/Exploration_8_Diversity_Aware_Wider_Field_and_Boundary_Optimization/INPUTS/QUICK_BENCHMARK/Dataset/01_training_dataset_tif_ROIs/training_set_primary_roi_007.tif,790.932555,716.061219,3,histiocyte,gt
training_set_primary_roi_007:238,TRAIN,,,,training_set_primary_roi_007,/content/drive/MyDrive/Research/PUMA/Exploration_8_Diversity_Aware_Wider_Field_and_Boundary_Optimization/INPUTS/QUICK_BENCHMARK/Dataset/01_training_dataset_tif_ROIs/training_set_primary_roi_007.tif,352.943396,813.060198,4,melanophage,gt
training_set_primary_roi_042:153,TRAIN,,,,training_set_primary_roi_042,/content/drive/MyDrive/Research/PUMA/Exploration_8_Diversity_Aware_Wider_Field_and_Boundary_Optimization/INPUTS/QUICK_BENCHMARK/Dataset/01_training_dataset_tif_ROIs/training_set_primary_roi_042.tif,737.663962,450.917343,7,epithelium,gt
training_set_primary_roi_042:245,TRAIN,,,,training_set_primary_roi_042,/content/drive/MyDrive/Research/PUMA/Exploration_8_Diversity_Aware_Wider_Field_and_Boundary_Optimization/INPUTS/QUICK_BENCHMARK/Dataset/01_training_dataset_tif_ROIs/training_set_primary_roi_042.tif,245.404281,701.863654,7,epithelium,gt
training_set_primary_roi_042:296,TRAIN,,,,training_set_primary_roi_042,/content/drive/MyDrive/Research/PUMA/Exploration_8_Diversity_Aware_Wider_Field_and_Boundary_Optimization/INPUTS/QUICK_BENCHMARK/Dataset/01_training_dataset_tif_ROIs/training_set_primary_roi_042.tif,159.297014,799.132768,7,epithelium,gt
training_set_primary_roi_042:330,TRAIN,,,,training_set_primary_roi_042,/content/drive/MyDrive/Research/PUMA/Exploration_8_Diversity_Aware_Wider_Field_and_Boundary_Optimization/INPUTS/QUICK_BENCHMARK/Dataset/01_training_dataset_tif_ROIs/training_set_primary_roi_042.tif,857.462679,851.166801,7,epithelium,gt
training_set_primary_roi_042:379,TRAIN,,,,training_set_primary_roi_042,/content/drive/MyDrive/Research/PUMA/Exploration_8_Diversity_Aware_Wider_Field_and_Boundary_Optimization/INPUTS/QUICK_BENCHMARK/Dataset/01_training_dataset_tif_ROIs/training_set_primary_roi_042.tif,256.243876,936.44316,7,epithelium,gt
training_set_primary_roi_042:406,TRAIN,,,,training_set_primary_roi_042,/content/drive/MyDrive/Research/PUMA/Exploration_8_Diversity_Aware_Wider_Field_and_Boundary_Optimization/INPUTS/QUICK_BENCHMARK/Dataset/01_training_dataset_tif_ROIs/training_set_primary_roi_042.tif,342.368249,992.094926,7,epithelium,gt
training_set_primary_roi_042:422,TRAIN,,,,training_set_primary_roi_042,/content/drive/MyDrive/Research/PUMA/Exploration_8_Diversity_Aware_Wider_Field_and_Boundary_Optimization/INPUTS/QUICK_BENCHMARK/Dataset/01_training_dataset_tif_ROIs/training_set_primary_roi_042.tif,55.815964,1015.968156,7,epithelium,gt
training_set_primary_roi_042:446,TRAIN,,,,training_set_primary_roi_042,/content/drive/MyDrive/Research/PUMA/Exploration_8_Diversity_Aware_Wider_Field_and_Boundary_Optimization/INPUTS/QUICK_BENCHMARK/Dataset/01_training_dataset_tif_ROIs/training_set_primary_roi_042.tif,712.617771,594.389064,7,epithelium,gt
training_set_primary_roi_042:93,TRAIN,,,,training_set_primary_roi_042,/content/drive/MyDrive/Research/PUMA/Exploration_8_Diversity_Aware_Wider_Field_and_Boundary_Optimization/INPUTS/QUICK_BENCHMARK/Dataset/01_training_dataset_tif_ROIs/training_set_primary_roi_042.tif,273.6491,274.012297,1,lymphocyte,gt
training_set_primary_roi_059:0,TRAIN,,,,training_set_primary_roi_059,/content/drive/MyDrive/Research/PUMA/Exploration_8_Diversity_Aware_Wider_Field_and_Boundary_Optimization/INPUTS/QUICK_BENCHMARK/Dataset/01_training_dataset_tif_ROIs/training_set_primary_roi_059.tif,23.017403,3.851406,1,lymphocyte,gt
training_set_primary_roi_059:147,TRAIN,,,,training_set_primary_roi_059,/content/drive/MyDrive/Research/PUMA/Exploration_8_Diversity_Aware_Wider_Field_and_Boundary_Optimization/INPUTS/QUICK_BENCHMARK/Dataset/01_training_dataset_tif_ROIs/training_set_primary_roi_059.tif,712.492958,306.854125,1,lymphocyte,gt
training_set_primary_roi_059:17,TRAIN,,,,training_set_primary_roi_059,/content/drive/MyDrive/Research/PUMA/Exploration_8_Diversity_Aware_Wider_Field_and_Boundary_Optimization/INPUTS/QUICK_BENCHMARK/Dataset/01_training_dataset_tif_ROIs/training_set_primary_roi_059.tif,914.969411,41.108412,4,melanophage,gt
training_set_primary_roi_059:178,TRAIN,,,,training_set_primary_roi_059,/content/drive/MyDrive/Research/PUMA/Exploration_8_Diversity_Aware_Wider_Field_and_Boundary_Optimization/INPUTS/QUICK_BENCHMARK/Dataset/01_training_dataset_tif_ROIs/training_set_primary_roi_059.tif,218.647287,375.108119,3,histiocyte,gt
training_set_primary_roi_059:187,TRAIN,,,,training_set_primary_roi_059,/content/drive/MyDrive/Research/PUMA/Exploration_8_Diversity_Aware_Wider_Field_and_Boundary_Optimization/INPUTS/QUICK_BENCHMARK/Dataset/01_training_dataset_tif_ROIs/training_set_primary_roi_059.tif,5.125714,380.720952,1,lymphocyte,gt
training_set_primary_roi_059:221,TRAIN,,,,training_set_primary_roi_059,/content/drive/MyDrive/Research/PUMA/Exploration_8_Diversity_Aware_Wider_Field_and_Boundary_Optimization/INPUTS/QUICK_BENCHMARK/Dataset/01_training_dataset_tif_ROIs/training_set_primary_roi_059.tif,887.936643,439.346572,1,lymphocyte,gt
training_set_primary_roi_059:240,TRAIN,,,,training_set_primary_roi_059,/content/drive/MyDrive/Research/PUMA/Exploration_8_Diversity_Aware_Wider_Field_and_Boundary_Optimization/INPUTS/QUICK_BENCHMARK/Dataset/01_training_dataset_tif_ROIs/training_set_primary_roi_059.tif,754.147833,477.3629,1,lymphocyte,gt
training_set_primary_roi_059:252,TRAIN,,,,training_set_primary_roi_059,/content/drive/MyDrive/Research/PUMA/Exploration_8_Diversity_Aware_Wider_Field_and_Boundary_Optimization/INPUTS/QUICK_BENCHMARK/Dataset/01_training_dataset_tif_ROIs/training_set_primary_roi_059.tif,217.062758,492.743142,2,plasma_cell,gt
training_set_primary_roi_059:259,TRAIN,,,,training_set_primary_roi_059,/content/drive/MyDrive/Research/PUMA/Exploration_8_Diversity_Aware_Wider_Field_and_Boundary_Optimization/INPUTS/QUICK_BENCHMARK/Dataset/01_training_dataset_tif_ROIs/training_set_primary_roi_059.tif,563.105186,503.810023,3,histiocyte,gt
training_set_primary_roi_059:26,TRAIN,,,,training_set_primary_roi_059,/content/drive/MyDrive/Research/PUMA/Exploration_8_Diversity_Aware_Wider_Field_and_Boundary_Optimization/INPUTS/QUICK_BENCHMARK/Dataset/01_training_dataset_tif_ROIs/training_set_primary_roi_059.tif,977.22853,63.044833,2,plasma_cell,gt
training_set_primary_roi_059:398,TRAIN,,,,training_set_primary_roi_059,/content/drive/MyDrive/Research/PUMA/Exploration_8_Diversity_Aware_Wider_Field_and_Boundary_Optimization/INPUTS/QUICK_BENCHMARK/Dataset/01_training_dataset_tif_ROIs/training_set_primary_roi_059.tif,947.252723,767.932026,1,lymphocyte,gt
training_set_primary_roi_059:419,TRAIN,,,,training_set_primary_roi_059,/content/drive/MyDrive/Research/PUMA/Exploration_8_Diversity_Aware_Wider_Field_and_Boundary_Optimization/INPUTS/QUICK_BENCHMARK/Dataset/01_training_dataset_tif_ROIs/training_set_primary_roi_059.tif,287.896124,850.314729,9,apoptosis,gt
training_set_primary_roi_059:425,TRAIN,,,,training_set_primary_roi_059,/content/drive/MyDrive/Research/PUMA/Exploration_8_Diversity_Aware_Wider_Field_and_Boundary_Optimization/INPUTS/QUICK_BENCHMARK/Dataset/01_training_dataset_tif_ROIs/training_set_primary_roi_059.tif,105.896124,865.204651,9,apoptosis,gt
training_set_primary_roi_059:463,TRAIN,,,,training_set_primary_roi_059,/content/drive/MyDrive/Research/PUMA/Exploration_8_Diversity_Aware_Wider_Field_and_Boundary_Optimization/INPUTS/QUICK_BENCHMARK/Dataset/01_training_dataset_tif_ROIs/training_set_primary_roi_059.tif,142.732962,470.555865,2,plasma_cell,gt
training_set_primary_roi_059:488,TRAIN,,,,training_set_primary_roi_059,/content/drive/MyDrive/Research/PUMA/Exploration_8_Diversity_Aware_Wider_Field_and_Boundary_Optimization/INPUTS/QUICK_BENCHMARK/Dataset/01_training_dataset_tif_ROIs/training_set_primary_roi_059.tif,1015.099282,385.634462,2,plasma_cell,gt
training_set_primary_roi_059:5,TRAIN,,,,training_set_primary_roi_059,/content/drive/MyDrive/Research/PUMA/Exploration_8_Diversity_Aware_Wider_Field_and_Boundary_Optimization/INPUTS/QUICK_BENCHMARK/Dataset/01_training_dataset_tif_ROIs/training_set_primary_roi_059.tif,886.164709,13.062125,1,lymphocyte,gt
training_set_primary_roi_059:52,TRAIN,,,,training_set_primary_roi_059,/content/drive/MyDrive/Research/PUMA/Exploration_8_Diversity_Aware_Wider_Field_and_Boundary_Optimization/INPUTS/QUICK_BENCHMARK/Dataset/01_training_dataset_tif_ROIs/training_set_primary_roi_059.tif,826.386076,121.835443,3,histiocyte,gt
training_set_primary_roi_059:524,TRAIN,,,,training_set_primary_roi_059,/content/drive/MyDrive/Research/PUMA/Exploration_8_Diversity_Aware_Wider_Field_and_Boundary_Optimization/INPUTS/QUICK_BENCHMARK/Dataset/01_training_dataset_tif_ROIs/training_set_primary_roi_059.tif,772.943862,520.540014,1,lymphocyte,gt
training_set_primary_roi_059:555,TRAIN,,,,training_set_primary_roi_059,/content/drive/MyDrive/Research/PUMA/Exploration_8_Diversity_Aware_Wider_Field_and_Boundary_Optimization/INPUTS/QUICK_BENCHMARK/Dataset/01_training_dataset_tif_ROIs/training_set_primary_roi_059.tif,779.466175,861.405247,9,apoptosis,gt
training_set_primary_roi_059:77,TRAIN,,,,training_set_primary_roi_059,/content/drive/MyDrive/Research/PUMA/Exploration_8_Diversity_Aware_Wider_Field_and_Boundary_Optimization/INPUTS/QUICK_BENCHMARK/Dataset/01_training_dataset_tif_ROIs/training_set_primary_roi_059.tif,639.205276,176.699093,4,melanophage,gt
training_set_primary_roi_059:92,TRAIN,,,,training_set_primary_roi_059,/content/drive/MyDrive/Research/PUMA/Exploration_8_Diversity_Aware_Wider_Field_and_Boundary_Optimization/INPUTS/QUICK_BENCHMARK/Dataset/01_training_dataset_tif_ROIs/training_set_primary_roi_059.tif,544.76399,208.716024,1,lymphocyte,gt
training_set_primary_roi_067:126,TRAIN,,,,training_set_primary_roi_067,/content/drive/MyDrive/Research/PUMA/Exploration_8_Diversity_Aware_Wider_Field_and_Boundary_Optimization/INPUTS/QUICK_BENCHMARK/Dataset/01_training_dataset_tif_ROIs/training_set_primary_roi_067.tif,625.450252,343.558001,7,epithelium,gt
training_set_primary_roi_067:129,TRAIN,,,,training_set_primary_roi_067,/content/drive/MyDrive/Research/PUMA/Exploration_8_Diversity_Aware_Wider_Field_and_Boundary_Optimization/INPUTS/QUICK_BENCHMARK/Dataset/01_training_dataset_tif_ROIs/training_set_primary_roi_067.tif,1016.742875,352.405204,3,histiocyte,gt
training_set_primary_roi_067:133,TRAIN,,,,training_set_primary_roi_067,/content/drive/MyDrive/Research/PUMA/Exploration_8_Diversity_Aware_Wider_Field_and_Boundary_Optimization/INPUTS/QUICK_BENCHMARK/Dataset/01_training_dataset_tif_ROIs/training_set_primary_roi_067.tif,588.098272,355.397037,7,epithelium,gt
training_set_primary_roi_067:146,TRAIN,,,,training_set_primary_roi_067,/content/drive/MyDrive/Research/PUMA/Exploration_8_Diversity_Aware_Wider_Field_and_Boundary_Optimization/INPUTS/QUICK_BENCHMARK/Dataset/01_training_dataset_tif_ROIs/training_set_primary_roi_067.tif,546.847678,384.546107,7,epithelium,gt
training_set_primary_roi_067:173,TRAIN,,,,training_set_primary_roi_067,/content/drive/MyDrive/Research/PUMA/Exploration_8_Diversity_Aware_Wider_Field_and_Boundary_Optimization/INPUTS/QUICK_BENCHMARK/Dataset/01_training_dataset_tif_ROIs/training_set_primary_roi_067.tif,587.488132,443.490884,7,epithelium,gt
training_set_primary_roi_067:174,TRAIN,,,,training_set_primary_roi_067,/content/drive/MyDrive/Research/PUMA/Exploration_8_Diversity_Aware_Wider_Field_and_Boundary_Optimization/INPUTS/QUICK_BENCHMARK/Dataset/01_training_dataset_tif_ROIs/training_set_primary_roi_067.tif,520.882754,448.468569,7,epithelium,gt
training_set_primary_roi_067:203,TRAIN,,,,training_set_primary_roi_067,/content/drive/MyDrive/Research/PUMA/Exploration_8_Diversity_Aware_Wider_Field_and_Boundary_Optimization/INPUTS/QUICK_BENCHMARK/Dataset/01_training_dataset_tif_ROIs/training_set_primary_roi_067.tif,705.963528,510.333616,0,tumor,gt
training_set_primary_roi_067:206,TRAIN,,,,training_set_primary_roi_067,/content/drive/MyDrive/Research/PUMA/Exploration_8_Diversity_Aware_Wider_Field_and_Boundary_Optimization/INPUTS/QUICK_BENCHMARK/Dataset/01_training_dataset_tif_ROIs/training_set_primary_roi_067.tif,231.644282,527.495346,3,histiocyte,gt
training_set_primary_roi_067:218,TRAIN,,,,training_set_primary_roi_067,/content/drive/MyDrive/Research/PUMA/Exploration_8_Diversity_Aware_Wider_Field_and_Boundary_Optimization/INPUTS/QUICK_BENCHMARK/Dataset/01_training_dataset_tif_ROIs/training_set_primary_roi_067.tif,43.721014,550.312988,0,tumor,gt
training_set_primary_roi_067:238,TRAIN,,,,training_set_primary_roi_067,/content/drive/MyDrive/Research/PUMA/Exploration_8_Diversity_Aware_Wider_Field_and_Boundary_Optimization/INPUTS/QUICK_BENCHMARK/Dataset/01_training_dataset_tif_ROIs/training_set_primary_roi_067.tif,488.456879,596.760529,0,tumor,gt
training_set_primary_roi_067:305,TRAIN,,,,training_set_primary_roi_067,/content/drive/MyDrive/Research/PUMA/Exploration_8_Diversity_Aware_Wider_Field_and_Boundary_Optimization/INPUTS/QUICK_BENCHMARK/Dataset/01_training_dataset_tif_ROIs/training_set_primary_roi_067.tif,190.989397,734.680583,9,apoptosis,gt
training_set_primary_roi_067:360,TRAIN,,,,training_set_primary_roi_067,/content/drive/MyDrive/Research/PUMA/Exploration_8_Diversity_Aware_Wider_Field_and_Boundary_Optimization/INPUTS/QUICK_BENCHMARK/Dataset/01_training_dataset_tif_ROIs/training_set_primary_roi_067.tif,150.505532,859.110638,0,tumor,gt
training_set_primary_roi_067:378,TRAIN,,,,training_set_primary_roi_067,/content/drive/MyDrive/Research/PUMA/Exploration_8_Diversity_Aware_Wider_Field_and_Boundary_Optimization/INPUTS/QUICK_BENCHMARK/Dataset/01_training_dataset_tif_ROIs/training_set_primary_roi_067.tif,348.362016,901.711628,0,tumor,gt
training_set_primary_roi_067:39,TRAIN,,,,training_set_primary_roi_067,/content/drive/MyDrive/Research/PUMA/Exploration_8_Diversity_Aware_Wider_Field_and_Boundary_Optimization/INPUTS/QUICK_BENCHMARK/Dataset/01_training_dataset_tif_ROIs/training_set_primary_roi_067.tif,535.099086,101.801334,7,epithelium,gt
training_set_primary_roi_067:42,TRAIN,,,,training_set_primary_roi_067,/content/drive/MyDrive/Research/PUMA/Exploration_8_Diversity_Aware_Wider_Field_and_Boundary_Optimization/INPUTS/QUICK_BENCHMARK/Dataset/01_training_dataset_tif_ROIs/training_set_primary_roi_067.tif,836.354282,107.766997,7,epithelium,gt
training_set_primary_roi_067:434,TRAIN,,,,training_set_primary_roi_067,/content/drive/MyDrive/Research/PUMA/Exploration_8_Diversity_Aware_Wider_Field_and_Boundary_Optimization/INPUTS/QUICK_BENCHMARK/Dataset/01_training_dataset_tif_ROIs/training_set_primary_roi_067.tif,719.5625,405.365385,3,histiocyte,gt
training_set_primary_roi_067:46,TRAIN,,,,training_set_primary_roi_067,/content/drive/MyDrive/Research/PUMA/Exploration_8_Diversity_Aware_Wider_Field_and_Boundary_Optimization/INPUTS/QUICK_BENCHMARK/Dataset/01_training_dataset_tif_ROIs/training_set_primary_roi_067.tif,856.393219,115.928707,7,epithelium,gt
training_set_primary_roi_067:80,TRAIN,,,,training_set_primary_roi_067,/content/drive/MyDrive/Research/PUMA/Exploration_8_Diversity_Aware_Wider_Field_and_Boundary_Optimization/INPUTS/QUICK_BENCHMARK/Dataset/01_training_dataset_tif_ROIs/training_set_primary_roi_067.tif,897.819102,205.115398,7,epithelium,gt
training_set_primary_roi_067:85,TRAIN,,,,training_set_primary_roi_067,/content/drive/MyDrive/Research/PUMA/Exploration_8_Diversity_Aware_Wider_Field_and_Boundary_Optimization/INPUTS/QUICK_BENCHMARK/Dataset/01_training_dataset_tif_ROIs/training_set_primary_roi_067.tif,212.445141,218.580982,9,apoptosis,gt
training_set_primary_roi_068:1,TRAIN,,,,training_set_primary_roi_068,/content/drive/MyDrive/Research/PUMA/Exploration_8_Diversity_Aware_Wider_Field_and_Boundary_Optimization/INPUTS/QUICK_BENCHMARK/Dataset/01_training_dataset_tif_ROIs/training_set_primary_roi_068.tif,212.17309,7.589588,0,tumor,gt
training_set_primary_roi_068:111,TRAIN,,,,training_set_primary_roi_068,/content/drive/MyDrive/Research/PUMA/Exploration_8_Diversity_Aware_Wider_Field_and_Boundary_Optimization/INPUTS/QUICK_BENCHMARK/Dataset/01_training_dataset_tif_ROIs/training_set_primary_roi_068.tif,927.946349,244.641828,8,endothelium,gt
training_set_primary_roi_068:13,TRAIN,,,,training_set_primary_roi_068,/content/drive/MyDrive/Research/PUMA/Exploration_8_Diversity_Aware_Wider_Field_and_Boundary_Optimization/INPUTS/QUICK_BENCHMARK/Dataset/01_training_dataset_tif_ROIs/training_set_primary_roi_068.tif,158.040046,29.598148,0,tumor,gt
training_set_primary_roi_068:163,TRAIN,,,,training_set_primary_roi_068,/content/drive/MyDrive/Research/PUMA/Exploration_8_Diversity_Aware_Wider_Field_and_Boundary_Optimization/INPUTS/QUICK_BENCHMARK/Dataset/01_training_dataset_tif_ROIs/training_set_primary_roi_068.tif,1018.05989,380.407407,3,histiocyte,gt
training_set_primary_roi_068:192,TRAIN,,,,training_set_primary_roi_068,/content/drive/MyDrive/Research/PUMA/Exploration_8_Diversity_Aware_Wider_Field_and_Boundary_Optimization/INPUTS/QUICK_BENCHMARK/Dataset/01_training_dataset_tif_ROIs/training_set_primary_roi_068.tif,1000.134688,449.234763,3,histiocyte,gt
training_set_primary_roi_068:194,TRAIN,,,,training_set_primary_roi_068,/content/drive/MyDrive/Research/PUMA/Exploration_8_Diversity_Aware_Wider_Field_and_Boundary_Optimization/INPUTS/QUICK_BENCHMARK/Dataset/01_training_dataset_tif_ROIs/training_set_primary_roi_068.tif,922.575269,456.995699,4,melanophage,gt
training_set_primary_roi_068:233,TRAIN,,,,training_set_primary_roi_068,/content/drive/MyDrive/Research/PUMA/Exploration_8_Diversity_Aware_Wider_Field_and_Boundary_Optimization/INPUTS/QUICK_BENCHMARK/Dataset/01_training_dataset_tif_ROIs/training_set_primary_roi_068.tif,670.401583,568.967359,3,histiocyte,gt
training_set_primary_roi_068:246,TRAIN,,,,training_set_primary_roi_068,/content/drive/MyDrive/Research/PUMA/Exploration_8_Diversity_Aware_Wider_Field_and_Boundary_Optimization/INPUTS/QUICK_BENCHMARK/Dataset/01_training_dataset_tif_ROIs/training_set_primary_roi_068.tif,791.270868,590.886125,8,endothelium,gt
training_set_primary_roi_068:247,TRAIN,,,,training_set_primary_roi_068,/content/drive/MyDrive/Research/PUMA/Exploration_8_Diversity_Aware_Wider_Field_and_Boundary_Optimization/INPUTS/QUICK_BENCHMARK/Dataset/01_training_dataset_tif_ROIs/training_set_primary_roi_068.tif,764.966627,593.48232,2,plasma_cell,gt
training_set_primary_roi_068:253,TRAIN,,,,training_set_primary_roi_068,/content/drive/MyDrive/Research/PUMA/Exploration_8_Diversity_Aware_Wider_Field_and_Boundary_Optimization/INPUTS/QUICK_BENCHMARK/Dataset/01_training_dataset_tif_ROIs/training_set_primary_roi_068.tif,967.75773,609.05845,4,melanophage,gt
training_set_primary_roi_068:255,TRAIN,,,,training_set_primary_roi_068,/content/drive/MyDrive/Research/PUMA/Exploration_8_Diversity_Aware_Wider_Field_and_Boundary_Optimization/INPUTS/QUICK_BENCHMARK/Dataset/01_training_dataset_tif_ROIs/training_set_primary_roi_068.tif,709.107451,620.309542,8,endothelium,gt
training_set_primary_roi_068:263,TRAIN,,,,training_set_primary_roi_068,/content/drive/MyDrive/Research/PUMA/Exploration_8_Diversity_Aware_Wider_Field_and_Boundary_Optimization/INPUTS/QUICK_BENCHMARK/Dataset/01_training_dataset_tif_ROIs/training_set_primary_roi_068.tif,643.76512,627.646273,8,endothelium,gt
training_set_primary_roi_068:277,TRAIN,,,,training_set_primary_roi_068,/content/drive/MyDrive/Research/PUMA/Exploration_8_Diversity_Aware_Wider_Field_and_Boundary_Optimization/INPUTS/QUICK_BENCHMARK/Dataset/01_training_dataset_tif_ROIs/training_set_primary_roi_068.tif,700.962677,652.576577,8,endothelium,gt
training_set_primary_roi_068:282,TRAIN,,,,training_set_primary_roi_068,/content/drive/MyDrive/Research/PUMA/Exploration_8_Diversity_Aware_Wider_Field_and_Boundary_Optimization/INPUTS/QUICK_BENCHMARK/Dataset/01_training_dataset_tif_ROIs/training_set_primary_roi_068.tif,635.880109,666.309718,8,endothelium,gt
training_set_primary_roi_068:284,TRAIN,,,,training_set_primary_roi_068,/content/drive/MyDrive/Research/PUMA/Exploration_8_Diversity_Aware_Wider_Field_and_Boundary_Optimization/INPUTS/QUICK_BENCHMARK/Dataset/01_training_dataset_tif_ROIs/training_set_primary_roi_068.tif,712.640044,669.90919,8,endothelium,gt
training_set_primary_roi_068:300,TRAIN,,,,training_set_primary_roi_068,/content/drive/MyDrive/Research/PUMA/Exploration_8_Diversity_Aware_Wider_Field_and_Boundary_Optimization/INPUTS/QUICK_BENCHMARK/Dataset/01_training_dataset_tif_ROIs/training_set_primary_roi_068.tif,661.269136,698.497531,8,endothelium,gt
training_set_primary_roi_068:317,TRAIN,,,,training_set_primary_roi_068,/content/drive/MyDrive/Research/PUMA/Exploration_8_Diversity_Aware_Wider_Field_and_Boundary_Optimization/INPUTS/QUICK_BENCHMARK/Dataset/01_training_dataset_tif_ROIs/training_set_primary_roi_068.tif,912.562138,738.089547,4,melanophage,gt
training_set_primary_roi_068:32,TRAIN,,,,training_set_primary_roi_068,/content/drive/MyDrive/Research/PUMA/Exploration_8_Diversity_Aware_Wider_Field_and_Boundary_Optimization/INPUTS/QUICK_BENCHMARK/Dataset/01_training_dataset_tif_ROIs/training_set_primary_roi_068.tif,615.920042,53.492212,5,neutrophil,gt
training_set_primary_roi_068:324,TRAIN,,,,training_set_primary_roi_068,/content/drive/MyDrive/Research/PUMA/Exploration_8_Diversity_Aware_Wider_Field_and_Boundary_Optimization/INPUTS/QUICK_BENCHMARK/Dataset/01_training_dataset_tif_ROIs/training_set_primary_roi_068.tif,516.466867,764.039491,4,melanophage,gt
training_set_primary_roi_068:331,TRAIN,,,,training_set_primary_roi_068,/content/drive/MyDrive/Research/PUMA/Exploration_8_Diversity_Aware_Wider_Field_and_Boundary_Optimization/INPUTS/QUICK_BENCHMARK/Dataset/01_training_dataset_tif_ROIs/training_set_primary_roi_068.tif,119.879302,771.464848,0,tumor,gt
training_set_primary_roi_068:337,TRAIN,,,,training_set_primary_roi_068,/content/drive/MyDrive/Research/PUMA/Exploration_8_Diversity_Aware_Wider_Field_and_Boundary_Optimization/INPUTS/QUICK_BENCHMARK/Dataset/01_training_dataset_tif_ROIs/training_set_primary_roi_068.tif,611.906589,789.273839,8,endothelium,gt
training_set_primary_roi_068:347,TRAIN,,,,training_set_primary_roi_068,/content/drive/MyDrive/Research/PUMA/Exploration_8_Diversity_Aware_Wider_Field_and_Boundary_Optimization/INPUTS/QUICK_BENCHMARK/Dataset/01_training_dataset_tif_ROIs/training_set_primary_roi_068.tif,936.081818,809.096364,3,histiocyte,gt
training_set_primary_roi_068:359,TRAIN,,,,training_set_primary_roi_068,/content/drive/MyDrive/Research/PUMA/Exploration_8_Diversity_Aware_Wider_Field_and_Boundary_Optimization/INPUTS/QUICK_BENCHMARK/Dataset/01_training_dataset_tif_ROIs/training_set_primary_roi_068.tif,532.994298,835.374561,8,endothelium,gt
training_set_primary_roi_068:379,TRAIN,,,,training_set_primary_roi_068,/content/drive/MyDrive/Research/PUMA/Exploration_8_Diversity_Aware_Wider_Field_and_Boundary_Optimization/INPUTS/QUICK_BENCHMARK/Dataset/01_training_dataset_tif_ROIs/training_set_primary_roi_068.tif,152.115088,867.671228,4,melanophage,gt
training_set_primary_roi_068:417,TRAIN,,,,training_set_primary_roi_068,/content/drive/MyDrive/Research/PUMA/Exploration_8_Diversity_Aware_Wider_Field_and_Boundary_Optimization/INPUTS/QUICK_BENCHMARK/Dataset/01_training_dataset_tif_ROIs/training_set_primary_roi_068.tif,1011.928763,932.573925,3,histiocyte,gt
training_set_primary_roi_068:454,TRAIN,,,,training_set_primary_roi_068,/content/drive/MyDrive/Research/PUMA/Exploration_8_Diversity_Aware_Wider_Field_and_Boundary_Optimization/INPUTS/QUICK_BENCHMARK/Dataset/01_training_dataset_tif_ROIs/training_set_primary_roi_068.tif,1014.719764,1001.163225,3,histiocyte,gt
training_set_primary_roi_068:458,TRAIN,,,,training_set_primary_roi_068,/content/drive/MyDrive/Research/PUMA/Exploration_8_Diversity_Aware_Wider_Field_and_Boundary_Optimization/INPUTS/QUICK_BENCHMARK/Dataset/01_training_dataset_tif_ROIs/training_set_primary_roi_068.tif,282.869136,1017.17284,4,melanophage,gt
training_set_primary_roi_068:469,TRAIN,,,,training_set_primary_roi_068,/content/drive/MyDrive/Research/PUMA/Exploration_8_Diversity_Aware_Wider_Field_and_Boundary_Optimization/INPUTS/QUICK_BENCHMARK/Dataset/01_training_dataset_tif_ROIs/training_set_primary_roi_068.tif,924.228512,485.085954,4,melanophage,gt
training_set_primary_roi_068:472,TRAIN,,,,training_set_primary_roi_068,/content/drive/MyDrive/Research/PUMA/Exploration_8_Diversity_Aware_Wider_Field_and_Boundary_Optimization/INPUTS/QUICK_BENCHMARK/Dataset/01_training_dataset_tif_ROIs/training_set_primary_roi_068.tif,826.556424,975.019097,3,histiocyte,gt
training_set_primary_roi_068:490,TRAIN,,,,training_set_primary_roi_068,/content/drive/MyDrive/Research/PUMA/Exploration_8_Diversity_Aware_Wider_Field_and_Boundary_Optimization/INPUTS/QUICK_BENCHMARK/Dataset/01_training_dataset_tif_ROIs/training_set_primary_roi_068.tif,757.740296,843.938375,3,histiocyte,gt
training_set_primary_roi_068:496,TRAIN,,,,training_set_primary_roi_068,/content/drive/MyDrive/Research/PUMA/Exploration_8_Diversity_Aware_Wider_Field_and_Boundary_Optimization/INPUTS/QUICK_BENCHMARK/Dataset/01_training_dataset_tif_ROIs/training_set_primary_roi_068.tif,803.028118,518.018244,8,endothelium,gt
training_set_primary_roi_073:108,TRAIN,,,,training_set_primary_roi_073,/content/drive/MyDrive/Research/PUMA/Exploration_8_Diversity_Aware_Wider_Field_and_Boundary_Optimization/INPUTS/QUICK_BENCHMARK/Dataset/01_training_dataset_tif_ROIs/training_set_primary_roi_073.tif,462.668801,841.150235,6,stroma,gt
training_set_primary_roi_073:159,TRAIN,,,,training_set_primary_roi_073,/content/drive/MyDrive/Research/PUMA/Exploration_8_Diversity_Aware_Wider_Field_and_Boundary_Optimization/INPUTS/QUICK_BENCHMARK/Dataset/01_training_dataset_tif_ROIs/training_set_primary_roi_073.tif,419.423342,381.99477,4,melanophage,gt
training_set_primary_roi_073:163,TRAIN,,,,training_set_primary_roi_073,/content/drive/MyDrive/Research/PUMA/Exploration_8_Diversity_Aware_Wider_Field_and_Boundary_Optimization/INPUTS/QUICK_BENCHMARK/Dataset/01_training_dataset_tif_ROIs/training_set_primary_roi_073.tif,270.419064,695.827411,3,histiocyte,gt
training_set_primary_roi_073:165,TRAIN,,,,training_set_primary_roi_073,/content/drive/MyDrive/Research/PUMA/Exploration_8_Diversity_Aware_Wider_Field_and_Boundary_Optimization/INPUTS/QUICK_BENCHMARK/Dataset/01_training_dataset_tif_ROIs/training_set_primary_roi_073.tif,271.543408,215.344319,3,histiocyte,gt
training_set_primary_roi_073:183,TRAIN,,,,training_set_primary_roi_073,/content/drive/MyDrive/Research/PUMA/Exploration_8_Diversity_Aware_Wider_Field_and_Boundary_Optimization/INPUTS/QUICK_BENCHMARK/Dataset/01_training_dataset_tif_ROIs/training_set_primary_roi_073.tif,97.90324,921.232737,6,stroma,gt
training_set_primary_roi_073:201,TRAIN,,,,training_set_primary_roi_073,/content/drive/MyDrive/Research/PUMA/Exploration_8_Diversity_Aware_Wider_Field_and_Boundary_Optimization/INPUTS/QUICK_BENCHMARK/Dataset/01_training_dataset_tif_ROIs/training_set_primary_roi_073.tif,85.70217,942.821696,6,stroma,gt
training_set_primary_roi_073:218,TRAIN,,,,training_set_primary_roi_073,/content/drive/MyDrive/Research/PUMA/Exploration_8_Diversity_Aware_Wider_Field_and_Boundary_Optimization/INPUTS/QUICK_BENCHMARK/Dataset/01_training_dataset_tif_ROIs/training_set_primary_roi_073.tif,103.555887,400.394573,3,histiocyte,gt
training_set_primary_roi_073:235,TRAIN,,,,training_set_primary_roi_073,/content/drive/MyDrive/Research/PUMA/Exploration_8_Diversity_Aware_Wider_Field_and_Boundary_Optimization/INPUTS/QUICK_BENCHMARK/Dataset/01_training_dataset_tif_ROIs/training_set_primary_roi_073.tif,524.921435,845.105723,6,stroma,gt
training_set_primary_roi_073:249,TRAIN,,,,training_set_primary_roi_073,/content/drive/MyDrive/Research/PUMA/Exploration_8_Diversity_Aware_Wider_Field_and_Boundary_Optimization/INPUTS/QUICK_BENCHMARK/Dataset/01_training_dataset_tif_ROIs/training_set_primary_roi_073.tif,452.35131,877.570993,6,stroma,gt
training_set_primary_roi_073:263,TRAIN,,,,training_set_primary_roi_073,/content/drive/MyDrive/Research/PUMA/Exploration_8_Diversity_Aware_Wider_Field_and_Boundary_Optimization/INPUTS/QUICK_BENCHMARK/Dataset/01_training_dataset_tif_ROIs/training_set_primary_roi_073.tif,373.377175,327.510438,4,melanophage,gt
training_set_primary_roi_073:265,TRAIN,,,,training_set_primary_roi_073,/content/drive/MyDrive/Research/PUMA/Exploration_8_Diversity_Aware_Wider_Field_and_Boundary_Optimization/INPUTS/QUICK_BENCHMARK/Dataset/01_training_dataset_tif_ROIs/training_set_primary_roi_073.tif,845.856303,873.008453,4,melanophage,gt
training_set_primary_roi_073:302,TRAIN,,,,training_set_primary_roi_073,/content/drive/MyDrive/Research/PUMA/Exploration_8_Diversity_Aware_Wider_Field_and_Boundary_Optimization/INPUTS/QUICK_BENCHMARK/Dataset/01_training_dataset_tif_ROIs/training_set_primary_roi_073.tif,565.884948,812.06312,4,melanophage,gt
training_set_primary_roi_073:339,TRAIN,,,,training_set_primary_roi_073,/content/drive/MyDrive/Research/PUMA/Exploration_8_Diversity_Aware_Wider_Field_and_Boundary_Optimization/INPUTS/QUICK_BENCHMARK/Dataset/01_training_dataset_tif_ROIs/training_set_primary_roi_073.tif,118.411697,85.986171,6,stroma,gt
training_set_primary_roi_073:341,TRAIN,,,,training_set_primary_roi_073,/content/drive/MyDrive/Research/PUMA/Exploration_8_Diversity_Aware_Wider_Field_and_Boundary_Optimization/INPUTS/QUICK_BENCHMARK/Dataset/01_training_dataset_tif_ROIs/training_set_primary_roi_073.tif,307.396872,248.554252,3,histiocyte,gt
training_set_primary_roi_073:362,TRAIN,,,,training_set_primary_roi_073,/content/drive/MyDrive/Research/PUMA/Exploration_8_Diversity_Aware_Wider_Field_and_Boundary_Optimization/INPUTS/QUICK_BENCHMARK/Dataset/01_training_dataset_tif_ROIs/training_set_primary_roi_073.tif,327.400152,615.40167,3,histiocyte,gt
training_set_primary_roi_073:368,TRAIN,,,,training_set_primary_roi_073,/content/drive/MyDrive/Research/PUMA/Exploration_8_Diversity_Aware_Wider_Field_and_Boundary_Optimization/INPUTS/QUICK_BENCHMARK/Dataset/01_training_dataset_tif_ROIs/training_set_primary_roi_073.tif,344.787993,532.052057,6,stroma,gt
training_set_primary_roi_073:372,TRAIN,,,,training_set_primary_roi_073,/content/drive/MyDrive/Research/PUMA/Exploration_8_Diversity_Aware_Wider_Field_and_Boundary_Optimization/INPUTS/QUICK_BENCHMARK/Dataset/01_training_dataset_tif_ROIs/training_set_primary_roi_073.tif,419.152287,125.380009,7,epithelium,gt
training_set_primary_roi_073:374,TRAIN,,,,training_set_primary_roi_073,/content/drive/MyDrive/Research/PUMA/Exploration_8_Diversity_Aware_Wider_Field_and_Boundary_Optimization/INPUTS/QUICK_BENCHMARK/Dataset/01_training_dataset_tif_ROIs/training_set_primary_roi_073.tif,604.889299,5.00246,7,epithelium,gt
training_set_primary_roi_073:408,TRAIN,,,,training_set_primary_roi_073,/content/drive/MyDrive/Research/PUMA/Exploration_8_Diversity_Aware_Wider_Field_and_Boundary_Optimization/INPUTS/QUICK_BENCHMARK/Dataset/01_training_dataset_tif_ROIs/training_set_primary_roi_073.tif,576.617516,357.881144,4,melanophage,gt
training_set_primary_roi_073:415,TRAIN,,,,training_set_primary_roi_073,/content/drive/MyDrive/Research/PUMA/Exploration_8_Diversity_Aware_Wider_Field_and_Boundary_Optimization/INPUTS/QUICK_BENCHMARK/Dataset/01_training_dataset_tif_ROIs/training_set_primary_roi_073.tif,589.694555,302.765737,8,endothelium,gt
training_set_primary_roi_073:425,TRAIN,,,,training_set_primary_roi_073,/content/drive/MyDrive/Research/PUMA/Exploration_8_Diversity_Aware_Wider_Field_and_Boundary_Optimization/INPUTS/QUICK_BENCHMARK/Dataset/01_training_dataset_tif_ROIs/training_set_primary_roi_073.tif,749.832432,1001.601622,6,stroma,gt
training_set_primary_roi_073:62,TRAIN,,,,training_set_primary_roi_073,/content/drive/MyDrive/Research/PUMA/Exploration_8_Diversity_Aware_Wider_Field_and_Boundary_Optimization/INPUTS/QUICK_BENCHMARK/Dataset/01_training_dataset_tif_ROIs/training_set_primary_roi_073.tif,232.200947,174.958467,3,histiocyte,gt
training_set_primary_roi_073:68,TRAIN,,,,training_set_primary_roi_073,/content/drive/MyDrive/Research/PUMA/Exploration_8_Diversity_Aware_Wider_Field_and_Boundary_Optimization/INPUTS/QUICK_BENCHMARK/Dataset/01_training_dataset_tif_ROIs/training_set_primary_roi_073.tif,541.220211,951.445953,7,epithelium,gt
training_set_primary_roi_073:91,TRAIN,,,,training_set_primary_roi_073,/content/drive/MyDrive/Research/PUMA/Exploration_8_Diversity_Aware_Wider_Field_and_Boundary_Optimization/INPUTS/QUICK_BENCHMARK/Dataset/01_training_dataset_tif_ROIs/training_set_primary_roi_073.tif,703.561624,115.129048,7,epithelium,gt
training_set_primary_roi_074:14,TRAIN,,,,training_set_primary_roi_074,/content/drive/MyDrive/Research/PUMA/Exploration_8_Diversity_Aware_Wider_Field_and_Boundary_Optimization/INPUTS/QUICK_BENCHMARK/Dataset/01_training_dataset_tif_ROIs/training_set_primary_roi_074.tif,239.785156,654.95026,7,epithelium,gt
training_set_primary_roi_074:157,TRAIN,,,,training_set_primary_roi_074,/content/drive/MyDrive/Research/PUMA/Exploration_8_Diversity_Aware_Wider_Field_and_Boundary_Optimization/INPUTS/QUICK_BENCHMARK/Dataset/01_training_dataset_tif_ROIs/training_set_primary_roi_074.tif,560.943442,556.540313,1,lymphocyte,gt
training_set_primary_roi_074:167,TRAIN,,,,training_set_primary_roi_074,/content/drive/MyDrive/Research/PUMA/Exploration_8_Diversity_Aware_Wider_Field_and_Boundary_Optimization/INPUTS/QUICK_BENCHMARK/Dataset/01_training_dataset_tif_ROIs/training_set_primary_roi_074.tif,833.82,569.771111,1,lymphocyte,gt
training_set_primary_roi_074:28,TRAIN,,,,training_set_primary_roi_074,/content/drive/MyDrive/Research/PUMA/Exploration_8_Diversity_Aware_Wider_Field_and_Boundary_Optimization/INPUTS/QUICK_BENCHMARK/Dataset/01_training_dataset_tif_ROIs/training_set_primary_roi_074.tif,35.399651,690.47644,7,epithelium,gt
training_set_primary_roi_074:402,TRAIN,,,,training_set_primary_roi_074,/content/drive/MyDrive/Research/PUMA/Exploration_8_Diversity_Aware_Wider_Field_and_Boundary_Optimization/INPUTS/QUICK_BENCHMARK/Dataset/01_training_dataset_tif_ROIs/training_set_primary_roi_074.tif,801.193014,510.013025,1,lymphocyte,gt
training_set_primary_roi_074:413,TRAIN,,,,training_set_primary_roi_074,/content/drive/MyDrive/Research/PUMA/Exploration_8_Diversity_Aware_Wider_Field_and_Boundary_Optimization/INPUTS/QUICK_BENCHMARK/Dataset/01_training_dataset_tif_ROIs/training_set_primary_roi_074.tif,129.506298,809.897272,9,apoptosis,gt
training_set_primary_roi_074:421,TRAIN,,,,training_set_primary_roi_074,/content/drive/MyDrive/Research/PUMA/Exploration_8_Diversity_Aware_Wider_Field_and_Boundary_Optimization/INPUTS/QUICK_BENCHMARK/Dataset/01_training_dataset_tif_ROIs/training_set_primary_roi_074.tif,353.327586,577.655172,9,apoptosis,gt
training_set_primary_roi_074:427,TRAIN,,,,training_set_primary_roi_074,/content/drive/MyDrive/Research/PUMA/Exploration_8_Diversity_Aware_Wider_Field_and_Boundary_Optimization/INPUTS/QUICK_BENCHMARK/Dataset/01_training_dataset_tif_ROIs/training_set_primary_roi_074.tif,562.87574,21.87574,4,melanophage,gt
training_set_primary_roi_074:431,TRAIN,,,,training_set_primary_roi_074,/content/drive/MyDrive/Research/PUMA/Exploration_8_Diversity_Aware_Wider_Field_and_Boundary_Optimization/INPUTS/QUICK_BENCHMARK/Dataset/01_training_dataset_tif_ROIs/training_set_primary_roi_074.tif,946.0,75.0,9,apoptosis,gt
training_set_primary_roi_074:434,TRAIN,,,,training_set_primary_roi_074,/content/drive/MyDrive/Research/PUMA/Exploration_8_Diversity_Aware_Wider_Field_and_Boundary_Optimization/INPUTS/QUICK_BENCHMARK/Dataset/01_training_dataset_tif_ROIs/training_set_primary_roi_074.tif,929.770303,291.824848,1,lymphocyte,gt
training_set_primary_roi_074:435,TRAIN,,,,training_set_primary_roi_074,/content/drive/MyDrive/Research/PUMA/Exploration_8_Diversity_Aware_Wider_Field_and_Boundary_Optimization/INPUTS/QUICK_BENCHMARK/Dataset/01_training_dataset_tif_ROIs/training_set_primary_roi_074.tif,973.0,390.5,1,lymphocyte,gt
training_set_primary_roi_090:112,TRAIN,,,,training_set_primary_roi_090,/content/drive/MyDrive/Research/PUMA/Exploration_8_Diversity_Aware_Wider_Field_and_Boundary_Optimization/INPUTS/QUICK_BENCHMARK/Dataset/01_training_dataset_tif_ROIs/training_set_primary_roi_090.tif,374.248996,794.209983,3,histiocyte,gt
training_set_primary_roi_090:143,TRAIN,,,,training_set_primary_roi_090,/content/drive/MyDrive/Research/PUMA/Exploration_8_Diversity_Aware_Wider_Field_and_Boundary_Optimization/INPUTS/QUICK_BENCHMARK/Dataset/01_training_dataset_tif_ROIs/training_set_primary_roi_090.tif,219.925714,463.606349,4,melanophage,gt
training_set_primary_roi_090:161,TRAIN,,,,training_set_primary_roi_090,/content/drive/MyDrive/Research/PUMA/Exploration_8_Diversity_Aware_Wider_Field_and_Boundary_Optimization/INPUTS/QUICK_BENCHMARK/Dataset/01_training_dataset_tif_ROIs/training_set_primary_roi_090.tif,31.73,488.594,7,epithelium,gt
training_set_primary_roi_090:164,TRAIN,,,,training_set_primary_roi_090,/content/drive/MyDrive/Research/PUMA/Exploration_8_Diversity_Aware_Wider_Field_and_Boundary_Optimization/INPUTS/QUICK_BENCHMARK/Dataset/01_training_dataset_tif_ROIs/training_set_primary_roi_090.tif,278.339376,449.792548,3,histiocyte,gt
training_set_primary_roi_090:188,TRAIN,,,,training_set_primary_roi_090,/content/drive/MyDrive/Research/PUMA/Exploration_8_Diversity_Aware_Wider_Field_and_Boundary_Optimization/INPUTS/QUICK_BENCHMARK/Dataset/01_training_dataset_tif_ROIs/training_set_primary_roi_090.tif,348.014547,305.182461,4,melanophage,gt
training_set_primary_roi_090:217,TRAIN,,,,training_set_primary_roi_090,/content/drive/MyDrive/Research/PUMA/Exploration_8_Diversity_Aware_Wider_Field_and_Boundary_Optimization/INPUTS/QUICK_BENCHMARK/Dataset/01_training_dataset_tif_ROIs/training_set_primary_roi_090.tif,78.802154,72.664399,7,epithelium,gt
training_set_primary_roi_090:227,TRAIN,,,,training_set_primary_roi_090,/content/drive/MyDrive/Research/PUMA/Exploration_8_Diversity_Aware_Wider_Field_and_Boundary_Optimization/INPUTS/QUICK_BENCHMARK/Dataset/01_training_dataset_tif_ROIs/training_set_primary_roi_090.tif,508.368578,690.803465,3,histiocyte,gt
training_set_primary_roi_090:238,TRAIN,,,,training_set_primary_roi_090,/content/drive/MyDrive/Research/PUMA/Exploration_8_Diversity_Aware_Wider_Field_and_Boundary_Optimization/INPUTS/QUICK_BENCHMARK/Dataset/01_training_dataset_tif_ROIs/training_set_primary_roi_090.tif,139.220578,462.77907,3,histiocyte,gt
training_set_primary_roi_090:285,TRAIN,,,,training_set_primary_roi_090,/content/drive/MyDrive/Research/PUMA/Exploration_8_Diversity_Aware_Wider_Field_and_Boundary_Optimization/INPUTS/QUICK_BENCHMARK/Dataset/01_training_dataset_tif_ROIs/training_set_primary_roi_090.tif,4.192804,699.690428,7,epithelium,gt
training_set_primary_roi_090:289,TRAIN,,,,training_set_primary_roi_090,/content/drive/MyDrive/Research/PUMA/Exploration_8_Diversity_Aware_Wider_Field_and_Boundary_Optimization/INPUTS/QUICK_BENCHMARK/Dataset/01_training_dataset_tif_ROIs/training_set_primary_roi_090.tif,317.505479,631.299046,4,melanophage,gt
training_set_primary_roi_090:31,TRAIN,,,,training_set_primary_roi_090,/content/drive/MyDrive/Research/PUMA/Exploration_8_Diversity_Aware_Wider_Field_and_Boundary_Optimization/INPUTS/QUICK_BENCHMARK/Dataset/01_training_dataset_tif_ROIs/training_set_primary_roi_090.tif,183.916209,691.315018,3,histiocyte,gt
training_set_primary_roi_090:332,TRAIN,,,,training_set_primary_roi_090,/content/drive/MyDrive/Research/PUMA/Exploration_8_Diversity_Aware_Wider_Field_and_Boundary_Optimization/INPUTS/QUICK_BENCHMARK/Dataset/01_training_dataset_tif_ROIs/training_set_primary_roi_090.tif,18.708906,440.620356,7,epithelium,gt
training_set_primary_roi_090:428,TRAIN,,,,training_set_primary_roi_090,/content/drive/MyDrive/Research/PUMA/Exploration_8_Diversity_Aware_Wider_Field_and_Boundary_Optimization/INPUTS/QUICK_BENCHMARK/Dataset/01_training_dataset_tif_ROIs/training_set_primary_roi_090.tif,1010.328407,853.855618,3,histiocyte,gt
training_set_primary_roi_090:471,TRAIN,,,,training_set_primary_roi_090,/content/drive/MyDrive/Research/PUMA/Exploration_8_Diversity_Aware_Wider_Field_and_Boundary_Optimization/INPUTS/QUICK_BENCHMARK/Dataset/01_training_dataset_tif_ROIs/training_set_primary_roi_090.tif,780.234463,319.053672,9,apoptosis,gt
training_set_primary_roi_090:61,TRAIN,,,,training_set_primary_roi_090,/content/drive/MyDrive/Research/PUMA/Exploration_8_Diversity_Aware_Wider_Field_and_Boundary_Optimization/INPUTS/QUICK_BENCHMARK/Dataset/01_training_dataset_tif_ROIs/training_set_primary_roi_090.tif,50.411131,423.445841,7,epithelium,gt
training_set_primary_roi_090:75,TRAIN,,,,training_set_primary_roi_090,/content/drive/MyDrive/Research/PUMA/Exploration_8_Diversity_Aware_Wider_Field_and_Boundary_Optimization/INPUTS/QUICK_BENCHMARK/Dataset/01_training_dataset_tif_ROIs/training_set_primary_roi_090.tif,44.241639,42.631229,7,epithelium,gt
training_set_primary_roi_095:226,TRAIN,,,,training_set_primary_roi_095,/content/drive/MyDrive/Research/PUMA/Exploration_8_Diversity_Aware_Wider_Field_and_Boundary_Optimization/INPUTS/QUICK_BENCHMARK/Dataset/01_training_dataset_tif_ROIs/training_set_primary_roi_095.tif,438.033282,634.972862,5,neutrophil,gt
training_set_primary_roi_095:227,TRAIN,,,,training_set_primary_roi_095,/content/drive/MyDrive/Research/PUMA/Exploration_8_Diversity_Aware_Wider_Field_and_Boundary_Optimization/INPUTS/QUICK_BENCHMARK/Dataset/01_training_dataset_tif_ROIs/training_set_primary_roi_095.tif,407.614094,643.167785,8,endothelium,gt
training_set_primary_roi_095:239,TRAIN,,,,training_set_primary_roi_095,/content/drive/MyDrive/Research/PUMA/Exploration_8_Diversity_Aware_Wider_Field_and_Boundary_Optimization/INPUTS/QUICK_BENCHMARK/Dataset/01_training_dataset_tif_ROIs/training_set_primary_roi_095.tif,275.823699,661.504496,8,endothelium,gt
training_set_primary_roi_095:265,TRAIN,,,,training_set_primary_roi_095,/content/drive/MyDrive/Research/PUMA/Exploration_8_Diversity_Aware_Wider_Field_and_Boundary_Optimization/INPUTS/QUICK_BENCHMARK/Dataset/01_training_dataset_tif_ROIs/training_set_primary_roi_095.tif,32.764916,720.868882,2,plasma_cell,gt
training_set_primary_roi_095:279,TRAIN,,,,training_set_primary_roi_095,/content/drive/MyDrive/Research/PUMA/Exploration_8_Diversity_Aware_Wider_Field_and_Boundary_Optimization/INPUTS/QUICK_BENCHMARK/Dataset/01_training_dataset_tif_ROIs/training_set_primary_roi_095.tif,514.224559,765.133418,8,endothelium,gt
training_set_primary_roi_095:297,TRAIN,,,,training_set_primary_roi_095,/content/drive/MyDrive/Research/PUMA/Exploration_8_Diversity_Aware_Wider_Field_and_Boundary_Optimization/INPUTS/QUICK_BENCHMARK/Dataset/01_training_dataset_tif_ROIs/training_set_primary_roi_095.tif,22.222969,816.357983,2,plasma_cell,gt
training_set_primary_roi_095:381,TRAIN,,,,training_set_primary_roi_095,/content/drive/MyDrive/Research/PUMA/Exploration_8_Diversity_Aware_Wider_Field_and_Boundary_Optimization/INPUTS/QUICK_BENCHMARK/Dataset/01_training_dataset_tif_ROIs/training_set_primary_roi_095.tif,764.602459,982.066598,5,neutrophil,gt
training_set_primary_roi_095:387,TRAIN,,,,training_set_primary_roi_095,/content/drive/MyDrive/Research/PUMA/Exploration_8_Diversity_Aware_Wider_Field_and_Boundary_Optimization/INPUTS/QUICK_BENCHMARK/Dataset/01_training_dataset_tif_ROIs/training_set_primary_roi_095.tif,214.478885,115.446791,9,apoptosis,gt
training_set_primary_roi_100:12,TRAIN,,,,training_set_primary_roi_100,/content/drive/MyDrive/Research/PUMA/Exploration_8_Diversity_Aware_Wider_Field_and_Boundary_Optimization/INPUTS/QUICK_BENCHMARK/Dataset/01_training_dataset_tif_ROIs/training_set_primary_roi_100.tif,651.564189,29.33147,3,histiocyte,gt
training_set_primary_roi_100:124,TRAIN,,,,training_set_primary_roi_100,/content/drive/MyDrive/Research/PUMA/Exploration_8_Diversity_Aware_Wider_Field_and_Boundary_Optimization/INPUTS/QUICK_BENCHMARK/Dataset/01_training_dataset_tif_ROIs/training_set_primary_roi_100.tif,858.501217,349.1943,6,stroma,gt
training_set_primary_roi_100:128,TRAIN,,,,training_set_primary_roi_100,/content/drive/MyDrive/Research/PUMA/Exploration_8_Diversity_Aware_Wider_Field_and_Boundary_Optimization/INPUTS/QUICK_BENCHMARK/Dataset/01_training_dataset_tif_ROIs/training_set_primary_roi_100.tif,1016.047686,351.895184,7,epithelium,gt
training_set_primary_roi_100:130,TRAIN,,,,training_set_primary_roi_100,/content/drive/MyDrive/Research/PUMA/Exploration_8_Diversity_Aware_Wider_Field_and_Boundary_Optimization/INPUTS/QUICK_BENCHMARK/Dataset/01_training_dataset_tif_ROIs/training_set_primary_roi_100.tif,796.697242,360.595624,6,stroma,gt
training_set_primary_roi_100:131,TRAIN,,,,training_set_primary_roi_100,/content/drive/MyDrive/Research/PUMA/Exploration_8_Diversity_Aware_Wider_Field_and_Boundary_Optimization/INPUTS/QUICK_BENCHMARK/Dataset/01_training_dataset_tif_ROIs/training_set_primary_roi_100.tif,908.90492,363.637369,6,stroma,gt
training_set_primary_roi_100:140,TRAIN,,,,training_set_primary_roi_100,/content/drive/MyDrive/Research/PUMA/Exploration_8_Diversity_Aware_Wider_Field_and_Boundary_Optimization/INPUTS/QUICK_BENCHMARK/Dataset/01_training_dataset_tif_ROIs/training_set_primary_roi_100.tif,871.908631,390.236909,2,plasma_cell,gt
training_set_primary_roi_100:154,TRAIN,,,,training_set_primary_roi_100,/content/drive/MyDrive/Research/PUMA/Exploration_8_Diversity_Aware_Wider_Field_and_Boundary_Optimization/INPUTS/QUICK_BENCHMARK/Dataset/01_training_dataset_tif_ROIs/training_set_primary_roi_100.tif,803.545875,445.851485,6,stroma,gt
training_set_primary_roi_100:179,TRAIN,,,,training_set_primary_roi_100,/content/drive/MyDrive/Research/PUMA/Exploration_8_Diversity_Aware_Wider_Field_and_Boundary_Optimization/INPUTS/QUICK_BENCHMARK/Dataset/01_training_dataset_tif_ROIs/training_set_primary_roi_100.tif,818.342274,503.379436,6,stroma,gt
training_set_primary_roi_100:244,TRAIN,,,,training_set_primary_roi_100,/content/drive/MyDrive/Research/PUMA/Exploration_8_Diversity_Aware_Wider_Field_and_Boundary_Optimization/INPUTS/QUICK_BENCHMARK/Dataset/01_training_dataset_tif_ROIs/training_set_primary_roi_100.tif,261.986064,644.058716,0,tumor,gt
training_set_primary_roi_100:279,TRAIN,,,,training_set_primary_roi_100,/content/drive/MyDrive/Research/PUMA/Exploration_8_Diversity_Aware_Wider_Field_and_Boundary_Optimization/INPUTS/QUICK_BENCHMARK/Dataset/01_training_dataset_tif_ROIs/training_set_primary_roi_100.tif,484.766584,723.177032,0,tumor,gt
training_set_primary_roi_100:29,TRAIN,,,,training_set_primary_roi_100,/content/drive/MyDrive/Research/PUMA/Exploration_8_Diversity_Aware_Wider_Field_and_Boundary_Optimization/INPUTS/QUICK_BENCHMARK/Dataset/01_training_dataset_tif_ROIs/training_set_primary_roi_100.tif,705.352907,95.381693,3,histiocyte,gt
training_set_primary_roi_100:344,TRAIN,,,,training_set_primary_roi_100,/content/drive/MyDrive/Research/PUMA/Exploration_8_Diversity_Aware_Wider_Field_and_Boundary_Optimization/INPUTS/QUICK_BENCHMARK/Dataset/01_training_dataset_tif_ROIs/training_set_primary_roi_100.tif,93.640827,900.351421,0,tumor,gt
training_set_primary_roi_100:364,TRAIN,,,,training_set_primary_roi_100,/content/drive/MyDrive/Research/PUMA/Exploration_8_Diversity_Aware_Wider_Field_and_Boundary_Optimization/INPUTS/QUICK_BENCHMARK/Dataset/01_training_dataset_tif_ROIs/training_set_primary_roi_100.tif,153.289185,939.095825,0,tumor,gt
training_set_primary_roi_100:410,TRAIN,,,,training_set_primary_roi_100,/content/drive/MyDrive/Research/PUMA/Exploration_8_Diversity_Aware_Wider_Field_and_Boundary_Optimization/INPUTS/QUICK_BENCHMARK/Dataset/01_training_dataset_tif_ROIs/training_set_primary_roi_100.tif,921.897019,477.542852,3,histiocyte,gt
training_set_primary_roi_100:411,TRAIN,,,,training_set_primary_roi_100,/content/drive/MyDrive/Research/PUMA/Exploration_8_Diversity_Aware_Wider_Field_and_Boundary_Optimization/INPUTS/QUICK_BENCHMARK/Dataset/01_training_dataset_tif_ROIs/training_set_primary_roi_100.tif,847.507026,999.102544,6,stroma,gt
training_set_primary_roi_100:414,TRAIN,,,,training_set_primary_roi_100,/content/drive/MyDrive/Research/PUMA/Exploration_8_Diversity_Aware_Wider_Field_and_Boundary_Optimization/INPUTS/QUICK_BENCHMARK/Dataset/01_training_dataset_tif_ROIs/training_set_primary_roi_100.tif,254.584138,14.65083,6,stroma,gt
training_set_primary_roi_100:59,TRAIN,,,,training_set_primary_roi_100,/content/drive/MyDrive/Research/PUMA/Exploration_8_Diversity_Aware_Wider_Field_and_Boundary_Optimization/INPUTS/QUICK_BENCHMARK/Dataset/01_training_dataset_tif_ROIs/training_set_primary_roi_100.tif,953.04363,157.579697,7,epithelium,gt
training_set_primary_roi_100:6,TRAIN,,,,training_set_primary_roi_100,/content/drive/MyDrive/Research/PUMA/Exploration_8_Diversity_Aware_Wider_Field_and_Boundary_Optimization/INPUTS/QUICK_BENCHMARK/Dataset/01_training_dataset_tif_ROIs/training_set_primary_roi_100.tif,813.443213,4.741459,7,epithelium,gt
training_set_primary_roi_100:66,TRAIN,,,,training_set_primary_roi_100,/content/drive/MyDrive/Research/PUMA/Exploration_8_Diversity_Aware_Wider_Field_and_Boundary_Optimization/INPUTS/QUICK_BENCHMARK/Dataset/01_training_dataset_tif_ROIs/training_set_primary_roi_100.tif,835.071029,184.418509,3,histiocyte,gt
training_set_primary_roi_100:98,TRAIN,,,,training_set_primary_roi_100,/content/drive/MyDrive/Research/PUMA/Exploration_8_Diversity_Aware_Wider_Field_and_Boundary_Optimization/INPUTS/QUICK_BENCHMARK/Dataset/01_training_dataset_tif_ROIs/training_set_primary_roi_100.tif,320.411264,265.145383,0,tumor,gt
training_set_primary_roi_101:110,TRAIN,,,,training_set_primary_roi_101,/content/drive/MyDrive/Research/PUMA/Exploration_8_Diversity_Aware_Wider_Field_and_Boundary_Optimization/INPUTS/QUICK_BENCHMARK/Dataset/01_training_dataset_tif_ROIs/training_set_primary_roi_101.tif,492.81295,235.640288,7,epithelium,gt
training_set_primary_roi_101:119,TRAIN,,,,training_set_primary_roi_101,/content/drive/MyDrive/Research/PUMA/Exploration_8_Diversity_Aware_Wider_Field_and_Boundary_Optimization/INPUTS/QUICK_BENCHMARK/Dataset/01_training_dataset_tif_ROIs/training_set_primary_roi_101.tif,936.989115,268.060232,7,epithelium,gt
training_set_primary_roi_101:141,TRAIN,,,,training_set_primary_roi_101,/content/drive/MyDrive/Research/PUMA/Exploration_8_Diversity_Aware_Wider_Field_and_Boundary_Optimization/INPUTS/QUICK_BENCHMARK/Dataset/01_training_dataset_tif_ROIs/training_set_primary_roi_101.tif,437.086022,408.819892,0,tumor,gt
training_set_primary_roi_101:147,TRAIN,,,,training_set_primary_roi_101,/content/drive/MyDrive/Research/PUMA/Exploration_8_Diversity_Aware_Wider_Field_and_Boundary_Optimization/INPUTS/QUICK_BENCHMARK/Dataset/01_training_dataset_tif_ROIs/training_set_primary_roi_101.tif,7.185144,448.994457,7,epithelium,gt
training_set_primary_roi_101:155,TRAIN,,,,training_set_primary_roi_101,/content/drive/MyDrive/Research/PUMA/Exploration_8_Diversity_Aware_Wider_Field_and_Boundary_Optimization/INPUTS/QUICK_BENCHMARK/Dataset/01_training_dataset_tif_ROIs/training_set_primary_roi_101.tif,856.086998,493.758126,0,tumor,gt
training_set_primary_roi_101:162,TRAIN,,,,training_set_primary_roi_101,/content/drive/MyDrive/Research/PUMA/Exploration_8_Diversity_Aware_Wider_Field_and_Boundary_Optimization/INPUTS/QUICK_BENCHMARK/Dataset/01_training_dataset_tif_ROIs/training_set_primary_roi_101.tif,826.474943,532.674639,0,tumor,gt
training_set_primary_roi_101:172,TRAIN,,,,training_set_primary_roi_101,/content/drive/MyDrive/Research/PUMA/Exploration_8_Diversity_Aware_Wider_Field_and_Boundary_Optimization/INPUTS/QUICK_BENCHMARK/Dataset/01_training_dataset_tif_ROIs/training_set_primary_roi_101.tif,488.101004,650.779799,0,tumor,gt
training_set_primary_roi_101:174,TRAIN,,,,training_set_primary_roi_101,/content/drive/MyDrive/Research/PUMA/Exploration_8_Diversity_Aware_Wider_Field_and_Boundary_Optimization/INPUTS/QUICK_BENCHMARK/Dataset/01_training_dataset_tif_ROIs/training_set_primary_roi_101.tif,877.750847,802.998305,4,melanophage,gt
training_set_primary_roi_101:195,TRAIN,,,,training_set_primary_roi_101,/content/drive/MyDrive/Research/PUMA/Exploration_8_Diversity_Aware_Wider_Field_and_Boundary_Optimization/INPUTS/QUICK_BENCHMARK/Dataset/01_training_dataset_tif_ROIs/training_set_primary_roi_101.tif,346.20217,800.995069,1,lymphocyte,gt
training_set_primary_roi_101:226,TRAIN,,,,training_set_primary_roi_101,/content/drive/MyDrive/Research/PUMA/Exploration_8_Diversity_Aware_Wider_Field_and_Boundary_Optimization/INPUTS/QUICK_BENCHMARK/Dataset/01_training_dataset_tif_ROIs/training_set_primary_roi_101.tif,688.27882,962.00134,4,melanophage,gt
training_set_primary_roi_101:241,TRAIN,,,,training_set_primary_roi_101,/content/drive/MyDrive/Research/PUMA/Exploration_8_Diversity_Aware_Wider_Field_and_Boundary_Optimization/INPUTS/QUICK_BENCHMARK/Dataset/01_training_dataset_tif_ROIs/training_set_primary_roi_101.tif,605.690476,738.904762,1,lymphocyte,gt
training_set_primary_roi_101:255,TRAIN,,,,training_set_primary_roi_101,/content/drive/MyDrive/Research/PUMA/Exploration_8_Diversity_Aware_Wider_Field_and_Boundary_Optimization/INPUTS/QUICK_BENCHMARK/Dataset/01_training_dataset_tif_ROIs/training_set_primary_roi_101.tif,968.460938,794.871094,1,lymphocyte,gt
training_set_primary_roi_101:265,TRAIN,,,,training_set_primary_roi_101,/content/drive/MyDrive/Research/PUMA/Exploration_8_Diversity_Aware_Wider_Field_and_Boundary_Optimization/INPUTS/QUICK_BENCHMARK/Dataset/01_training_dataset_tif_ROIs/training_set_primary_roi_101.tif,347.26087,831.492754,1,lymphocyte,gt
training_set_primary_roi_101:31,TRAIN,,,,training_set_primary_roi_101,/content/drive/MyDrive/Research/PUMA/Exploration_8_Diversity_Aware_Wider_Field_and_Boundary_Optimization/INPUTS/QUICK_BENCHMARK/Dataset/01_training_dataset_tif_ROIs/training_set_primary_roi_101.tif,146.2251,858.511952,8,endothelium,gt
training_set_primary_roi_101:313,TRAIN,,,,training_set_primary_roi_101,/content/drive/MyDrive/Research/PUMA/Exploration_8_Diversity_Aware_Wider_Field_and_Boundary_Optimization/INPUTS/QUICK_BENCHMARK/Dataset/01_training_dataset_tif_ROIs/training_set_primary_roi_101.tif,713.987952,954.307229,1,lymphocyte,gt
training_set_primary_roi_101:315,TRAIN,,,,training_set_primary_roi_101,/content/drive/MyDrive/Research/PUMA/Exploration_8_Diversity_Aware_Wider_Field_and_Boundary_Optimization/INPUTS/QUICK_BENCHMARK/Dataset/01_training_dataset_tif_ROIs/training_set_primary_roi_101.tif,240.862805,953.54878,1,lymphocyte,gt
training_set_primary_roi_101:330,TRAIN,,,,training_set_primary_roi_101,/content/drive/MyDrive/Research/PUMA/Exploration_8_Diversity_Aware_Wider_Field_and_Boundary_Optimization/INPUTS/QUICK_BENCHMARK/Dataset/01_training_dataset_tif_ROIs/training_set_primary_roi_101.tif,958.775862,989.006897,1,lymphocyte,gt
training_set_primary_roi_101:34,TRAIN,,,,training_set_primary_roi_101,/content/drive/MyDrive/Research/PUMA/Exploration_8_Diversity_Aware_Wider_Field_and_Boundary_Optimization/INPUTS/QUICK_BENCHMARK/Dataset/01_training_dataset_tif_ROIs/training_set_primary_roi_101.tif,7.406667,1005.393333,8,endothelium,gt
training_set_primary_roi_101:36,TRAIN,,,,training_set_primary_roi_101,/content/drive/MyDrive/Research/PUMA/Exploration_8_Diversity_Aware_Wider_Field_and_Boundary_Optimization/INPUTS/QUICK_BENCHMARK/Dataset/01_training_dataset_tif_ROIs/training_set_primary_roi_101.tif,826.715859,1008.773128,8,endothelium,gt
training_set_primary_roi_101:377,TRAIN,,,,training_set_primary_roi_101,/content/drive/MyDrive/Research/PUMA/Exploration_8_Diversity_Aware_Wider_Field_and_Boundary_Optimization/INPUTS/QUICK_BENCHMARK/Dataset/01_training_dataset_tif_ROIs/training_set_primary_roi_101.tif,672.5375,947.558333,4,melanophage,gt
training_set_primary_roi_101:46,TRAIN,,,,training_set_primary_roi_101,/content/drive/MyDrive/Research/PUMA/Exploration_8_Diversity_Aware_Wider_Field_and_Boundary_Optimization/INPUTS/QUICK_BENCHMARK/Dataset/01_training_dataset_tif_ROIs/training_set_primary_roi_101.tif,879.030806,393.670616,1,lymphocyte,gt
training_set_primary_roi_101:85,TRAIN,,,,training_set_primary_roi_101,/content/drive/MyDrive/Research/PUMA/Exploration_8_Diversity_Aware_Wider_Field_and_Boundary_Optimization/INPUTS/QUICK_BENCHMARK/Dataset/01_training_dataset_tif_ROIs/training_set_primary_roi_101.tif,1012.812945,130.399004,7,epithelium,gt
training_set_primary_roi_102:12,TRAIN,,,,training_set_primary_roi_102,/content/drive/MyDrive/Research/PUMA/Exploration_8_Diversity_Aware_Wider_Field_and_Boundary_Optimization/INPUTS/QUICK_BENCHMARK/Dataset/01_training_dataset_tif_ROIs/training_set_primary_roi_102.tif,410.775,776.0,8,endothelium,gt
training_set_primary_roi_102:15,TRAIN,,,,training_set_primary_roi_102,/content/drive/MyDrive/Research/PUMA/Exploration_8_Diversity_Aware_Wider_Field_and_Boundary_Optimization/INPUTS/QUICK_BENCHMARK/Dataset/01_training_dataset_tif_ROIs/training_set_primary_roi_102.tif,234.38454,951.695695,6,stroma,gt
training_set_primary_roi_102:17,TRAIN,,,,training_set_primary_roi_102,/content/drive/MyDrive/Research/PUMA/Exploration_8_Diversity_Aware_Wider_Field_and_Boundary_Optimization/INPUTS/QUICK_BENCHMARK/Dataset/01_training_dataset_tif_ROIs/training_set_primary_roi_102.tif,231.61828,1001.134409,8,endothelium,gt
training_set_primary_roi_102:172,TRAIN,,,,training_set_primary_roi_102,/content/drive/MyDrive/Research/PUMA/Exploration_8_Diversity_Aware_Wider_Field_and_Boundary_Optimization/INPUTS/QUICK_BENCHMARK/Dataset/01_training_dataset_tif_ROIs/training_set_primary_roi_102.tif,778.0727,710.054896,7,epithelium,gt
training_set_primary_roi_102:2,TRAIN,,,,training_set_primary_roi_102,/content/drive/MyDrive/Research/PUMA/Exploration_8_Diversity_Aware_Wider_Field_and_Boundary_Optimization/INPUTS/QUICK_BENCHMARK/Dataset/01_training_dataset_tif_ROIs/training_set_primary_roi_102.tif,1015.513393,271.535714,8,endothelium,gt
training_set_primary_roi_102:203,TRAIN,,,,training_set_primary_roi_102,/content/drive/MyDrive/Research/PUMA/Exploration_8_Diversity_Aware_Wider_Field_and_Boundary_Optimization/INPUTS/QUICK_BENCHMARK/Dataset/01_training_dataset_tif_ROIs/training_set_primary_roi_102.tif,510.998104,864.816056,7,epithelium,gt
training_set_primary_roi_102:22,TRAIN,,,,training_set_primary_roi_102,/content/drive/MyDrive/Research/PUMA/Exploration_8_Diversity_Aware_Wider_Field_and_Boundary_Optimization/INPUTS/QUICK_BENCHMARK/Dataset/01_training_dataset_tif_ROIs/training_set_primary_roi_102.tif,622.10166,273.479253,6,stroma,gt
training_set_primary_roi_102:221,TRAIN,,,,training_set_primary_roi_102,/content/drive/MyDrive/Research/PUMA/Exploration_8_Diversity_Aware_Wider_Field_and_Boundary_Optimization/INPUTS/QUICK_BENCHMARK/Dataset/01_training_dataset_tif_ROIs/training_set_primary_roi_102.tif,498.424129,928.723881,7,epithelium,gt
training_set_primary_roi_102:223,TRAIN,,,,training_set_primary_roi_102,/content/drive/MyDrive/Research/PUMA/Exploration_8_Diversity_Aware_Wider_Field_and_Boundary_Optimization/INPUTS/QUICK_BENCHMARK/Dataset/01_training_dataset_tif_ROIs/training_set_primary_roi_102.tif,991.191377,939.946293,7,epithelium,gt
training_set_primary_roi_102:23,TRAIN,,,,training_set_primary_roi_102,/content/drive/MyDrive/Research/PUMA/Exploration_8_Diversity_Aware_Wider_Field_and_Boundary_Optimization/INPUTS/QUICK_BENCHMARK/Dataset/01_training_dataset_tif_ROIs/training_set_primary_roi_102.tif,876.501812,345.84058,6,stroma,gt
training_set_primary_roi_102:25,TRAIN,,,,training_set_primary_roi_102,/content/drive/MyDrive/Research/PUMA/Exploration_8_Diversity_Aware_Wider_Field_and_Boundary_Optimization/INPUTS/QUICK_BENCHMARK/Dataset/01_training_dataset_tif_ROIs/training_set_primary_roi_102.tif,886.982955,374.909091,6,stroma,gt
training_set_primary_roi_102:256,TRAIN,,,,training_set_primary_roi_102,/content/drive/MyDrive/Research/PUMA/Exploration_8_Diversity_Aware_Wider_Field_and_Boundary_Optimization/INPUTS/QUICK_BENCHMARK/Dataset/01_training_dataset_tif_ROIs/training_set_primary_roi_102.tif,543.476431,168.851291,8,endothelium,gt
training_set_primary_roi_102:265,TRAIN,,,,training_set_primary_roi_102,/content/drive/MyDrive/Research/PUMA/Exploration_8_Diversity_Aware_Wider_Field_and_Boundary_Optimization/INPUTS/QUICK_BENCHMARK/Dataset/01_training_dataset_tif_ROIs/training_set_primary_roi_102.tif,883.240525,255.804665,8,endothelium,gt
training_set_primary_roi_102:27,TRAIN,,,,training_set_primary_roi_102,/content/drive/MyDrive/Research/PUMA/Exploration_8_Diversity_Aware_Wider_Field_and_Boundary_Optimization/INPUTS/QUICK_BENCHMARK/Dataset/01_training_dataset_tif_ROIs/training_set_primary_roi_102.tif,807.719298,399.337719,6,stroma,gt
training_set_primary_roi_102:28,TRAIN,,,,training_set_primary_roi_102,/content/drive/MyDrive/Research/PUMA/Exploration_8_Diversity_Aware_Wider_Field_and_Boundary_Optimization/INPUTS/QUICK_BENCHMARK/Dataset/01_training_dataset_tif_ROIs/training_set_primary_roi_102.tif,347.119195,416.119195,6,stroma,gt
training_set_primary_roi_102:280,TRAIN,,,,training_set_primary_roi_102,/content/drive/MyDrive/Research/PUMA/Exploration_8_Diversity_Aware_Wider_Field_and_Boundary_Optimization/INPUTS/QUICK_BENCHMARK/Dataset/01_training_dataset_tif_ROIs/training_set_primary_roi_102.tif,362.739437,746.268779,8,endothelium,gt
training_set_primary_roi_102:287,TRAIN,,,,training_set_primary_roi_102,/content/drive/MyDrive/Research/PUMA/Exploration_8_Diversity_Aware_Wider_Field_and_Boundary_Optimization/INPUTS/QUICK_BENCHMARK/Dataset/01_training_dataset_tif_ROIs/training_set_primary_roi_102.tif,302.707452,874.55136,8,endothelium,gt
training_set_primary_roi_102:316,TRAIN,,,,training_set_primary_roi_102,/content/drive/MyDrive/Research/PUMA/Exploration_8_Diversity_Aware_Wider_Field_and_Boundary_Optimization/INPUTS/QUICK_BENCHMARK/Dataset/01_training_dataset_tif_ROIs/training_set_primary_roi_102.tif,310.508511,60.861702,1,lymphocyte,gt
training_set_primary_roi_102:350,TRAIN,,,,training_set_primary_roi_102,/content/drive/MyDrive/Research/PUMA/Exploration_8_Diversity_Aware_Wider_Field_and_Boundary_Optimization/INPUTS/QUICK_BENCHMARK/Dataset/01_training_dataset_tif_ROIs/training_set_primary_roi_102.tif,528.544776,227.328358,1,lymphocyte,gt
training_set_primary_roi_102:368,TRAIN,,,,training_set_primary_roi_102,/content/drive/MyDrive/Research/PUMA/Exploration_8_Diversity_Aware_Wider_Field_and_Boundary_Optimization/INPUTS/QUICK_BENCHMARK/Dataset/01_training_dataset_tif_ROIs/training_set_primary_roi_102.tif,332.598925,381.349462,1,lymphocyte,gt
training_set_primary_roi_102:38,TRAIN,,,,training_set_primary_roi_102,/content/drive/MyDrive/Research/PUMA/Exploration_8_Diversity_Aware_Wider_Field_and_Boundary_Optimization/INPUTS/QUICK_BENCHMARK/Dataset/01_training_dataset_tif_ROIs/training_set_primary_roi_102.tif,194.745902,911.713115,6,stroma,gt
training_set_primary_roi_102:4,TRAIN,,,,training_set_primary_roi_102,/content/drive/MyDrive/Research/PUMA/Exploration_8_Diversity_Aware_Wider_Field_and_Boundary_Optimization/INPUTS/QUICK_BENCHMARK/Dataset/01_training_dataset_tif_ROIs/training_set_primary_roi_102.tif,1009.701923,329.5625,8,endothelium,gt
training_set_primary_roi_102:425,TRAIN,,,,training_set_primary_roi_102,/content/drive/MyDrive/Research/PUMA/Exploration_8_Diversity_Aware_Wider_Field_and_Boundary_Optimization/INPUTS/QUICK_BENCHMARK/Dataset/01_training_dataset_tif_ROIs/training_set_primary_roi_102.tif,486.730101,151.785354,8,endothelium,gt
training_set_primary_roi_102:448,TRAIN,,,,training_set_primary_roi_102,/content/drive/MyDrive/Research/PUMA/Exploration_8_Diversity_Aware_Wider_Field_and_Boundary_Optimization/INPUTS/QUICK_BENCHMARK/Dataset/01_training_dataset_tif_ROIs/training_set_primary_roi_102.tif,673.996885,12.722741,1,lymphocyte,gt
training_set_primary_roi_102:468,TRAIN,,,,training_set_primary_roi_102,/content/drive/MyDrive/Research/PUMA/Exploration_8_Diversity_Aware_Wider_Field_and_Boundary_Optimization/INPUTS/QUICK_BENCHMARK/Dataset/01_training_dataset_tif_ROIs/training_set_primary_roi_102.tif,449.998555,60.473507,2,plasma_cell,gt
