uid,role,patient_id,case_id,slide_id,roi,image,x,y,label,class_name,coordinate_source
training_set_metastatic_roi_025:262,TRAIN,,,,training_set_metastatic_roi_025,/content/drive/MyDrive/Research/PUMA/Exploration_8_Diversity_Aware_Wider_Field_and_Boundary_Optimization/INPUTS/QUICK_BENCHMARK/Dataset/01_training_dataset_tif_ROIs/training_set_metastatic_roi_025.tif,112.519048,453.887415,2,plasma_cell,gt
training_set_metastatic_roi_025:353,TRAIN,,,,training_set_metastatic_roi_025,/content/drive/MyDrive/Research/PUMA/Exploration_8_Diversity_Aware_Wider_Field_and_Boundary_Optimization/INPUTS/QUICK_BENCHMARK/Dataset/01_training_dataset_tif_ROIs/training_set_metastatic_roi_025.tif,78.483279,622.127292,2,plasma_cell,gt
training_set_metastatic_roi_025:463,TRAIN,,,,training_set_metastatic_roi_025,/content/drive/MyDrive/Research/PUMA/Exploration_8_Diversity_Aware_Wider_Field_and_Boundary_Optimization/INPUTS/QUICK_BENCHMARK/Dataset/01_training_dataset_tif_ROIs/training_set_metastatic_roi_025.tif,248.93189,822.112266,2,plasma_cell,gt
training_set_metastatic_roi_025:469,TRAIN,,,,training_set_metastatic_roi_025,/content/drive/MyDrive/Research/PUMA/Exploration_8_Diversity_Aware_Wider_Field_and_Boundary_Optimization/INPUTS/QUICK_BENCHMARK/Dataset/01_training_dataset_tif_ROIs/training_set_metastatic_roi_025.tif,89.07414,832.906981,2,plasma_cell,gt
training_set_metastatic_roi_025:509,TRAIN,,,,training_set_metastatic_roi_025,/content/drive/MyDrive/Research/PUMA/Exploration_8_Diversity_Aware_Wider_Field_and_Boundary_Optimization/INPUTS/QUICK_BENCHMARK/Dataset/01_training_dataset_tif_ROIs/training_set_metastatic_roi_025.tif,959.154581,923.33249,2,plasma_cell,gt
training_set_metastatic_roi_025:590,TRAIN,,,,training_set_metastatic_roi_025,/content/drive/MyDrive/Research/PUMA/Exploration_8_Diversity_Aware_Wider_Field_and_Boundary_Optimization/INPUTS/QUICK_BENCHMARK/Dataset/01_training_dataset_tif_ROIs/training_set_metastatic_roi_025.tif,256.068848,931.648733,2,plasma_cell,gt
training_set_metastatic_roi_025:595,TRAIN,,,,training_set_metastatic_roi_025,/content/drive/MyDrive/Research/PUMA/Exploration_8_Diversity_Aware_Wider_Field_and_Boundary_Optimization/INPUTS/QUICK_BENCHMARK/Dataset/01_training_dataset_tif_ROIs/training_set_metastatic_roi_025.tif,821.636038,243.730009,2,plasma_cell,gt
training_set_metastatic_roi_025:599,TRAIN,,,,training_set_metastatic_roi_025,/content/drive/MyDrive/Research/PUMA/Exploration_8_Diversity_Aware_Wider_Field_and_Boundary_Optimization/INPUTS/QUICK_BENCHMARK/Dataset/01_training_dataset_tif_ROIs/training_set_metastatic_roi_025.tif,81.116554,349.634415,2,plasma_cell,gt
training_set_metastatic_roi_025:601,TRAIN,,,,training_set_metastatic_roi_025,/content/drive/MyDrive/Research/PUMA/Exploration_8_Diversity_Aware_Wider_Field_and_Boundary_Optimization/INPUTS/QUICK_BENCHMARK/Dataset/01_training_dataset_tif_ROIs/training_set_metastatic_roi_025.tif,13.776691,437.066015,2,plasma_cell,gt
training_set_metastatic_roi_025:605,TRAIN,,,,training_set_metastatic_roi_025,/content/drive/MyDrive/Research/PUMA/Exploration_8_Diversity_Aware_Wider_Field_and_Boundary_Optimization/INPUTS/QUICK_BENCHMARK/Dataset/01_training_dataset_tif_ROIs/training_set_metastatic_roi_025.tif,8.25641,727.657436,2,plasma_cell,gt
training_set_metastatic_roi_025:606,TRAIN,,,,training_set_metastatic_roi_025,/content/drive/MyDrive/Research/PUMA/Exploration_8_Diversity_Aware_Wider_Field_and_Boundary_Optimization/INPUTS/QUICK_BENCHMARK/Dataset/01_training_dataset_tif_ROIs/training_set_metastatic_roi_025.tif,168.747183,813.840197,2,plasma_cell,gt
training_set_metastatic_roi_025:621,TRAIN,,,,training_set_metastatic_roi_025,/content/drive/MyDrive/Research/PUMA/Exploration_8_Diversity_Aware_Wider_Field_and_Boundary_Optimization/INPUTS/QUICK_BENCHMARK/Dataset/01_training_dataset_tif_ROIs/training_set_metastatic_roi_025.tif,84.356019,934.18112,2,plasma_cell,gt
training_set_metastatic_roi_025:632,TRAIN,,,,training_set_metastatic_roi_025,/content/drive/MyDrive/Research/PUMA/Exploration_8_Diversity_Aware_Wider_Field_and_Boundary_Optimization/INPUTS/QUICK_BENCHMARK/Dataset/01_training_dataset_tif_ROIs/training_set_metastatic_roi_025.tif,991.204253,183.554896,2,plasma_cell,gt
training_set_metastatic_roi_025:634,TRAIN,,,,training_set_metastatic_roi_025,/content/drive/MyDrive/Research/PUMA/Exploration_8_Diversity_Aware_Wider_Field_and_Boundary_Optimization/INPUTS/QUICK_BENCHMARK/Dataset/01_training_dataset_tif_ROIs/training_set_metastatic_roi_025.tif,1006.717784,23.065077,2,plasma_cell,gt
training_set_metastatic_roi_026:102,TRAIN,,,,training_set_metastatic_roi_026,/content/drive/MyDrive/Research/PUMA/Exploration_8_Diversity_Aware_Wider_Field_and_Boundary_Optimization/INPUTS/QUICK_BENCHMARK/Dataset/01_training_dataset_tif_ROIs/training_set_metastatic_roi_026.tif,968.744996,255.083986,2,plasma_cell,gt
training_set_metastatic_roi_026:302,TRAIN,,,,training_set_metastatic_roi_026,/content/drive/MyDrive/Research/PUMA/Exploration_8_Diversity_Aware_Wider_Field_and_Boundary_Optimization/INPUTS/QUICK_BENCHMARK/Dataset/01_training_dataset_tif_ROIs/training_set_metastatic_roi_026.tif,561.410767,1000.880531,2,plasma_cell,gt
training_set_metastatic_roi_026:469,TRAIN,,,,training_set_metastatic_roi_026,/content/drive/MyDrive/Research/PUMA/Exploration_8_Diversity_Aware_Wider_Field_and_Boundary_Optimization/INPUTS/QUICK_BENCHMARK/Dataset/01_training_dataset_tif_ROIs/training_set_metastatic_roi_026.tif,252.796277,793.479526,2,plasma_cell,gt
training_set_metastatic_roi_026:470,TRAIN,,,,training_set_metastatic_roi_026,/content/drive/MyDrive/Research/PUMA/Exploration_8_Diversity_Aware_Wider_Field_and_Boundary_Optimization/INPUTS/QUICK_BENCHMARK/Dataset/01_training_dataset_tif_ROIs/training_set_metastatic_roi_026.tif,71.009301,907.357143,2,plasma_cell,gt
training_set_metastatic_roi_026:508,TRAIN,,,,training_set_metastatic_roi_026,/content/drive/MyDrive/Research/PUMA/Exploration_8_Diversity_Aware_Wider_Field_and_Boundary_Optimization/INPUTS/QUICK_BENCHMARK/Dataset/01_training_dataset_tif_ROIs/training_set_metastatic_roi_026.tif,174.164659,956.774005,2,plasma_cell,gt
training_set_metastatic_roi_046:121,TRAIN,,,,training_set_metastatic_roi_046,/content/drive/MyDrive/Research/PUMA/Exploration_8_Diversity_Aware_Wider_Field_and_Boundary_Optimization/INPUTS/QUICK_BENCHMARK/Dataset/01_training_dataset_tif_ROIs/training_set_metastatic_roi_046.tif,970.669967,289.50385,5,neutrophil,gt
training_set_metastatic_roi_046:19,TRAIN,,,,training_set_metastatic_roi_046,/content/drive/MyDrive/Research/PUMA/Exploration_8_Diversity_Aware_Wider_Field_and_Boundary_Optimization/INPUTS/QUICK_BENCHMARK/Dataset/01_training_dataset_tif_ROIs/training_set_metastatic_roi_046.tif,45.008333,38.677564,5,neutrophil,gt
training_set_metastatic_roi_046:275,TRAIN,,,,training_set_metastatic_roi_046,/content/drive/MyDrive/Research/PUMA/Exploration_8_Diversity_Aware_Wider_Field_and_Boundary_Optimization/INPUTS/QUICK_BENCHMARK/Dataset/01_training_dataset_tif_ROIs/training_set_metastatic_roi_046.tif,121.621212,686.599567,5,neutrophil,gt
training_set_metastatic_roi_046:316,TRAIN,,,,training_set_metastatic_roi_046,/content/drive/MyDrive/Research/PUMA/Exploration_8_Diversity_Aware_Wider_Field_and_Boundary_Optimization/INPUTS/QUICK_BENCHMARK/Dataset/01_training_dataset_tif_ROIs/training_set_metastatic_roi_046.tif,911.271958,807.324339,5,neutrophil,gt
training_set_metastatic_roi_046:325,TRAIN,,,,training_set_metastatic_roi_046,/content/drive/MyDrive/Research/PUMA/Exploration_8_Diversity_Aware_Wider_Field_and_Boundary_Optimization/INPUTS/QUICK_BENCHMARK/Dataset/01_training_dataset_tif_ROIs/training_set_metastatic_roi_046.tif,390.750199,831.61257,5,neutrophil,gt
training_set_metastatic_roi_046:356,TRAIN,,,,training_set_metastatic_roi_046,/content/drive/MyDrive/Research/PUMA/Exploration_8_Diversity_Aware_Wider_Field_and_Boundary_Optimization/INPUTS/QUICK_BENCHMARK/Dataset/01_training_dataset_tif_ROIs/training_set_metastatic_roi_046.tif,673.398876,909.789326,5,neutrophil,gt
training_set_metastatic_roi_046:362,TRAIN,,,,training_set_metastatic_roi_046,/content/drive/MyDrive/Research/PUMA/Exploration_8_Diversity_Aware_Wider_Field_and_Boundary_Optimization/INPUTS/QUICK_BENCHMARK/Dataset/01_training_dataset_tif_ROIs/training_set_metastatic_roi_046.tif,931.765169,924.972419,2,plasma_cell,gt
training_set_metastatic_roi_046:374,TRAIN,,,,training_set_metastatic_roi_046,/content/drive/MyDrive/Research/PUMA/Exploration_8_Diversity_Aware_Wider_Field_and_Boundary_Optimization/INPUTS/QUICK_BENCHMARK/Dataset/01_training_dataset_tif_ROIs/training_set_metastatic_roi_046.tif,325.282051,959.542857,5,neutrophil,gt
training_set_metastatic_roi_046:377,TRAIN,,,,training_set_metastatic_roi_046,/content/drive/MyDrive/Research/PUMA/Exploration_8_Diversity_Aware_Wider_Field_and_Boundary_Optimization/INPUTS/QUICK_BENCHMARK/Dataset/01_training_dataset_tif_ROIs/training_set_metastatic_roi_046.tif,177.818338,967.709512,5,neutrophil,gt
training_set_metastatic_roi_046:387,TRAIN,,,,training_set_metastatic_roi_046,/content/drive/MyDrive/Research/PUMA/Exploration_8_Diversity_Aware_Wider_Field_and_Boundary_Optimization/INPUTS/QUICK_BENCHMARK/Dataset/01_training_dataset_tif_ROIs/training_set_metastatic_roi_046.tif,179.188851,983.923777,5,neutrophil,gt
training_set_metastatic_roi_046:395,TRAIN,,,,training_set_metastatic_roi_046,/content/drive/MyDrive/Research/PUMA/Exploration_8_Diversity_Aware_Wider_Field_and_Boundary_Optimization/INPUTS/QUICK_BENCHMARK/Dataset/01_training_dataset_tif_ROIs/training_set_metastatic_roi_046.tif,394.257998,1006.581011,5,neutrophil,gt
training_set_metastatic_roi_046:403,TRAIN,,,,training_set_metastatic_roi_046,/content/drive/MyDrive/Research/PUMA/Exploration_8_Diversity_Aware_Wider_Field_and_Boundary_Optimization/INPUTS/QUICK_BENCHMARK/Dataset/01_training_dataset_tif_ROIs/training_set_metastatic_roi_046.tif,966.836735,933.717309,5,neutrophil,gt
training_set_metastatic_roi_046:404,TRAIN,,,,training_set_metastatic_roi_046,/content/drive/MyDrive/Research/PUMA/Exploration_8_Diversity_Aware_Wider_Field_and_Boundary_Optimization/INPUTS/QUICK_BENCHMARK/Dataset/01_training_dataset_tif_ROIs/training_set_metastatic_roi_046.tif,790.046796,829.204464,5,neutrophil,gt
training_set_metastatic_roi_046:408,TRAIN,,,,training_set_metastatic_roi_046,/content/drive/MyDrive/Research/PUMA/Exploration_8_Diversity_Aware_Wider_Field_and_Boundary_Optimization/INPUTS/QUICK_BENCHMARK/Dataset/01_training_dataset_tif_ROIs/training_set_metastatic_roi_046.tif,870.761969,314.910962,5,neutrophil,gt
training_set_metastatic_roi_046:410,TRAIN,,,,training_set_metastatic_roi_046,/content/drive/MyDrive/Research/PUMA/Exploration_8_Diversity_Aware_Wider_Field_and_Boundary_Optimization/INPUTS/QUICK_BENCHMARK/Dataset/01_training_dataset_tif_ROIs/training_set_metastatic_roi_046.tif,831.789382,209.749347,5,neutrophil,gt
training_set_metastatic_roi_046:412,TRAIN,,,,training_set_metastatic_roi_046,/content/drive/MyDrive/Research/PUMA/Exploration_8_Diversity_Aware_Wider_Field_and_Boundary_Optimization/INPUTS/QUICK_BENCHMARK/Dataset/01_training_dataset_tif_ROIs/training_set_metastatic_roi_046.tif,59.99511,67.09943,5,neutrophil,gt
training_set_metastatic_roi_046:414,TRAIN,,,,training_set_metastatic_roi_046,/content/drive/MyDrive/Research/PUMA/Exploration_8_Diversity_Aware_Wider_Field_and_Boundary_Optimization/INPUTS/QUICK_BENCHMARK/Dataset/01_training_dataset_tif_ROIs/training_set_metastatic_roi_046.tif,75.887128,681.804035,5,neutrophil,gt
training_set_metastatic_roi_046:415,TRAIN,,,,training_set_metastatic_roi_046,/content/drive/MyDrive/Research/PUMA/Exploration_8_Diversity_Aware_Wider_Field_and_Boundary_Optimization/INPUTS/QUICK_BENCHMARK/Dataset/01_training_dataset_tif_ROIs/training_set_metastatic_roi_046.tif,86.020019,704.955307,5,neutrophil,gt
training_set_metastatic_roi_046:416,TRAIN,,,,training_set_metastatic_roi_046,/content/drive/MyDrive/Research/PUMA/Exploration_8_Diversity_Aware_Wider_Field_and_Boundary_Optimization/INPUTS/QUICK_BENCHMARK/Dataset/01_training_dataset_tif_ROIs/training_set_metastatic_roi_046.tif,109.294118,712.623162,5,neutrophil,gt
training_set_metastatic_roi_046:417,TRAIN,,,,training_set_metastatic_roi_046,/content/drive/MyDrive/Research/PUMA/Exploration_8_Diversity_Aware_Wider_Field_and_Boundary_Optimization/INPUTS/QUICK_BENCHMARK/Dataset/01_training_dataset_tif_ROIs/training_set_metastatic_roi_046.tif,211.1415,669.970085,5,neutrophil,gt
training_set_metastatic_roi_046:419,TRAIN,,,,training_set_metastatic_roi_046,/content/drive/MyDrive/Research/PUMA/Exploration_8_Diversity_Aware_Wider_Field_and_Boundary_Optimization/INPUTS/QUICK_BENCHMARK/Dataset/01_training_dataset_tif_ROIs/training_set_metastatic_roi_046.tif,258.730061,659.592025,5,neutrophil,gt
training_set_metastatic_roi_046:420,TRAIN,,,,training_set_metastatic_roi_046,/content/drive/MyDrive/Research/PUMA/Exploration_8_Diversity_Aware_Wider_Field_and_Boundary_Optimization/INPUTS/QUICK_BENCHMARK/Dataset/01_training_dataset_tif_ROIs/training_set_metastatic_roi_046.tif,455.48951,692.613054,5,neutrophil,gt
training_set_metastatic_roi_046:421,TRAIN,,,,training_set_metastatic_roi_046,/content/drive/MyDrive/Research/PUMA/Exploration_8_Diversity_Aware_Wider_Field_and_Boundary_Optimization/INPUTS/QUICK_BENCHMARK/Dataset/01_training_dataset_tif_ROIs/training_set_metastatic_roi_046.tif,461.843311,533.33629,5,neutrophil,gt
training_set_metastatic_roi_046:422,TRAIN,,,,training_set_metastatic_roi_046,/content/drive/MyDrive/Research/PUMA/Exploration_8_Diversity_Aware_Wider_Field_and_Boundary_Optimization/INPUTS/QUICK_BENCHMARK/Dataset/01_training_dataset_tif_ROIs/training_set_metastatic_roi_046.tif,307.620665,1013.536447,5,neutrophil,gt
training_set_metastatic_roi_046:437,TRAIN,,,,training_set_metastatic_roi_046,/content/drive/MyDrive/Research/PUMA/Exploration_8_Diversity_Aware_Wider_Field_and_Boundary_Optimization/INPUTS/QUICK_BENCHMARK/Dataset/01_training_dataset_tif_ROIs/training_set_metastatic_roi_046.tif,885.01655,158.165891,5,neutrophil,gt
training_set_metastatic_roi_046:73,TRAIN,,,,training_set_metastatic_roi_046,/content/drive/MyDrive/Research/PUMA/Exploration_8_Diversity_Aware_Wider_Field_and_Boundary_Optimization/INPUTS/QUICK_BENCHMARK/Dataset/01_training_dataset_tif_ROIs/training_set_metastatic_roi_046.tif,980.90274,170.559817,5,neutrophil,gt
training_set_metastatic_roi_046:98,TRAIN,,,,training_set_metastatic_roi_046,/content/drive/MyDrive/Research/PUMA/Exploration_8_Diversity_Aware_Wider_Field_and_Boundary_Optimization/INPUTS/QUICK_BENCHMARK/Dataset/01_training_dataset_tif_ROIs/training_set_metastatic_roi_046.tif,753.421199,213.983264,5,neutrophil,gt
training_set_metastatic_roi_056:0,TRAIN,,,,training_set_metastatic_roi_056,/content/drive/MyDrive/Research/PUMA/Exploration_8_Diversity_Aware_Wider_Field_and_Boundary_Optimization/INPUTS/QUICK_BENCHMARK/Dataset/01_training_dataset_tif_ROIs/training_set_metastatic_roi_056.tif,505.414883,782.646279,8,endothelium,gt
training_set_metastatic_roi_056:112,TRAIN,,,,training_set_metastatic_roi_056,/content/drive/MyDrive/Research/PUMA/Exploration_8_Diversity_Aware_Wider_Field_and_Boundary_Optimization/INPUTS/QUICK_BENCHMARK/Dataset/01_training_dataset_tif_ROIs/training_set_metastatic_roi_056.tif,940.058977,890.861844,8,endothelium,gt
training_set_metastatic_roi_056:124,TRAIN,,,,training_set_metastatic_roi_056,/content/drive/MyDrive/Research/PUMA/Exploration_8_Diversity_Aware_Wider_Field_and_Boundary_Optimization/INPUTS/QUICK_BENCHMARK/Dataset/01_training_dataset_tif_ROIs/training_set_metastatic_roi_056.tif,471.582583,786.054054,8,endothelium,gt
training_set_metastatic_roi_056:145,TRAIN,,,,training_set_metastatic_roi_056,/content/drive/MyDrive/Research/PUMA/Exploration_8_Diversity_Aware_Wider_Field_and_Boundary_Optimization/INPUTS/QUICK_BENCHMARK/Dataset/01_training_dataset_tif_ROIs/training_set_metastatic_roi_056.tif,441.619048,710.657738,8,endothelium,gt
training_set_metastatic_roi_056:149,TRAIN,,,,training_set_metastatic_roi_056,/content/drive/MyDrive/Research/PUMA/Exploration_8_Diversity_Aware_Wider_Field_and_Boundary_Optimization/INPUTS/QUICK_BENCHMARK/Dataset/01_training_dataset_tif_ROIs/training_set_metastatic_roi_056.tif,50.599542,721.888635,8,endothelium,gt
training_set_metastatic_roi_056:151,TRAIN,,,,training_set_metastatic_roi_056,/content/drive/MyDrive/Research/PUMA/Exploration_8_Diversity_Aware_Wider_Field_and_Boundary_Optimization/INPUTS/QUICK_BENCHMARK/Dataset/01_training_dataset_tif_ROIs/training_set_metastatic_roi_056.tif,942.970803,768.480941,8,endothelium,gt
training_set_metastatic_roi_056:168,TRAIN,,,,training_set_metastatic_roi_056,/content/drive/MyDrive/Research/PUMA/Exploration_8_Diversity_Aware_Wider_Field_and_Boundary_Optimization/INPUTS/QUICK_BENCHMARK/Dataset/01_training_dataset_tif_ROIs/training_set_metastatic_roi_056.tif,484.178926,666.665341,8,endothelium,gt
training_set_metastatic_roi_056:171,TRAIN,,,,training_set_metastatic_roi_056,/content/drive/MyDrive/Research/PUMA/Exploration_8_Diversity_Aware_Wider_Field_and_Boundary_Optimization/INPUTS/QUICK_BENCHMARK/Dataset/01_training_dataset_tif_ROIs/training_set_metastatic_roi_056.tif,462.752157,728.770196,8,endothelium,gt
training_set_metastatic_roi_056:177,TRAIN,,,,training_set_metastatic_roi_056,/content/drive/MyDrive/Research/PUMA/Exploration_8_Diversity_Aware_Wider_Field_and_Boundary_Optimization/INPUTS/QUICK_BENCHMARK/Dataset/01_training_dataset_tif_ROIs/training_set_metastatic_roi_056.tif,958.087075,976.304082,8,endothelium,gt
training_set_metastatic_roi_056:236,TRAIN,,,,training_set_metastatic_roi_056,/content/drive/MyDrive/Research/PUMA/Exploration_8_Diversity_Aware_Wider_Field_and_Boundary_Optimization/INPUTS/QUICK_BENCHMARK/Dataset/01_training_dataset_tif_ROIs/training_set_metastatic_roi_056.tif,26.198302,799.303241,8,endothelium,gt
training_set_metastatic_roi_056:285,TRAIN,,,,training_set_metastatic_roi_056,/content/drive/MyDrive/Research/PUMA/Exploration_8_Diversity_Aware_Wider_Field_and_Boundary_Optimization/INPUTS/QUICK_BENCHMARK/Dataset/01_training_dataset_tif_ROIs/training_set_metastatic_roi_056.tif,983.667658,915.877634,8,endothelium,gt
training_set_metastatic_roi_056:289,TRAIN,,,,training_set_metastatic_roi_056,/content/drive/MyDrive/Research/PUMA/Exploration_8_Diversity_Aware_Wider_Field_and_Boundary_Optimization/INPUTS/QUICK_BENCHMARK/Dataset/01_training_dataset_tif_ROIs/training_set_metastatic_roi_056.tif,1002.254329,916.142857,8,endothelium,gt
training_set_metastatic_roi_056:291,TRAIN,,,,training_set_metastatic_roi_056,/content/drive/MyDrive/Research/PUMA/Exploration_8_Diversity_Aware_Wider_Field_and_Boundary_Optimization/INPUTS/QUICK_BENCHMARK/Dataset/01_training_dataset_tif_ROIs/training_set_metastatic_roi_056.tif,1012.751836,698.528634,8,endothelium,gt
training_set_metastatic_roi_056:292,TRAIN,,,,training_set_metastatic_roi_056,/content/drive/MyDrive/Research/PUMA/Exploration_8_Diversity_Aware_Wider_Field_and_Boundary_Optimization/INPUTS/QUICK_BENCHMARK/Dataset/01_training_dataset_tif_ROIs/training_set_metastatic_roi_056.tif,1010.813549,681.196043,8,endothelium,gt
training_set_metastatic_roi_056:33,TRAIN,,,,training_set_metastatic_roi_056,/content/drive/MyDrive/Research/PUMA/Exploration_8_Diversity_Aware_Wider_Field_and_Boundary_Optimization/INPUTS/QUICK_BENCHMARK/Dataset/01_training_dataset_tif_ROIs/training_set_metastatic_roi_056.tif,446.117331,959.906701,8,endothelium,gt
training_set_metastatic_roi_056:76,TRAIN,,,,training_set_metastatic_roi_056,/content/drive/MyDrive/Research/PUMA/Exploration_8_Diversity_Aware_Wider_Field_and_Boundary_Optimization/INPUTS/QUICK_BENCHMARK/Dataset/01_training_dataset_tif_ROIs/training_set_metastatic_roi_056.tif,504.131667,659.92625,8,endothelium,gt
training_set_metastatic_roi_056:78,TRAIN,,,,training_set_metastatic_roi_056,/content/drive/MyDrive/Research/PUMA/Exploration_8_Diversity_Aware_Wider_Field_and_Boundary_Optimization/INPUTS/QUICK_BENCHMARK/Dataset/01_training_dataset_tif_ROIs/training_set_metastatic_roi_056.tif,40.044287,701.555359,8,endothelium,gt
training_set_metastatic_roi_056:97,TRAIN,,,,training_set_metastatic_roi_056,/content/drive/MyDrive/Research/PUMA/Exploration_8_Diversity_Aware_Wider_Field_and_Boundary_Optimization/INPUTS/QUICK_BENCHMARK/Dataset/01_training_dataset_tif_ROIs/training_set_metastatic_roi_056.tif,440.053726,999.352254,8,endothelium,gt
training_set_metastatic_roi_065:128,TRAIN,,,,training_set_metastatic_roi_065,/content/drive/MyDrive/Research/PUMA/Exploration_8_Diversity_Aware_Wider_Field_and_Boundary_Optimization/INPUTS/QUICK_BENCHMARK/Dataset/01_training_dataset_tif_ROIs/training_set_metastatic_roi_065.tif,420.60199,919.265814,0,tumor,gt
training_set_metastatic_roi_065:167,TRAIN,,,,training_set_metastatic_roi_065,/content/drive/MyDrive/Research/PUMA/Exploration_8_Diversity_Aware_Wider_Field_and_Boundary_Optimization/INPUTS/QUICK_BENCHMARK/Dataset/01_training_dataset_tif_ROIs/training_set_metastatic_roi_065.tif,735.053796,313.037205,0,tumor,gt
training_set_metastatic_roi_065:250,TRAIN,,,,training_set_metastatic_roi_065,/content/drive/MyDrive/Research/PUMA/Exploration_8_Diversity_Aware_Wider_Field_and_Boundary_Optimization/INPUTS/QUICK_BENCHMARK/Dataset/01_training_dataset_tif_ROIs/training_set_metastatic_roi_065.tif,644.795266,520.49968,0,tumor,gt
training_set_metastatic_roi_065:267,TRAIN,,,,training_set_metastatic_roi_065,/content/drive/MyDrive/Research/PUMA/Exploration_8_Diversity_Aware_Wider_Field_and_Boundary_Optimization/INPUTS/QUICK_BENCHMARK/Dataset/01_training_dataset_tif_ROIs/training_set_metastatic_roi_065.tif,279.491756,558.334767,0,tumor,gt
training_set_metastatic_roi_065:294,TRAIN,,,,training_set_metastatic_roi_065,/content/drive/MyDrive/Research/PUMA/Exploration_8_Diversity_Aware_Wider_Field_and_Boundary_Optimization/INPUTS/QUICK_BENCHMARK/Dataset/01_training_dataset_tif_ROIs/training_set_metastatic_roi_065.tif,634.723735,469.467575,0,tumor,gt
training_set_metastatic_roi_065:3,TRAIN,,,,training_set_metastatic_roi_065,/content/drive/MyDrive/Research/PUMA/Exploration_8_Diversity_Aware_Wider_Field_and_Boundary_Optimization/INPUTS/QUICK_BENCHMARK/Dataset/01_training_dataset_tif_ROIs/training_set_metastatic_roi_065.tif,879.284553,985.52085,0,tumor,gt
training_set_metastatic_roi_065:308,TRAIN,,,,training_set_metastatic_roi_065,/content/drive/MyDrive/Research/PUMA/Exploration_8_Diversity_Aware_Wider_Field_and_Boundary_Optimization/INPUTS/QUICK_BENCHMARK/Dataset/01_training_dataset_tif_ROIs/training_set_metastatic_roi_065.tif,318.555006,931.112761,0,tumor,gt
training_set_metastatic_roi_065:314,TRAIN,,,,training_set_metastatic_roi_065,/content/drive/MyDrive/Research/PUMA/Exploration_8_Diversity_Aware_Wider_Field_and_Boundary_Optimization/INPUTS/QUICK_BENCHMARK/Dataset/01_training_dataset_tif_ROIs/training_set_metastatic_roi_065.tif,370.778307,837.560847,0,tumor,gt
training_set_metastatic_roi_065:328,TRAIN,,,,training_set_metastatic_roi_065,/content/drive/MyDrive/Research/PUMA/Exploration_8_Diversity_Aware_Wider_Field_and_Boundary_Optimization/INPUTS/QUICK_BENCHMARK/Dataset/01_training_dataset_tif_ROIs/training_set_metastatic_roi_065.tif,972.590498,26.311086,5,neutrophil,gt
training_set_metastatic_roi_065:333,TRAIN,,,,training_set_metastatic_roi_065,/content/drive/MyDrive/Research/PUMA/Exploration_8_Diversity_Aware_Wider_Field_and_Boundary_Optimization/INPUTS/QUICK_BENCHMARK/Dataset/01_training_dataset_tif_ROIs/training_set_metastatic_roi_065.tif,34.484221,417.47929,0,tumor,gt
training_set_metastatic_roi_065:340,TRAIN,,,,training_set_metastatic_roi_065,/content/drive/MyDrive/Research/PUMA/Exploration_8_Diversity_Aware_Wider_Field_and_Boundary_Optimization/INPUTS/QUICK_BENCHMARK/Dataset/01_training_dataset_tif_ROIs/training_set_metastatic_roi_065.tif,1013.71091,835.130719,0,tumor,gt
training_set_metastatic_roi_065:376,TRAIN,,,,training_set_metastatic_roi_065,/content/drive/MyDrive/Research/PUMA/Exploration_8_Diversity_Aware_Wider_Field_and_Boundary_Optimization/INPUTS/QUICK_BENCHMARK/Dataset/01_training_dataset_tif_ROIs/training_set_metastatic_roi_065.tif,460.570481,114.509674,0,tumor,gt
training_set_metastatic_roi_065:378,TRAIN,,,,training_set_metastatic_roi_065,/content/drive/MyDrive/Research/PUMA/Exploration_8_Diversity_Aware_Wider_Field_and_Boundary_Optimization/INPUTS/QUICK_BENCHMARK/Dataset/01_training_dataset_tif_ROIs/training_set_metastatic_roi_065.tif,999.266055,481.752294,0,tumor,gt
training_set_metastatic_roi_065:388,TRAIN,,,,training_set_metastatic_roi_065,/content/drive/MyDrive/Research/PUMA/Exploration_8_Diversity_Aware_Wider_Field_and_Boundary_Optimization/INPUTS/QUICK_BENCHMARK/Dataset/01_training_dataset_tif_ROIs/training_set_metastatic_roi_065.tif,440.380051,382.641414,0,tumor,gt
training_set_metastatic_roi_065:417,TRAIN,,,,training_set_metastatic_roi_065,/content/drive/MyDrive/Research/PUMA/Exploration_8_Diversity_Aware_Wider_Field_and_Boundary_Optimization/INPUTS/QUICK_BENCHMARK/Dataset/01_training_dataset_tif_ROIs/training_set_metastatic_roi_065.tif,557.785714,995.204365,0,tumor,gt
training_set_metastatic_roi_065:460,TRAIN,,,,training_set_metastatic_roi_065,/content/drive/MyDrive/Research/PUMA/Exploration_8_Diversity_Aware_Wider_Field_and_Boundary_Optimization/INPUTS/QUICK_BENCHMARK/Dataset/01_training_dataset_tif_ROIs/training_set_metastatic_roi_065.tif,380.935814,7.718986,0,tumor,gt
training_set_metastatic_roi_065:463,TRAIN,,,,training_set_metastatic_roi_065,/content/drive/MyDrive/Research/PUMA/Exploration_8_Diversity_Aware_Wider_Field_and_Boundary_Optimization/INPUTS/QUICK_BENCHMARK/Dataset/01_training_dataset_tif_ROIs/training_set_metastatic_roi_065.tif,343.904523,76.951424,0,tumor,gt
training_set_metastatic_roi_065:472,TRAIN,,,,training_set_metastatic_roi_065,/content/drive/MyDrive/Research/PUMA/Exploration_8_Diversity_Aware_Wider_Field_and_Boundary_Optimization/INPUTS/QUICK_BENCHMARK/Dataset/01_training_dataset_tif_ROIs/training_set_metastatic_roi_065.tif,391.650564,261.901771,0,tumor,gt
training_set_metastatic_roi_065:49,TRAIN,,,,training_set_metastatic_roi_065,/content/drive/MyDrive/Research/PUMA/Exploration_8_Diversity_Aware_Wider_Field_and_Boundary_Optimization/INPUTS/QUICK_BENCHMARK/Dataset/01_training_dataset_tif_ROIs/training_set_metastatic_roi_065.tif,767.454665,1003.097593,0,tumor,gt
training_set_metastatic_roi_065:499,TRAIN,,,,training_set_metastatic_roi_065,/content/drive/MyDrive/Research/PUMA/Exploration_8_Diversity_Aware_Wider_Field_and_Boundary_Optimization/INPUTS/QUICK_BENCHMARK/Dataset/01_training_dataset_tif_ROIs/training_set_metastatic_roi_065.tif,341.030435,590.045652,0,tumor,gt
training_set_metastatic_roi_065:509,TRAIN,,,,training_set_metastatic_roi_065,/content/drive/MyDrive/Research/PUMA/Exploration_8_Diversity_Aware_Wider_Field_and_Boundary_Optimization/INPUTS/QUICK_BENCHMARK/Dataset/01_training_dataset_tif_ROIs/training_set_metastatic_roi_065.tif,151.793943,192.569679,0,tumor,gt
training_set_metastatic_roi_065:524,TRAIN,,,,training_set_metastatic_roi_065,/content/drive/MyDrive/Research/PUMA/Exploration_8_Diversity_Aware_Wider_Field_and_Boundary_Optimization/INPUTS/QUICK_BENCHMARK/Dataset/01_training_dataset_tif_ROIs/training_set_metastatic_roi_065.tif,809.198792,524.603918,0,tumor,gt
training_set_metastatic_roi_065:530,TRAIN,,,,training_set_metastatic_roi_065,/content/drive/MyDrive/Research/PUMA/Exploration_8_Diversity_Aware_Wider_Field_and_Boundary_Optimization/INPUTS/QUICK_BENCHMARK/Dataset/01_training_dataset_tif_ROIs/training_set_metastatic_roi_065.tif,951.402679,616.300281,2,plasma_cell,gt
training_set_metastatic_roi_065:531,TRAIN,,,,training_set_metastatic_roi_065,/content/drive/MyDrive/Research/PUMA/Exploration_8_Diversity_Aware_Wider_Field_and_Boundary_Optimization/INPUTS/QUICK_BENCHMARK/Dataset/01_training_dataset_tif_ROIs/training_set_metastatic_roi_065.tif,986.852151,563.63172,2,plasma_cell,gt
training_set_metastatic_roi_065:532,TRAIN,,,,training_set_metastatic_roi_065,/content/drive/MyDrive/Research/PUMA/Exploration_8_Diversity_Aware_Wider_Field_and_Boundary_Optimization/INPUTS/QUICK_BENCHMARK/Dataset/01_training_dataset_tif_ROIs/training_set_metastatic_roi_065.tif,974.639834,586.570295,2,plasma_cell,gt
training_set_metastatic_roi_065:83,TRAIN,,,,training_set_metastatic_roi_065,/content/drive/MyDrive/Research/PUMA/Exploration_8_Diversity_Aware_Wider_Field_and_Boundary_Optimization/INPUTS/QUICK_BENCHMARK/Dataset/01_training_dataset_tif_ROIs/training_set_metastatic_roi_065.tif,372.830979,784.814972,0,tumor,gt
training_set_metastatic_roi_101:11,TRAIN,,,,training_set_metastatic_roi_101,/content/drive/MyDrive/Research/PUMA/Exploration_8_Diversity_Aware_Wider_Field_and_Boundary_Optimization/INPUTS/QUICK_BENCHMARK/Dataset/01_training_dataset_tif_ROIs/training_set_metastatic_roi_101.tif,719.332512,13.778325,9,apoptosis,gt
training_set_metastatic_roi_101:112,TRAIN,,,,training_set_metastatic_roi_101,/content/drive/MyDrive/Research/PUMA/Exploration_8_Diversity_Aware_Wider_Field_and_Boundary_Optimization/INPUTS/QUICK_BENCHMARK/Dataset/01_training_dataset_tif_ROIs/training_set_metastatic_roi_101.tif,529.674468,262.768085,9,apoptosis,gt
training_set_metastatic_roi_101:120,TRAIN,,,,training_set_metastatic_roi_101,/content/drive/MyDrive/Research/PUMA/Exploration_8_Diversity_Aware_Wider_Field_and_Boundary_Optimization/INPUTS/QUICK_BENCHMARK/Dataset/01_training_dataset_tif_ROIs/training_set_metastatic_roi_101.tif,943.771795,290.153846,9,apoptosis,gt
training_set_metastatic_roi_101:123,TRAIN,,,,training_set_metastatic_roi_101,/content/drive/MyDrive/Research/PUMA/Exploration_8_Diversity_Aware_Wider_Field_and_Boundary_Optimization/INPUTS/QUICK_BENCHMARK/Dataset/01_training_dataset_tif_ROIs/training_set_metastatic_roi_101.tif,485.607728,293.97541,9,apoptosis,gt
training_set_metastatic_roi_101:137,TRAIN,,,,training_set_metastatic_roi_101,/content/drive/MyDrive/Research/PUMA/Exploration_8_Diversity_Aware_Wider_Field_and_Boundary_Optimization/INPUTS/QUICK_BENCHMARK/Dataset/01_training_dataset_tif_ROIs/training_set_metastatic_roi_101.tif,158.171533,338.653285,9,apoptosis,gt
training_set_metastatic_roi_101:148,TRAIN,,,,training_set_metastatic_roi_101,/content/drive/MyDrive/Research/PUMA/Exploration_8_Diversity_Aware_Wider_Field_and_Boundary_Optimization/INPUTS/QUICK_BENCHMARK/Dataset/01_training_dataset_tif_ROIs/training_set_metastatic_roi_101.tif,776.255886,376.035316,9,apoptosis,gt
training_set_metastatic_roi_101:167,TRAIN,,,,training_set_metastatic_roi_101,/content/drive/MyDrive/Research/PUMA/Exploration_8_Diversity_Aware_Wider_Field_and_Boundary_Optimization/INPUTS/QUICK_BENCHMARK/Dataset/01_training_dataset_tif_ROIs/training_set_metastatic_roi_101.tif,572.388298,424.585106,9,apoptosis,gt
training_set_metastatic_roi_101:184,TRAIN,,,,training_set_metastatic_roi_101,/content/drive/MyDrive/Research/PUMA/Exploration_8_Diversity_Aware_Wider_Field_and_Boundary_Optimization/INPUTS/QUICK_BENCHMARK/Dataset/01_training_dataset_tif_ROIs/training_set_metastatic_roi_101.tif,431.634276,468.888693,9,apoptosis,gt
training_set_metastatic_roi_101:194,TRAIN,,,,training_set_metastatic_roi_101,/content/drive/MyDrive/Research/PUMA/Exploration_8_Diversity_Aware_Wider_Field_and_Boundary_Optimization/INPUTS/QUICK_BENCHMARK/Dataset/01_training_dataset_tif_ROIs/training_set_metastatic_roi_101.tif,633.67284,482.277778,9,apoptosis,gt
training_set_metastatic_roi_101:233,TRAIN,,,,training_set_metastatic_roi_101,/content/drive/MyDrive/Research/PUMA/Exploration_8_Diversity_Aware_Wider_Field_and_Boundary_Optimization/INPUTS/QUICK_BENCHMARK/Dataset/01_training_dataset_tif_ROIs/training_set_metastatic_roi_101.tif,358.650628,603.449791,9,apoptosis,gt
training_set_metastatic_roi_101:251,TRAIN,,,,training_set_metastatic_roi_101,/content/drive/MyDrive/Research/PUMA/Exploration_8_Diversity_Aware_Wider_Field_and_Boundary_Optimization/INPUTS/QUICK_BENCHMARK/Dataset/01_training_dataset_tif_ROIs/training_set_metastatic_roi_101.tif,533.506536,654.277778,9,apoptosis,gt
training_set_metastatic_roi_101:271,TRAIN,,,,training_set_metastatic_roi_101,/content/drive/MyDrive/Research/PUMA/Exploration_8_Diversity_Aware_Wider_Field_and_Boundary_Optimization/INPUTS/QUICK_BENCHMARK/Dataset/01_training_dataset_tif_ROIs/training_set_metastatic_roi_101.tif,884.892241,717.732759,9,apoptosis,gt
training_set_metastatic_roi_101:274,TRAIN,,,,training_set_metastatic_roi_101,/content/drive/MyDrive/Research/PUMA/Exploration_8_Diversity_Aware_Wider_Field_and_Boundary_Optimization/INPUTS/QUICK_BENCHMARK/Dataset/01_training_dataset_tif_ROIs/training_set_metastatic_roi_101.tif,683.851111,723.788889,9,apoptosis,gt
training_set_metastatic_roi_101:276,TRAIN,,,,training_set_metastatic_roi_101,/content/drive/MyDrive/Research/PUMA/Exploration_8_Diversity_Aware_Wider_Field_and_Boundary_Optimization/INPUTS/QUICK_BENCHMARK/Dataset/01_training_dataset_tif_ROIs/training_set_metastatic_roi_101.tif,661.234807,735.157459,9,apoptosis,gt
training_set_metastatic_roi_101:296,TRAIN,,,,training_set_metastatic_roi_101,/content/drive/MyDrive/Research/PUMA/Exploration_8_Diversity_Aware_Wider_Field_and_Boundary_Optimization/INPUTS/QUICK_BENCHMARK/Dataset/01_training_dataset_tif_ROIs/training_set_metastatic_roi_101.tif,541.390476,809.328571,9,apoptosis,gt
training_set_metastatic_roi_101:329,TRAIN,,,,training_set_metastatic_roi_101,/content/drive/MyDrive/Research/PUMA/Exploration_8_Diversity_Aware_Wider_Field_and_Boundary_Optimization/INPUTS/QUICK_BENCHMARK/Dataset/01_training_dataset_tif_ROIs/training_set_metastatic_roi_101.tif,613.658537,921.018293,9,apoptosis,gt
training_set_metastatic_roi_101:332,TRAIN,,,,training_set_metastatic_roi_101,/content/drive/MyDrive/Research/PUMA/Exploration_8_Diversity_Aware_Wider_Field_and_Boundary_Optimization/INPUTS/QUICK_BENCHMARK/Dataset/01_training_dataset_tif_ROIs/training_set_metastatic_roi_101.tif,657.234007,958.537037,9,apoptosis,gt
training_set_metastatic_roi_101:333,TRAIN,,,,training_set_metastatic_roi_101,/content/drive/MyDrive/Research/PUMA/Exploration_8_Diversity_Aware_Wider_Field_and_Boundary_Optimization/INPUTS/QUICK_BENCHMARK/Dataset/01_training_dataset_tif_ROIs/training_set_metastatic_roi_101.tif,178.106987,970.871179,9,apoptosis,gt
training_set_metastatic_roi_101:335,TRAIN,,,,training_set_metastatic_roi_101,/content/drive/MyDrive/Research/PUMA/Exploration_8_Diversity_Aware_Wider_Field_and_Boundary_Optimization/INPUTS/QUICK_BENCHMARK/Dataset/01_training_dataset_tif_ROIs/training_set_metastatic_roi_101.tif,460.354962,1005.270992,9,apoptosis,gt
training_set_metastatic_roi_101:341,TRAIN,,,,training_set_metastatic_roi_101,/content/drive/MyDrive/Research/PUMA/Exploration_8_Diversity_Aware_Wider_Field_and_Boundary_Optimization/INPUTS/QUICK_BENCHMARK/Dataset/01_training_dataset_tif_ROIs/training_set_metastatic_roi_101.tif,645.825843,1017.421348,9,apoptosis,gt
training_set_metastatic_roi_101:358,TRAIN,,,,training_set_metastatic_roi_101,/content/drive/MyDrive/Research/PUMA/Exploration_8_Diversity_Aware_Wider_Field_and_Boundary_Optimization/INPUTS/QUICK_BENCHMARK/Dataset/01_training_dataset_tif_ROIs/training_set_metastatic_roi_101.tif,613.628571,797.828571,9,apoptosis,gt
training_set_primary_roi_007:141,TRAIN,,,,training_set_primary_roi_007,/content/drive/MyDrive/Research/PUMA/Exploration_8_Diversity_Aware_Wider_Field_and_Boundary_Optimization/INPUTS/QUICK_BENCHMARK/Dataset/01_training_dataset_tif_ROIs/training_set_primary_roi_007.tif,769.394277,441.868045,4,melanophage,gt
training_set_primary_roi_007:142,TRAIN,,,,training_set_primary_roi_007,/content/drive/MyDrive/Research/PUMA/Exploration_8_Diversity_Aware_Wider_Field_and_Boundary_Optimization/INPUTS/QUICK_BENCHMARK/Dataset/01_training_dataset_tif_ROIs/training_set_primary_roi_007.tif,804.868224,440.700862,4,melanophage,gt
training_set_primary_roi_007:146,TRAIN,,,,training_set_primary_roi_007,/content/drive/MyDrive/Research/PUMA/Exploration_8_Diversity_Aware_Wider_Field_and_Boundary_Optimization/INPUTS/QUICK_BENCHMARK/Dataset/01_training_dataset_tif_ROIs/training_set_primary_roi_007.tif,786.666667,440.008872,4,melanophage,gt
training_set_primary_roi_007:171,TRAIN,,,,training_set_primary_roi_007,/content/drive/MyDrive/Research/PUMA/Exploration_8_Diversity_Aware_Wider_Field_and_Boundary_Optimization/INPUTS/QUICK_BENCHMARK/Dataset/01_training_dataset_tif_ROIs/training_set_primary_roi_007.tif,645.246946,514.4363,4,melanophage,gt
training_set_primary_roi_007:179,TRAIN,,,,training_set_primary_roi_007,/content/drive/MyDrive/Research/PUMA/Exploration_8_Diversity_Aware_Wider_Field_and_Boundary_Optimization/INPUTS/QUICK_BENCHMARK/Dataset/01_training_dataset_tif_ROIs/training_set_primary_roi_007.tif,638.465927,537.740095,4,melanophage,gt
training_set_primary_roi_007:187,TRAIN,,,,training_set_primary_roi_007,/content/drive/MyDrive/Research/PUMA/Exploration_8_Diversity_Aware_Wider_Field_and_Boundary_Optimization/INPUTS/QUICK_BENCHMARK/Dataset/01_training_dataset_tif_ROIs/training_set_primary_roi_007.tif,269.960799,590.908276,4,melanophage,gt
training_set_primary_roi_007:189,TRAIN,,,,training_set_primary_roi_007,/content/drive/MyDrive/Research/PUMA/Exploration_8_Diversity_Aware_Wider_Field_and_Boundary_Optimization/INPUTS/QUICK_BENCHMARK/Dataset/01_training_dataset_tif_ROIs/training_set_primary_roi_007.tif,406.488557,592.897512,4,melanophage,gt
training_set_primary_roi_007:208,TRAIN,,,,training_set_primary_roi_007,/content/drive/MyDrive/Research/PUMA/Exploration_8_Diversity_Aware_Wider_Field_and_Boundary_Optimization/INPUTS/QUICK_BENCHMARK/Dataset/01_training_dataset_tif_ROIs/training_set_primary_roi_007.tif,462.408163,707.673469,4,melanophage,gt
training_set_primary_roi_007:226,TRAIN,,,,training_set_primary_roi_007,/content/drive/MyDrive/Research/PUMA/Exploration_8_Diversity_Aware_Wider_Field_and_Boundary_Optimization/INPUTS/QUICK_BENCHMARK/Dataset/01_training_dataset_tif_ROIs/training_set_primary_roi_007.tif,402.892473,753.685484,4,melanophage,gt
training_set_primary_roi_007:238,TRAIN,,,,training_set_primary_roi_007,/content/drive/MyDrive/Research/PUMA/Exploration_8_Diversity_Aware_Wider_Field_and_Boundary_Optimization/INPUTS/QUICK_BENCHMARK/Dataset/01_training_dataset_tif_ROIs/training_set_primary_roi_007.tif,352.943396,813.060198,4,melanophage,gt
training_set_primary_roi_007:240,TRAIN,,,,training_set_primary_roi_007,/content/drive/MyDrive/Research/PUMA/Exploration_8_Diversity_Aware_Wider_Field_and_Boundary_Optimization/INPUTS/QUICK_BENCHMARK/Dataset/01_training_dataset_tif_ROIs/training_set_primary_roi_007.tif,339.30738,829.094079,4,melanophage,gt
training_set_primary_roi_007:295,TRAIN,,,,training_set_primary_roi_007,/content/drive/MyDrive/Research/PUMA/Exploration_8_Diversity_Aware_Wider_Field_and_Boundary_Optimization/INPUTS/QUICK_BENCHMARK/Dataset/01_training_dataset_tif_ROIs/training_set_primary_roi_007.tif,625.430214,987.622225,4,melanophage,gt
training_set_primary_roi_007:296,TRAIN,,,,training_set_primary_roi_007,/content/drive/MyDrive/Research/PUMA/Exploration_8_Diversity_Aware_Wider_Field_and_Boundary_Optimization/INPUTS/QUICK_BENCHMARK/Dataset/01_training_dataset_tif_ROIs/training_set_primary_roi_007.tif,659.897416,964.265541,4,melanophage,gt
training_set_primary_roi_007:297,TRAIN,,,,training_set_primary_roi_007,/content/drive/MyDrive/Research/PUMA/Exploration_8_Diversity_Aware_Wider_Field_and_Boundary_Optimization/INPUTS/QUICK_BENCHMARK/Dataset/01_training_dataset_tif_ROIs/training_set_primary_roi_007.tif,336.930808,664.794672,4,melanophage,gt
training_set_primary_roi_007:298,TRAIN,,,,training_set_primary_roi_007,/content/drive/MyDrive/Research/PUMA/Exploration_8_Diversity_Aware_Wider_Field_and_Boundary_Optimization/INPUTS/QUICK_BENCHMARK/Dataset/01_training_dataset_tif_ROIs/training_set_primary_roi_007.tif,848.981308,599.306631,4,melanophage,gt
training_set_primary_roi_025:101,TRAIN,,,,training_set_primary_roi_025,/content/drive/MyDrive/Research/PUMA/Exploration_8_Diversity_Aware_Wider_Field_and_Boundary_Optimization/INPUTS/QUICK_BENCHMARK/Dataset/01_training_dataset_tif_ROIs/training_set_primary_roi_025.tif,526.489129,459.44548,6,stroma,gt
training_set_primary_roi_025:105,TRAIN,,,,training_set_primary_roi_025,/content/drive/MyDrive/Research/PUMA/Exploration_8_Diversity_Aware_Wider_Field_and_Boundary_Optimization/INPUTS/QUICK_BENCHMARK/Dataset/01_training_dataset_tif_ROIs/training_set_primary_roi_025.tif,560.298143,457.80189,6,stroma,gt
training_set_primary_roi_025:117,TRAIN,,,,training_set_primary_roi_025,/content/drive/MyDrive/Research/PUMA/Exploration_8_Diversity_Aware_Wider_Field_and_Boundary_Optimization/INPUTS/QUICK_BENCHMARK/Dataset/01_training_dataset_tif_ROIs/training_set_primary_roi_025.tif,116.958417,517.40652,6,stroma,gt
training_set_primary_roi_025:118,TRAIN,,,,training_set_primary_roi_025,/content/drive/MyDrive/Research/PUMA/Exploration_8_Diversity_Aware_Wider_Field_and_Boundary_Optimization/INPUTS/QUICK_BENCHMARK/Dataset/01_training_dataset_tif_ROIs/training_set_primary_roi_025.tif,790.685714,507.705952,9,apoptosis,gt
training_set_primary_roi_025:147,TRAIN,,,,training_set_primary_roi_025,/content/drive/MyDrive/Research/PUMA/Exploration_8_Diversity_Aware_Wider_Field_and_Boundary_Optimization/INPUTS/QUICK_BENCHMARK/Dataset/01_training_dataset_tif_ROIs/training_set_primary_roi_025.tif,139.221717,613.29815,6,stroma,gt
training_set_primary_roi_025:151,TRAIN,,,,training_set_primary_roi_025,/content/drive/MyDrive/Research/PUMA/Exploration_8_Diversity_Aware_Wider_Field_and_Boundary_Optimization/INPUTS/QUICK_BENCHMARK/Dataset/01_training_dataset_tif_ROIs/training_set_primary_roi_025.tif,674.527778,618.687037,9,apoptosis,gt
training_set_primary_roi_025:161,TRAIN,,,,training_set_primary_roi_025,/content/drive/MyDrive/Research/PUMA/Exploration_8_Diversity_Aware_Wider_Field_and_Boundary_Optimization/INPUTS/QUICK_BENCHMARK/Dataset/01_training_dataset_tif_ROIs/training_set_primary_roi_025.tif,678.477749,660.544071,9,apoptosis,gt
training_set_primary_roi_025:192,TRAIN,,,,training_set_primary_roi_025,/content/drive/MyDrive/Research/PUMA/Exploration_8_Diversity_Aware_Wider_Field_and_Boundary_Optimization/INPUTS/QUICK_BENCHMARK/Dataset/01_training_dataset_tif_ROIs/training_set_primary_roi_025.tif,359.909976,768.542579,6,stroma,gt
training_set_primary_roi_025:197,TRAIN,,,,training_set_primary_roi_025,/content/drive/MyDrive/Research/PUMA/Exploration_8_Diversity_Aware_Wider_Field_and_Boundary_Optimization/INPUTS/QUICK_BENCHMARK/Dataset/01_training_dataset_tif_ROIs/training_set_primary_roi_025.tif,5.401408,793.943662,6,stroma,gt
training_set_primary_roi_025:204,TRAIN,,,,training_set_primary_roi_025,/content/drive/MyDrive/Research/PUMA/Exploration_8_Diversity_Aware_Wider_Field_and_Boundary_Optimization/INPUTS/QUICK_BENCHMARK/Dataset/01_training_dataset_tif_ROIs/training_set_primary_roi_025.tif,269.643202,817.545894,9,apoptosis,gt
training_set_primary_roi_025:208,TRAIN,,,,training_set_primary_roi_025,/content/drive/MyDrive/Research/PUMA/Exploration_8_Diversity_Aware_Wider_Field_and_Boundary_Optimization/INPUTS/QUICK_BENCHMARK/Dataset/01_training_dataset_tif_ROIs/training_set_primary_roi_025.tif,420.71394,839.394574,6,stroma,gt
training_set_primary_roi_025:21,TRAIN,,,,training_set_primary_roi_025,/content/drive/MyDrive/Research/PUMA/Exploration_8_Diversity_Aware_Wider_Field_and_Boundary_Optimization/INPUTS/QUICK_BENCHMARK/Dataset/01_training_dataset_tif_ROIs/training_set_primary_roi_025.tif,836.975138,82.244015,9,apoptosis,gt
training_set_primary_roi_025:210,TRAIN,,,,training_set_primary_roi_025,/content/drive/MyDrive/Research/PUMA/Exploration_8_Diversity_Aware_Wider_Field_and_Boundary_Optimization/INPUTS/QUICK_BENCHMARK/Dataset/01_training_dataset_tif_ROIs/training_set_primary_roi_025.tif,566.474317,842.33224,9,apoptosis,gt
training_set_primary_roi_025:213,TRAIN,,,,training_set_primary_roi_025,/content/drive/MyDrive/Research/PUMA/Exploration_8_Diversity_Aware_Wider_Field_and_Boundary_Optimization/INPUTS/QUICK_BENCHMARK/Dataset/01_training_dataset_tif_ROIs/training_set_primary_roi_025.tif,182.771382,846.98739,9,apoptosis,gt
training_set_primary_roi_025:215,TRAIN,,,,training_set_primary_roi_025,/content/drive/MyDrive/Research/PUMA/Exploration_8_Diversity_Aware_Wider_Field_and_Boundary_Optimization/INPUTS/QUICK_BENCHMARK/Dataset/01_training_dataset_tif_ROIs/training_set_primary_roi_025.tif,506.738496,846.571268,9,apoptosis,gt
training_set_primary_roi_025:219,TRAIN,,,,training_set_primary_roi_025,/content/drive/MyDrive/Research/PUMA/Exploration_8_Diversity_Aware_Wider_Field_and_Boundary_Optimization/INPUTS/QUICK_BENCHMARK/Dataset/01_training_dataset_tif_ROIs/training_set_primary_roi_025.tif,158.606242,854.430943,9,apoptosis,gt
training_set_primary_roi_025:227,TRAIN,,,,training_set_primary_roi_025,/content/drive/MyDrive/Research/PUMA/Exploration_8_Diversity_Aware_Wider_Field_and_Boundary_Optimization/INPUTS/QUICK_BENCHMARK/Dataset/01_training_dataset_tif_ROIs/training_set_primary_roi_025.tif,161.756659,891.230831,6,stroma,gt
training_set_primary_roi_025:259,TRAIN,,,,training_set_primary_roi_025,/content/drive/MyDrive/Research/PUMA/Exploration_8_Diversity_Aware_Wider_Field_and_Boundary_Optimization/INPUTS/QUICK_BENCHMARK/Dataset/01_training_dataset_tif_ROIs/training_set_primary_roi_025.tif,2.947257,987.974684,9,apoptosis,gt
training_set_primary_roi_025:260,TRAIN,,,,training_set_primary_roi_025,/content/drive/MyDrive/Research/PUMA/Exploration_8_Diversity_Aware_Wider_Field_and_Boundary_Optimization/INPUTS/QUICK_BENCHMARK/Dataset/01_training_dataset_tif_ROIs/training_set_primary_roi_025.tif,252.029937,997.545769,9,apoptosis,gt
training_set_primary_roi_025:265,TRAIN,,,,training_set_primary_roi_025,/content/drive/MyDrive/Research/PUMA/Exploration_8_Diversity_Aware_Wider_Field_and_Boundary_Optimization/INPUTS/QUICK_BENCHMARK/Dataset/01_training_dataset_tif_ROIs/training_set_primary_roi_025.tif,303.648823,1005.515566,9,apoptosis,gt
training_set_primary_roi_025:267,TRAIN,,,,training_set_primary_roi_025,/content/drive/MyDrive/Research/PUMA/Exploration_8_Diversity_Aware_Wider_Field_and_Boundary_Optimization/INPUTS/QUICK_BENCHMARK/Dataset/01_training_dataset_tif_ROIs/training_set_primary_roi_025.tif,4.201878,1007.636933,9,apoptosis,gt
training_set_primary_roi_025:27,TRAIN,,,,training_set_primary_roi_025,/content/drive/MyDrive/Research/PUMA/Exploration_8_Diversity_Aware_Wider_Field_and_Boundary_Optimization/INPUTS/QUICK_BENCHMARK/Dataset/01_training_dataset_tif_ROIs/training_set_primary_roi_025.tif,821.772586,119.715472,9,apoptosis,gt
training_set_primary_roi_025:278,TRAIN,,,,training_set_primary_roi_025,/content/drive/MyDrive/Research/PUMA/Exploration_8_Diversity_Aware_Wider_Field_and_Boundary_Optimization/INPUTS/QUICK_BENCHMARK/Dataset/01_training_dataset_tif_ROIs/training_set_primary_roi_025.tif,11.871974,909.974337,2,plasma_cell,gt
training_set_primary_roi_025:284,TRAIN,,,,training_set_primary_roi_025,/content/drive/MyDrive/Research/PUMA/Exploration_8_Diversity_Aware_Wider_Field_and_Boundary_Optimization/INPUTS/QUICK_BENCHMARK/Dataset/01_training_dataset_tif_ROIs/training_set_primary_roi_025.tif,147.790441,740.316176,9,apoptosis,gt
training_set_primary_roi_025:33,TRAIN,,,,training_set_primary_roi_025,/content/drive/MyDrive/Research/PUMA/Exploration_8_Diversity_Aware_Wider_Field_and_Boundary_Optimization/INPUTS/QUICK_BENCHMARK/Dataset/01_training_dataset_tif_ROIs/training_set_primary_roi_025.tif,842.091748,156.624864,9,apoptosis,gt
training_set_primary_roi_025:62,TRAIN,,,,training_set_primary_roi_025,/content/drive/MyDrive/Research/PUMA/Exploration_8_Diversity_Aware_Wider_Field_and_Boundary_Optimization/INPUTS/QUICK_BENCHMARK/Dataset/01_training_dataset_tif_ROIs/training_set_primary_roi_025.tif,297.54,265.306667,9,apoptosis,gt
training_set_primary_roi_025:65,TRAIN,,,,training_set_primary_roi_025,/content/drive/MyDrive/Research/PUMA/Exploration_8_Diversity_Aware_Wider_Field_and_Boundary_Optimization/INPUTS/QUICK_BENCHMARK/Dataset/01_training_dataset_tif_ROIs/training_set_primary_roi_025.tif,664.780455,279.661312,9,apoptosis,gt
training_set_primary_roi_025:79,TRAIN,,,,training_set_primary_roi_025,/content/drive/MyDrive/Research/PUMA/Exploration_8_Diversity_Aware_Wider_Field_and_Boundary_Optimization/INPUTS/QUICK_BENCHMARK/Dataset/01_training_dataset_tif_ROIs/training_set_primary_roi_025.tif,688.256152,331.085011,9,apoptosis,gt
training_set_primary_roi_025:92,TRAIN,,,,training_set_primary_roi_025,/content/drive/MyDrive/Research/PUMA/Exploration_8_Diversity_Aware_Wider_Field_and_Boundary_Optimization/INPUTS/QUICK_BENCHMARK/Dataset/01_training_dataset_tif_ROIs/training_set_primary_roi_025.tif,833.548079,406.666924,6,stroma,gt
training_set_primary_roi_025:93,TRAIN,,,,training_set_primary_roi_025,/content/drive/MyDrive/Research/PUMA/Exploration_8_Diversity_Aware_Wider_Field_and_Boundary_Optimization/INPUTS/QUICK_BENCHMARK/Dataset/01_training_dataset_tif_ROIs/training_set_primary_roi_025.tif,570.289492,419.458072,6,stroma,gt
training_set_primary_roi_026:114,TRAIN,,,,training_set_primary_roi_026,/content/drive/MyDrive/Research/PUMA/Exploration_8_Diversity_Aware_Wider_Field_and_Boundary_Optimization/INPUTS/QUICK_BENCHMARK/Dataset/01_training_dataset_tif_ROIs/training_set_primary_roi_026.tif,438.131481,402.124383,4,melanophage,gt
training_set_primary_roi_026:120,TRAIN,,,,training_set_primary_roi_026,/content/drive/MyDrive/Research/PUMA/Exploration_8_Diversity_Aware_Wider_Field_and_Boundary_Optimization/INPUTS/QUICK_BENCHMARK/Dataset/01_training_dataset_tif_ROIs/training_set_primary_roi_026.tif,464.502973,419.581847,4,melanophage,gt
training_set_primary_roi_026:131,TRAIN,,,,training_set_primary_roi_026,/content/drive/MyDrive/Research/PUMA/Exploration_8_Diversity_Aware_Wider_Field_and_Boundary_Optimization/INPUTS/QUICK_BENCHMARK/Dataset/01_training_dataset_tif_ROIs/training_set_primary_roi_026.tif,303.445592,474.636364,4,melanophage,gt
training_set_primary_roi_026:132,TRAIN,,,,training_set_primary_roi_026,/content/drive/MyDrive/Research/PUMA/Exploration_8_Diversity_Aware_Wider_Field_and_Boundary_Optimization/INPUTS/QUICK_BENCHMARK/Dataset/01_training_dataset_tif_ROIs/training_set_primary_roi_026.tif,6.116133,474.927809,3,histiocyte,gt
training_set_primary_roi_026:137,TRAIN,,,,training_set_primary_roi_026,/content/drive/MyDrive/Research/PUMA/Exploration_8_Diversity_Aware_Wider_Field_and_Boundary_Optimization/INPUTS/QUICK_BENCHMARK/Dataset/01_training_dataset_tif_ROIs/training_set_primary_roi_026.tif,380.916091,512.985522,4,melanophage,gt
training_set_primary_roi_026:138,TRAIN,,,,training_set_primary_roi_026,/content/drive/MyDrive/Research/PUMA/Exploration_8_Diversity_Aware_Wider_Field_and_Boundary_Optimization/INPUTS/QUICK_BENCHMARK/Dataset/01_training_dataset_tif_ROIs/training_set_primary_roi_026.tif,418.711871,515.866226,4,melanophage,gt
training_set_primary_roi_026:140,TRAIN,,,,training_set_primary_roi_026,/content/drive/MyDrive/Research/PUMA/Exploration_8_Diversity_Aware_Wider_Field_and_Boundary_Optimization/INPUTS/QUICK_BENCHMARK/Dataset/01_training_dataset_tif_ROIs/training_set_primary_roi_026.tif,122.706892,536.599859,3,histiocyte,gt
training_set_primary_roi_026:142,TRAIN,,,,training_set_primary_roi_026,/content/drive/MyDrive/Research/PUMA/Exploration_8_Diversity_Aware_Wider_Field_and_Boundary_Optimization/INPUTS/QUICK_BENCHMARK/Dataset/01_training_dataset_tif_ROIs/training_set_primary_roi_026.tif,468.209035,548.598503,3,histiocyte,gt
training_set_primary_roi_026:146,TRAIN,,,,training_set_primary_roi_026,/content/drive/MyDrive/Research/PUMA/Exploration_8_Diversity_Aware_Wider_Field_and_Boundary_Optimization/INPUTS/QUICK_BENCHMARK/Dataset/01_training_dataset_tif_ROIs/training_set_primary_roi_026.tif,556.408597,578.608493,3,histiocyte,gt
training_set_primary_roi_026:149,TRAIN,,,,training_set_primary_roi_026,/content/drive/MyDrive/Research/PUMA/Exploration_8_Diversity_Aware_Wider_Field_and_Boundary_Optimization/INPUTS/QUICK_BENCHMARK/Dataset/01_training_dataset_tif_ROIs/training_set_primary_roi_026.tif,42.270988,591.25376,3,histiocyte,gt
training_set_primary_roi_026:173,TRAIN,,,,training_set_primary_roi_026,/content/drive/MyDrive/Research/PUMA/Exploration_8_Diversity_Aware_Wider_Field_and_Boundary_Optimization/INPUTS/QUICK_BENCHMARK/Dataset/01_training_dataset_tif_ROIs/training_set_primary_roi_026.tif,259.226042,717.598893,3,histiocyte,gt
training_set_primary_roi_026:178,TRAIN,,,,training_set_primary_roi_026,/content/drive/MyDrive/Research/PUMA/Exploration_8_Diversity_Aware_Wider_Field_and_Boundary_Optimization/INPUTS/QUICK_BENCHMARK/Dataset/01_training_dataset_tif_ROIs/training_set_primary_roi_026.tif,123.574168,725.792425,3,histiocyte,gt
training_set_primary_roi_026:203,TRAIN,,,,training_set_primary_roi_026,/content/drive/MyDrive/Research/PUMA/Exploration_8_Diversity_Aware_Wider_Field_and_Boundary_Optimization/INPUTS/QUICK_BENCHMARK/Dataset/01_training_dataset_tif_ROIs/training_set_primary_roi_026.tif,257.870303,834.736364,3,histiocyte,gt
training_set_primary_roi_026:213,TRAIN,,,,training_set_primary_roi_026,/content/drive/MyDrive/Research/PUMA/Exploration_8_Diversity_Aware_Wider_Field_and_Boundary_Optimization/INPUTS/QUICK_BENCHMARK/Dataset/01_training_dataset_tif_ROIs/training_set_primary_roi_026.tif,58.463304,891.381372,3,histiocyte,gt
training_set_primary_roi_026:215,TRAIN,,,,training_set_primary_roi_026,/content/drive/MyDrive/Research/PUMA/Exploration_8_Diversity_Aware_Wider_Field_and_Boundary_Optimization/INPUTS/QUICK_BENCHMARK/Dataset/01_training_dataset_tif_ROIs/training_set_primary_roi_026.tif,362.006636,895.787136,3,histiocyte,gt
training_set_primary_roi_026:218,TRAIN,,,,training_set_primary_roi_026,/content/drive/MyDrive/Research/PUMA/Exploration_8_Diversity_Aware_Wider_Field_and_Boundary_Optimization/INPUTS/QUICK_BENCHMARK/Dataset/01_training_dataset_tif_ROIs/training_set_primary_roi_026.tif,797.313258,916.638871,4,melanophage,gt
training_set_primary_roi_026:226,TRAIN,,,,training_set_primary_roi_026,/content/drive/MyDrive/Research/PUMA/Exploration_8_Diversity_Aware_Wider_Field_and_Boundary_Optimization/INPUTS/QUICK_BENCHMARK/Dataset/01_training_dataset_tif_ROIs/training_set_primary_roi_026.tif,789.340082,956.32396,3,histiocyte,gt
training_set_primary_roi_026:228,TRAIN,,,,training_set_primary_roi_026,/content/drive/MyDrive/Research/PUMA/Exploration_8_Diversity_Aware_Wider_Field_and_Boundary_Optimization/INPUTS/QUICK_BENCHMARK/Dataset/01_training_dataset_tif_ROIs/training_set_primary_roi_026.tif,161.507687,962.771838,3,histiocyte,gt
training_set_primary_roi_026:234,TRAIN,,,,training_set_primary_roi_026,/content/drive/MyDrive/Research/PUMA/Exploration_8_Diversity_Aware_Wider_Field_and_Boundary_Optimization/INPUTS/QUICK_BENCHMARK/Dataset/01_training_dataset_tif_ROIs/training_set_primary_roi_026.tif,5.967172,988.487374,3,histiocyte,gt
training_set_primary_roi_026:249,TRAIN,,,,training_set_primary_roi_026,/content/drive/MyDrive/Research/PUMA/Exploration_8_Diversity_Aware_Wider_Field_and_Boundary_Optimization/INPUTS/QUICK_BENCHMARK/Dataset/01_training_dataset_tif_ROIs/training_set_primary_roi_026.tif,742.085145,1020.849638,3,histiocyte,gt
training_set_primary_roi_026:251,TRAIN,,,,training_set_primary_roi_026,/content/drive/MyDrive/Research/PUMA/Exploration_8_Diversity_Aware_Wider_Field_and_Boundary_Optimization/INPUTS/QUICK_BENCHMARK/Dataset/01_training_dataset_tif_ROIs/training_set_primary_roi_026.tif,259.336937,356.075075,4,melanophage,gt
training_set_primary_roi_026:252,TRAIN,,,,training_set_primary_roi_026,/content/drive/MyDrive/Research/PUMA/Exploration_8_Diversity_Aware_Wider_Field_and_Boundary_Optimization/INPUTS/QUICK_BENCHMARK/Dataset/01_training_dataset_tif_ROIs/training_set_primary_roi_026.tif,386.599988,361.11379,4,melanophage,gt
training_set_primary_roi_026:253,TRAIN,,,,training_set_primary_roi_026,/content/drive/MyDrive/Research/PUMA/Exploration_8_Diversity_Aware_Wider_Field_and_Boundary_Optimization/INPUTS/QUICK_BENCHMARK/Dataset/01_training_dataset_tif_ROIs/training_set_primary_roi_026.tif,624.902988,237.397449,4,melanophage,gt
training_set_primary_roi_026:254,TRAIN,,,,training_set_primary_roi_026,/content/drive/MyDrive/Research/PUMA/Exploration_8_Diversity_Aware_Wider_Field_and_Boundary_Optimization/INPUTS/QUICK_BENCHMARK/Dataset/01_training_dataset_tif_ROIs/training_set_primary_roi_026.tif,296.121264,788.333105,4,melanophage,gt
training_set_primary_roi_026:255,TRAIN,,,,training_set_primary_roi_026,/content/drive/MyDrive/Research/PUMA/Exploration_8_Diversity_Aware_Wider_Field_and_Boundary_Optimization/INPUTS/QUICK_BENCHMARK/Dataset/01_training_dataset_tif_ROIs/training_set_primary_roi_026.tif,20.036827,35.287998,4,melanophage,gt
training_set_primary_roi_026:34,TRAIN,,,,training_set_primary_roi_026,/content/drive/MyDrive/Research/PUMA/Exploration_8_Diversity_Aware_Wider_Field_and_Boundary_Optimization/INPUTS/QUICK_BENCHMARK/Dataset/01_training_dataset_tif_ROIs/training_set_primary_roi_026.tif,780.487984,109.621273,3,histiocyte,gt
training_set_primary_roi_026:55,TRAIN,,,,training_set_primary_roi_026,/content/drive/MyDrive/Research/PUMA/Exploration_8_Diversity_Aware_Wider_Field_and_Boundary_Optimization/INPUTS/QUICK_BENCHMARK/Dataset/01_training_dataset_tif_ROIs/training_set_primary_roi_026.tif,387.847755,179.905075,4,melanophage,gt
training_set_primary_roi_026:68,TRAIN,,,,training_set_primary_roi_026,/content/drive/MyDrive/Research/PUMA/Exploration_8_Diversity_Aware_Wider_Field_and_Boundary_Optimization/INPUTS/QUICK_BENCHMARK/Dataset/01_training_dataset_tif_ROIs/training_set_primary_roi_026.tif,209.37933,249.746735,3,histiocyte,gt
training_set_primary_roi_026:71,TRAIN,,,,training_set_primary_roi_026,/content/drive/MyDrive/Research/PUMA/Exploration_8_Diversity_Aware_Wider_Field_and_Boundary_Optimization/INPUTS/QUICK_BENCHMARK/Dataset/01_training_dataset_tif_ROIs/training_set_primary_roi_026.tif,321.567291,249.138592,3,histiocyte,gt
training_set_primary_roi_026:77,TRAIN,,,,training_set_primary_roi_026,/content/drive/MyDrive/Research/PUMA/Exploration_8_Diversity_Aware_Wider_Field_and_Boundary_Optimization/INPUTS/QUICK_BENCHMARK/Dataset/01_training_dataset_tif_ROIs/training_set_primary_roi_026.tif,71.5949,269.405829,3,histiocyte,gt
training_set_primary_roi_026:80,TRAIN,,,,training_set_primary_roi_026,/content/drive/MyDrive/Research/PUMA/Exploration_8_Diversity_Aware_Wider_Field_and_Boundary_Optimization/INPUTS/QUICK_BENCHMARK/Dataset/01_training_dataset_tif_ROIs/training_set_primary_roi_026.tif,323.441686,287.165244,3,histiocyte,gt
training_set_primary_roi_026:86,TRAIN,,,,training_set_primary_roi_026,/content/drive/MyDrive/Research/PUMA/Exploration_8_Diversity_Aware_Wider_Field_and_Boundary_Optimization/INPUTS/QUICK_BENCHMARK/Dataset/01_training_dataset_tif_ROIs/training_set_primary_roi_026.tif,211.456186,290.67354,3,histiocyte,gt
training_set_primary_roi_026:9,TRAIN,,,,training_set_primary_roi_026,/content/drive/MyDrive/Research/PUMA/Exploration_8_Diversity_Aware_Wider_Field_and_Boundary_Optimization/INPUTS/QUICK_BENCHMARK/Dataset/01_training_dataset_tif_ROIs/training_set_primary_roi_026.tif,782.574097,34.050228,4,melanophage,gt
training_set_primary_roi_026:99,TRAIN,,,,training_set_primary_roi_026,/content/drive/MyDrive/Research/PUMA/Exploration_8_Diversity_Aware_Wider_Field_and_Boundary_Optimization/INPUTS/QUICK_BENCHMARK/Dataset/01_training_dataset_tif_ROIs/training_set_primary_roi_026.tif,423.479764,347.795953,4,melanophage,gt
training_set_primary_roi_059:463,TRAIN,,,,training_set_primary_roi_059,/content/drive/MyDrive/Research/PUMA/Exploration_8_Diversity_Aware_Wider_Field_and_Boundary_Optimization/INPUTS/QUICK_BENCHMARK/Dataset/01_training_dataset_tif_ROIs/training_set_primary_roi_059.tif,142.732962,470.555865,2,plasma_cell,gt
training_set_primary_roi_090:0,TRAIN,,,,training_set_primary_roi_090,/content/drive/MyDrive/Research/PUMA/Exploration_8_Diversity_Aware_Wider_Field_and_Boundary_Optimization/INPUTS/QUICK_BENCHMARK/Dataset/01_training_dataset_tif_ROIs/training_set_primary_roi_090.tif,51.897203,161.191736,7,epithelium,gt
training_set_primary_roi_090:103,TRAIN,,,,training_set_primary_roi_090,/content/drive/MyDrive/Research/PUMA/Exploration_8_Diversity_Aware_Wider_Field_and_Boundary_Optimization/INPUTS/QUICK_BENCHMARK/Dataset/01_training_dataset_tif_ROIs/training_set_primary_roi_090.tif,912.6862,840.911677,8,endothelium,gt
training_set_primary_roi_090:106,TRAIN,,,,training_set_primary_roi_090,/content/drive/MyDrive/Research/PUMA/Exploration_8_Diversity_Aware_Wider_Field_and_Boundary_Optimization/INPUTS/QUICK_BENCHMARK/Dataset/01_training_dataset_tif_ROIs/training_set_primary_roi_090.tif,39.230912,908.625698,8,endothelium,gt
training_set_primary_roi_090:115,TRAIN,,,,training_set_primary_roi_090,/content/drive/MyDrive/Research/PUMA/Exploration_8_Diversity_Aware_Wider_Field_and_Boundary_Optimization/INPUTS/QUICK_BENCHMARK/Dataset/01_training_dataset_tif_ROIs/training_set_primary_roi_090.tif,724.448498,915.398426,8,endothelium,gt
training_set_primary_roi_090:14,TRAIN,,,,training_set_primary_roi_090,/content/drive/MyDrive/Research/PUMA/Exploration_8_Diversity_Aware_Wider_Field_and_Boundary_Optimization/INPUTS/QUICK_BENCHMARK/Dataset/01_training_dataset_tif_ROIs/training_set_primary_roi_090.tif,116.880623,14.845156,7,epithelium,gt
training_set_primary_roi_090:142,TRAIN,,,,training_set_primary_roi_090,/content/drive/MyDrive/Research/PUMA/Exploration_8_Diversity_Aware_Wider_Field_and_Boundary_Optimization/INPUTS/QUICK_BENCHMARK/Dataset/01_training_dataset_tif_ROIs/training_set_primary_roi_090.tif,71.215289,24.256886,7,epithelium,gt
training_set_primary_roi_090:154,TRAIN,,,,training_set_primary_roi_090,/content/drive/MyDrive/Research/PUMA/Exploration_8_Diversity_Aware_Wider_Field_and_Boundary_Optimization/INPUTS/QUICK_BENCHMARK/Dataset/01_training_dataset_tif_ROIs/training_set_primary_roi_090.tif,542.715234,962.253997,8,endothelium,gt
training_set_primary_roi_090:161,TRAIN,,,,training_set_primary_roi_090,/content/drive/MyDrive/Research/PUMA/Exploration_8_Diversity_Aware_Wider_Field_and_Boundary_Optimization/INPUTS/QUICK_BENCHMARK/Dataset/01_training_dataset_tif_ROIs/training_set_primary_roi_090.tif,31.73,488.594,7,epithelium,gt
training_set_primary_roi_090:173,TRAIN,,,,training_set_primary_roi_090,/content/drive/MyDrive/Research/PUMA/Exploration_8_Diversity_Aware_Wider_Field_and_Boundary_Optimization/INPUTS/QUICK_BENCHMARK/Dataset/01_training_dataset_tif_ROIs/training_set_primary_roi_090.tif,348.621005,699.116614,8,endothelium,gt
training_set_primary_roi_090:18,TRAIN,,,,training_set_primary_roi_090,/content/drive/MyDrive/Research/PUMA/Exploration_8_Diversity_Aware_Wider_Field_and_Boundary_Optimization/INPUTS/QUICK_BENCHMARK/Dataset/01_training_dataset_tif_ROIs/training_set_primary_roi_090.tif,838.8582,860.0709,8,endothelium,gt
training_set_primary_roi_090:212,TRAIN,,,,training_set_primary_roi_090,/content/drive/MyDrive/Research/PUMA/Exploration_8_Diversity_Aware_Wider_Field_and_Boundary_Optimization/INPUTS/QUICK_BENCHMARK/Dataset/01_training_dataset_tif_ROIs/training_set_primary_roi_090.tif,121.030943,941.73761,8,endothelium,gt
training_set_primary_roi_090:217,TRAIN,,,,training_set_primary_roi_090,/content/drive/MyDrive/Research/PUMA/Exploration_8_Diversity_Aware_Wider_Field_and_Boundary_Optimization/INPUTS/QUICK_BENCHMARK/Dataset/01_training_dataset_tif_ROIs/training_set_primary_roi_090.tif,78.802154,72.664399,7,epithelium,gt
training_set_primary_roi_090:220,TRAIN,,,,training_set_primary_roi_090,/content/drive/MyDrive/Research/PUMA/Exploration_8_Diversity_Aware_Wider_Field_and_Boundary_Optimization/INPUTS/QUICK_BENCHMARK/Dataset/01_training_dataset_tif_ROIs/training_set_primary_roi_090.tif,631.759169,944.767319,8,endothelium,gt
training_set_primary_roi_090:229,TRAIN,,,,training_set_primary_roi_090,/content/drive/MyDrive/Research/PUMA/Exploration_8_Diversity_Aware_Wider_Field_and_Boundary_Optimization/INPUTS/QUICK_BENCHMARK/Dataset/01_training_dataset_tif_ROIs/training_set_primary_roi_090.tif,392.043833,763.424057,8,endothelium,gt
training_set_primary_roi_090:230,TRAIN,,,,training_set_primary_roi_090,/content/drive/MyDrive/Research/PUMA/Exploration_8_Diversity_Aware_Wider_Field_and_Boundary_Optimization/INPUTS/QUICK_BENCHMARK/Dataset/01_training_dataset_tif_ROIs/training_set_primary_roi_090.tif,915.43536,987.97624,8,endothelium,gt
training_set_primary_roi_090:232,TRAIN,,,,training_set_primary_roi_090,/content/drive/MyDrive/Research/PUMA/Exploration_8_Diversity_Aware_Wider_Field_and_Boundary_Optimization/INPUTS/QUICK_BENCHMARK/Dataset/01_training_dataset_tif_ROIs/training_set_primary_roi_090.tif,962.766051,887.098505,8,endothelium,gt
training_set_primary_roi_090:285,TRAIN,,,,training_set_primary_roi_090,/content/drive/MyDrive/Research/PUMA/Exploration_8_Diversity_Aware_Wider_Field_and_Boundary_Optimization/INPUTS/QUICK_BENCHMARK/Dataset/01_training_dataset_tif_ROIs/training_set_primary_roi_090.tif,4.192804,699.690428,7,epithelium,gt
training_set_primary_roi_090:292,TRAIN,,,,training_set_primary_roi_090,/content/drive/MyDrive/Research/PUMA/Exploration_8_Diversity_Aware_Wider_Field_and_Boundary_Optimization/INPUTS/QUICK_BENCHMARK/Dataset/01_training_dataset_tif_ROIs/training_set_primary_roi_090.tif,576.437387,977.855414,8,endothelium,gt
training_set_primary_roi_090:3,TRAIN,,,,training_set_primary_roi_090,/content/drive/MyDrive/Research/PUMA/Exploration_8_Diversity_Aware_Wider_Field_and_Boundary_Optimization/INPUTS/QUICK_BENCHMARK/Dataset/01_training_dataset_tif_ROIs/training_set_primary_roi_090.tif,23.827523,124.831193,7,epithelium,gt
training_set_primary_roi_090:323,TRAIN,,,,training_set_primary_roi_090,/content/drive/MyDrive/Research/PUMA/Exploration_8_Diversity_Aware_Wider_Field_and_Boundary_Optimization/INPUTS/QUICK_BENCHMARK/Dataset/01_training_dataset_tif_ROIs/training_set_primary_roi_090.tif,12.672212,564.032964,7,epithelium,gt
training_set_primary_roi_090:33,TRAIN,,,,training_set_primary_roi_090,/content/drive/MyDrive/Research/PUMA/Exploration_8_Diversity_Aware_Wider_Field_and_Boundary_Optimization/INPUTS/QUICK_BENCHMARK/Dataset/01_training_dataset_tif_ROIs/training_set_primary_roi_090.tif,27.871719,217.049869,7,epithelium,gt
training_set_primary_roi_090:332,TRAIN,,,,training_set_primary_roi_090,/content/drive/MyDrive/Research/PUMA/Exploration_8_Diversity_Aware_Wider_Field_and_Boundary_Optimization/INPUTS/QUICK_BENCHMARK/Dataset/01_training_dataset_tif_ROIs/training_set_primary_roi_090.tif,18.708906,440.620356,7,epithelium,gt
training_set_primary_roi_090:334,TRAIN,,,,training_set_primary_roi_090,/content/drive/MyDrive/Research/PUMA/Exploration_8_Diversity_Aware_Wider_Field_and_Boundary_Optimization/INPUTS/QUICK_BENCHMARK/Dataset/01_training_dataset_tif_ROIs/training_set_primary_roi_090.tif,7.016981,645.492453,7,epithelium,gt
training_set_primary_roi_090:34,TRAIN,,,,training_set_primary_roi_090,/content/drive/MyDrive/Research/PUMA/Exploration_8_Diversity_Aware_Wider_Field_and_Boundary_Optimization/INPUTS/QUICK_BENCHMARK/Dataset/01_training_dataset_tif_ROIs/training_set_primary_roi_090.tif,873.194543,983.653618,8,endothelium,gt
training_set_primary_roi_090:356,TRAIN,,,,training_set_primary_roi_090,/content/drive/MyDrive/Research/PUMA/Exploration_8_Diversity_Aware_Wider_Field_and_Boundary_Optimization/INPUTS/QUICK_BENCHMARK/Dataset/01_training_dataset_tif_ROIs/training_set_primary_roi_090.tif,122.192943,988.959459,8,endothelium,gt
training_set_primary_roi_090:362,TRAIN,,,,training_set_primary_roi_090,/content/drive/MyDrive/Research/PUMA/Exploration_8_Diversity_Aware_Wider_Field_and_Boundary_Optimization/INPUTS/QUICK_BENCHMARK/Dataset/01_training_dataset_tif_ROIs/training_set_primary_roi_090.tif,72.402402,514.463964,7,epithelium,gt
training_set_primary_roi_090:379,TRAIN,,,,training_set_primary_roi_090,/content/drive/MyDrive/Research/PUMA/Exploration_8_Diversity_Aware_Wider_Field_and_Boundary_Optimization/INPUTS/QUICK_BENCHMARK/Dataset/01_training_dataset_tif_ROIs/training_set_primary_roi_090.tif,653.971686,924.101673,8,endothelium,gt
training_set_primary_roi_090:380,TRAIN,,,,training_set_primary_roi_090,/content/drive/MyDrive/Research/PUMA/Exploration_8_Diversity_Aware_Wider_Field_and_Boundary_Optimization/INPUTS/QUICK_BENCHMARK/Dataset/01_training_dataset_tif_ROIs/training_set_primary_roi_090.tif,6.653333,615.304615,7,epithelium,gt
training_set_primary_roi_090:393,TRAIN,,,,training_set_primary_roi_090,/content/drive/MyDrive/Research/PUMA/Exploration_8_Diversity_Aware_Wider_Field_and_Boundary_Optimization/INPUTS/QUICK_BENCHMARK/Dataset/01_training_dataset_tif_ROIs/training_set_primary_roi_090.tif,743.905797,854.913043,8,endothelium,gt
training_set_primary_roi_090:4,TRAIN,,,,training_set_primary_roi_090,/content/drive/MyDrive/Research/PUMA/Exploration_8_Diversity_Aware_Wider_Field_and_Boundary_Optimization/INPUTS/QUICK_BENCHMARK/Dataset/01_training_dataset_tif_ROIs/training_set_primary_roi_090.tif,787.918868,886.466038,8,endothelium,gt
training_set_primary_roi_090:42,TRAIN,,,,training_set_primary_roi_090,/content/drive/MyDrive/Research/PUMA/Exploration_8_Diversity_Aware_Wider_Field_and_Boundary_Optimization/INPUTS/QUICK_BENCHMARK/Dataset/01_training_dataset_tif_ROIs/training_set_primary_roi_090.tif,631.35012,869.238609,8,endothelium,gt
training_set_primary_roi_090:430,TRAIN,,,,training_set_primary_roi_090,/content/drive/MyDrive/Research/PUMA/Exploration_8_Diversity_Aware_Wider_Field_and_Boundary_Optimization/INPUTS/QUICK_BENCHMARK/Dataset/01_training_dataset_tif_ROIs/training_set_primary_roi_090.tif,672.922886,913.318408,8,endothelium,gt
training_set_primary_roi_090:431,TRAIN,,,,training_set_primary_roi_090,/content/drive/MyDrive/Research/PUMA/Exploration_8_Diversity_Aware_Wider_Field_and_Boundary_Optimization/INPUTS/QUICK_BENCHMARK/Dataset/01_training_dataset_tif_ROIs/training_set_primary_roi_090.tif,625.665663,906.821793,8,endothelium,gt
training_set_primary_roi_090:50,TRAIN,,,,training_set_primary_roi_090,/content/drive/MyDrive/Research/PUMA/Exploration_8_Diversity_Aware_Wider_Field_and_Boundary_Optimization/INPUTS/QUICK_BENCHMARK/Dataset/01_training_dataset_tif_ROIs/training_set_primary_roi_090.tif,802.559018,968.762512,8,endothelium,gt
training_set_primary_roi_090:51,TRAIN,,,,training_set_primary_roi_090,/content/drive/MyDrive/Research/PUMA/Exploration_8_Diversity_Aware_Wider_Field_and_Boundary_Optimization/INPUTS/QUICK_BENCHMARK/Dataset/01_training_dataset_tif_ROIs/training_set_primary_roi_090.tif,112.278199,124.489478,7,epithelium,gt
training_set_primary_roi_090:54,TRAIN,,,,training_set_primary_roi_090,/content/drive/MyDrive/Research/PUMA/Exploration_8_Diversity_Aware_Wider_Field_and_Boundary_Optimization/INPUTS/QUICK_BENCHMARK/Dataset/01_training_dataset_tif_ROIs/training_set_primary_roi_090.tif,27.851304,590.070145,7,epithelium,gt
training_set_primary_roi_090:61,TRAIN,,,,training_set_primary_roi_090,/content/drive/MyDrive/Research/PUMA/Exploration_8_Diversity_Aware_Wider_Field_and_Boundary_Optimization/INPUTS/QUICK_BENCHMARK/Dataset/01_training_dataset_tif_ROIs/training_set_primary_roi_090.tif,50.411131,423.445841,7,epithelium,gt
training_set_primary_roi_090:7,TRAIN,,,,training_set_primary_roi_090,/content/drive/MyDrive/Research/PUMA/Exploration_8_Diversity_Aware_Wider_Field_and_Boundary_Optimization/INPUTS/QUICK_BENCHMARK/Dataset/01_training_dataset_tif_ROIs/training_set_primary_roi_090.tif,13.846953,359.202752,7,epithelium,gt
training_set_primary_roi_090:75,TRAIN,,,,training_set_primary_roi_090,/content/drive/MyDrive/Research/PUMA/Exploration_8_Diversity_Aware_Wider_Field_and_Boundary_Optimization/INPUTS/QUICK_BENCHMARK/Dataset/01_training_dataset_tif_ROIs/training_set_primary_roi_090.tif,44.241639,42.631229,7,epithelium,gt
training_set_primary_roi_090:83,TRAIN,,,,training_set_primary_roi_090,/content/drive/MyDrive/Research/PUMA/Exploration_8_Diversity_Aware_Wider_Field_and_Boundary_Optimization/INPUTS/QUICK_BENCHMARK/Dataset/01_training_dataset_tif_ROIs/training_set_primary_roi_090.tif,117.190682,869.752642,8,endothelium,gt
training_set_primary_roi_090:89,TRAIN,,,,training_set_primary_roi_090,/content/drive/MyDrive/Research/PUMA/Exploration_8_Diversity_Aware_Wider_Field_and_Boundary_Optimization/INPUTS/QUICK_BENCHMARK/Dataset/01_training_dataset_tif_ROIs/training_set_primary_roi_090.tif,92.552038,10.321823,7,epithelium,gt
training_set_primary_roi_100:140,TRAIN,,,,training_set_primary_roi_100,/content/drive/MyDrive/Research/PUMA/Exploration_8_Diversity_Aware_Wider_Field_and_Boundary_Optimization/INPUTS/QUICK_BENCHMARK/Dataset/01_training_dataset_tif_ROIs/training_set_primary_roi_100.tif,871.908631,390.236909,2,plasma_cell,gt
training_set_primary_roi_100:147,TRAIN,,,,training_set_primary_roi_100,/content/drive/MyDrive/Research/PUMA/Exploration_8_Diversity_Aware_Wider_Field_and_Boundary_Optimization/INPUTS/QUICK_BENCHMARK/Dataset/01_training_dataset_tif_ROIs/training_set_primary_roi_100.tif,335.719472,422.189769,1,lymphocyte,gt
training_set_primary_roi_100:149,TRAIN,,,,training_set_primary_roi_100,/content/drive/MyDrive/Research/PUMA/Exploration_8_Diversity_Aware_Wider_Field_and_Boundary_Optimization/INPUTS/QUICK_BENCHMARK/Dataset/01_training_dataset_tif_ROIs/training_set_primary_roi_100.tif,950.141631,434.994754,1,lymphocyte,gt
training_set_primary_roi_100:161,TRAIN,,,,training_set_primary_roi_100,/content/drive/MyDrive/Research/PUMA/Exploration_8_Diversity_Aware_Wider_Field_and_Boundary_Optimization/INPUTS/QUICK_BENCHMARK/Dataset/01_training_dataset_tif_ROIs/training_set_primary_roi_100.tif,540.499558,466.333775,1,lymphocyte,gt
training_set_primary_roi_100:170,TRAIN,,,,training_set_primary_roi_100,/content/drive/MyDrive/Research/PUMA/Exploration_8_Diversity_Aware_Wider_Field_and_Boundary_Optimization/INPUTS/QUICK_BENCHMARK/Dataset/01_training_dataset_tif_ROIs/training_set_primary_roi_100.tif,520.201927,485.789981,1,lymphocyte,gt
training_set_primary_roi_100:173,TRAIN,,,,training_set_primary_roi_100,/content/drive/MyDrive/Research/PUMA/Exploration_8_Diversity_Aware_Wider_Field_and_Boundary_Optimization/INPUTS/QUICK_BENCHMARK/Dataset/01_training_dataset_tif_ROIs/training_set_primary_roi_100.tif,174.067303,484.410705,1,lymphocyte,gt
training_set_primary_roi_100:183,TRAIN,,,,training_set_primary_roi_100,/content/drive/MyDrive/Research/PUMA/Exploration_8_Diversity_Aware_Wider_Field_and_Boundary_Optimization/INPUTS/QUICK_BENCHMARK/Dataset/01_training_dataset_tif_ROIs/training_set_primary_roi_100.tif,553.524621,503.890152,1,lymphocyte,gt
training_set_primary_roi_100:199,TRAIN,,,,training_set_primary_roi_100,/content/drive/MyDrive/Research/PUMA/Exploration_8_Diversity_Aware_Wider_Field_and_Boundary_Optimization/INPUTS/QUICK_BENCHMARK/Dataset/01_training_dataset_tif_ROIs/training_set_primary_roi_100.tif,971.322188,545.925025,1,lymphocyte,gt
training_set_primary_roi_100:200,TRAIN,,,,training_set_primary_roi_100,/content/drive/MyDrive/Research/PUMA/Exploration_8_Diversity_Aware_Wider_Field_and_Boundary_Optimization/INPUTS/QUICK_BENCHMARK/Dataset/01_training_dataset_tif_ROIs/training_set_primary_roi_100.tif,292.020833,547.484848,1,lymphocyte,gt
training_set_primary_roi_100:222,TRAIN,,,,training_set_primary_roi_100,/content/drive/MyDrive/Research/PUMA/Exploration_8_Diversity_Aware_Wider_Field_and_Boundary_Optimization/INPUTS/QUICK_BENCHMARK/Dataset/01_training_dataset_tif_ROIs/training_set_primary_roi_100.tif,610.863935,592.848255,1,lymphocyte,gt
training_set_primary_roi_100:225,TRAIN,,,,training_set_primary_roi_100,/content/drive/MyDrive/Research/PUMA/Exploration_8_Diversity_Aware_Wider_Field_and_Boundary_Optimization/INPUTS/QUICK_BENCHMARK/Dataset/01_training_dataset_tif_ROIs/training_set_primary_roi_100.tif,526.580586,593.077839,1,lymphocyte,gt
training_set_primary_roi_100:231,TRAIN,,,,training_set_primary_roi_100,/content/drive/MyDrive/Research/PUMA/Exploration_8_Diversity_Aware_Wider_Field_and_Boundary_Optimization/INPUTS/QUICK_BENCHMARK/Dataset/01_training_dataset_tif_ROIs/training_set_primary_roi_100.tif,491.744241,614.046748,1,lymphocyte,gt
training_set_primary_roi_100:234,TRAIN,,,,training_set_primary_roi_100,/content/drive/MyDrive/Research/PUMA/Exploration_8_Diversity_Aware_Wider_Field_and_Boundary_Optimization/INPUTS/QUICK_BENCHMARK/Dataset/01_training_dataset_tif_ROIs/training_set_primary_roi_100.tif,551.977749,617.219023,1,lymphocyte,gt
training_set_primary_roi_100:26,TRAIN,,,,training_set_primary_roi_100,/content/drive/MyDrive/Research/PUMA/Exploration_8_Diversity_Aware_Wider_Field_and_Boundary_Optimization/INPUTS/QUICK_BENCHMARK/Dataset/01_training_dataset_tif_ROIs/training_set_primary_roi_100.tif,596.705573,82.483701,1,lymphocyte,gt
training_set_primary_roi_100:281,TRAIN,,,,training_set_primary_roi_100,/content/drive/MyDrive/Research/PUMA/Exploration_8_Diversity_Aware_Wider_Field_and_Boundary_Optimization/INPUTS/QUICK_BENCHMARK/Dataset/01_training_dataset_tif_ROIs/training_set_primary_roi_100.tif,602.689956,732.772926,1,lymphocyte,gt
training_set_primary_roi_100:313,TRAIN,,,,training_set_primary_roi_100,/content/drive/MyDrive/Research/PUMA/Exploration_8_Diversity_Aware_Wider_Field_and_Boundary_Optimization/INPUTS/QUICK_BENCHMARK/Dataset/01_training_dataset_tif_ROIs/training_set_primary_roi_100.tif,789.018155,803.795933,1,lymphocyte,gt
training_set_primary_roi_100:314,TRAIN,,,,training_set_primary_roi_100,/content/drive/MyDrive/Research/PUMA/Exploration_8_Diversity_Aware_Wider_Field_and_Boundary_Optimization/INPUTS/QUICK_BENCHMARK/Dataset/01_training_dataset_tif_ROIs/training_set_primary_roi_100.tif,876.685671,808.108704,1,lymphocyte,gt
training_set_primary_roi_100:331,TRAIN,,,,training_set_primary_roi_100,/content/drive/MyDrive/Research/PUMA/Exploration_8_Diversity_Aware_Wider_Field_and_Boundary_Optimization/INPUTS/QUICK_BENCHMARK/Dataset/01_training_dataset_tif_ROIs/training_set_primary_roi_100.tif,724.80653,862.22807,1,lymphocyte,gt
training_set_primary_roi_100:369,TRAIN,,,,training_set_primary_roi_100,/content/drive/MyDrive/Research/PUMA/Exploration_8_Diversity_Aware_Wider_Field_and_Boundary_Optimization/INPUTS/QUICK_BENCHMARK/Dataset/01_training_dataset_tif_ROIs/training_set_primary_roi_100.tif,794.899688,962.182279,1,lymphocyte,gt
training_set_primary_roi_100:398,TRAIN,,,,training_set_primary_roi_100,/content/drive/MyDrive/Research/PUMA/Exploration_8_Diversity_Aware_Wider_Field_and_Boundary_Optimization/INPUTS/QUICK_BENCHMARK/Dataset/01_training_dataset_tif_ROIs/training_set_primary_roi_100.tif,750.794913,1013.217276,1,lymphocyte,gt
training_set_primary_roi_100:413,TRAIN,,,,training_set_primary_roi_100,/content/drive/MyDrive/Research/PUMA/Exploration_8_Diversity_Aware_Wider_Field_and_Boundary_Optimization/INPUTS/QUICK_BENCHMARK/Dataset/01_training_dataset_tif_ROIs/training_set_primary_roi_100.tif,557.842779,549.303753,1,lymphocyte,gt
training_set_primary_roi_100:50,TRAIN,,,,training_set_primary_roi_100,/content/drive/MyDrive/Research/PUMA/Exploration_8_Diversity_Aware_Wider_Field_and_Boundary_Optimization/INPUTS/QUICK_BENCHMARK/Dataset/01_training_dataset_tif_ROIs/training_set_primary_roi_100.tif,686.274596,127.204112,1,lymphocyte,gt
training_set_primary_roi_100:53,TRAIN,,,,training_set_primary_roi_100,/content/drive/MyDrive/Research/PUMA/Exploration_8_Diversity_Aware_Wider_Field_and_Boundary_Optimization/INPUTS/QUICK_BENCHMARK/Dataset/01_training_dataset_tif_ROIs/training_set_primary_roi_100.tif,555.430328,135.161202,1,lymphocyte,gt
training_set_primary_roi_101:0,TRAIN,,,,training_set_primary_roi_101,/content/drive/MyDrive/Research/PUMA/Exploration_8_Diversity_Aware_Wider_Field_and_Boundary_Optimization/INPUTS/QUICK_BENCHMARK/Dataset/01_training_dataset_tif_ROIs/training_set_primary_roi_101.tif,334.214903,22.50216,7,epithelium,gt
training_set_primary_roi_101:100,TRAIN,,,,training_set_primary_roi_101,/content/drive/MyDrive/Research/PUMA/Exploration_8_Diversity_Aware_Wider_Field_and_Boundary_Optimization/INPUTS/QUICK_BENCHMARK/Dataset/01_training_dataset_tif_ROIs/training_set_primary_roi_101.tif,615.097765,208.030726,7,epithelium,gt
training_set_primary_roi_101:105,TRAIN,,,,training_set_primary_roi_101,/content/drive/MyDrive/Research/PUMA/Exploration_8_Diversity_Aware_Wider_Field_and_Boundary_Optimization/INPUTS/QUICK_BENCHMARK/Dataset/01_training_dataset_tif_ROIs/training_set_primary_roi_101.tif,191.078635,217.181009,7,epithelium,gt
training_set_primary_roi_101:110,TRAIN,,,,training_set_primary_roi_101,/content/drive/MyDrive/Research/PUMA/Exploration_8_Diversity_Aware_Wider_Field_and_Boundary_Optimization/INPUTS/QUICK_BENCHMARK/Dataset/01_training_dataset_tif_ROIs/training_set_primary_roi_101.tif,492.81295,235.640288,7,epithelium,gt
training_set_primary_roi_101:119,TRAIN,,,,training_set_primary_roi_101,/content/drive/MyDrive/Research/PUMA/Exploration_8_Diversity_Aware_Wider_Field_and_Boundary_Optimization/INPUTS/QUICK_BENCHMARK/Dataset/01_training_dataset_tif_ROIs/training_set_primary_roi_101.tif,936.989115,268.060232,7,epithelium,gt
training_set_primary_roi_101:123,TRAIN,,,,training_set_primary_roi_101,/content/drive/MyDrive/Research/PUMA/Exploration_8_Diversity_Aware_Wider_Field_and_Boundary_Optimization/INPUTS/QUICK_BENCHMARK/Dataset/01_training_dataset_tif_ROIs/training_set_primary_roi_101.tif,154.139344,288.408197,7,epithelium,gt
training_set_primary_roi_101:147,TRAIN,,,,training_set_primary_roi_101,/content/drive/MyDrive/Research/PUMA/Exploration_8_Diversity_Aware_Wider_Field_and_Boundary_Optimization/INPUTS/QUICK_BENCHMARK/Dataset/01_training_dataset_tif_ROIs/training_set_primary_roi_101.tif,7.185144,448.994457,7,epithelium,gt
training_set_primary_roi_101:15,TRAIN,,,,training_set_primary_roi_101,/content/drive/MyDrive/Research/PUMA/Exploration_8_Diversity_Aware_Wider_Field_and_Boundary_Optimization/INPUTS/QUICK_BENCHMARK/Dataset/01_training_dataset_tif_ROIs/training_set_primary_roi_101.tif,270.26,501.062667,6,stroma,gt
training_set_primary_roi_101:16,TRAIN,,,,training_set_primary_roi_101,/content/drive/MyDrive/Research/PUMA/Exploration_8_Diversity_Aware_Wider_Field_and_Boundary_Optimization/INPUTS/QUICK_BENCHMARK/Dataset/01_training_dataset_tif_ROIs/training_set_primary_roi_101.tif,241.576923,514.140199,6,stroma,gt
training_set_primary_roi_101:18,TRAIN,,,,training_set_primary_roi_101,/content/drive/MyDrive/Research/PUMA/Exploration_8_Diversity_Aware_Wider_Field_and_Boundary_Optimization/INPUTS/QUICK_BENCHMARK/Dataset/01_training_dataset_tif_ROIs/training_set_primary_roi_101.tif,89.261833,540.004884,7,epithelium,gt
training_set_primary_roi_101:19,TRAIN,,,,training_set_primary_roi_101,/content/drive/MyDrive/Research/PUMA/Exploration_8_Diversity_Aware_Wider_Field_and_Boundary_Optimization/INPUTS/QUICK_BENCHMARK/Dataset/01_training_dataset_tif_ROIs/training_set_primary_roi_101.tif,802.071429,644.769841,6,stroma,gt
training_set_primary_roi_101:20,TRAIN,,,,training_set_primary_roi_101,/content/drive/MyDrive/Research/PUMA/Exploration_8_Diversity_Aware_Wider_Field_and_Boundary_Optimization/INPUTS/QUICK_BENCHMARK/Dataset/01_training_dataset_tif_ROIs/training_set_primary_roi_101.tif,744.763374,651.923868,6,stroma,gt
training_set_primary_roi_101:21,TRAIN,,,,training_set_primary_roi_101,/content/drive/MyDrive/Research/PUMA/Exploration_8_Diversity_Aware_Wider_Field_and_Boundary_Optimization/INPUTS/QUICK_BENCHMARK/Dataset/01_training_dataset_tif_ROIs/training_set_primary_roi_101.tif,704.44,678.3,6,stroma,gt
training_set_primary_roi_101:22,TRAIN,,,,training_set_primary_roi_101,/content/drive/MyDrive/Research/PUMA/Exploration_8_Diversity_Aware_Wider_Field_and_Boundary_Optimization/INPUTS/QUICK_BENCHMARK/Dataset/01_training_dataset_tif_ROIs/training_set_primary_roi_101.tif,759.875839,680.171141,6,stroma,gt
training_set_primary_roi_101:232,TRAIN,,,,training_set_primary_roi_101,/content/drive/MyDrive/Research/PUMA/Exploration_8_Diversity_Aware_Wider_Field_and_Boundary_Optimization/INPUTS/QUICK_BENCHMARK/Dataset/01_training_dataset_tif_ROIs/training_set_primary_roi_101.tif,1016.214286,424.571429,6,stroma,gt
training_set_primary_roi_101:25,TRAIN,,,,training_set_primary_roi_101,/content/drive/MyDrive/Research/PUMA/Exploration_8_Diversity_Aware_Wider_Field_and_Boundary_Optimization/INPUTS/QUICK_BENCHMARK/Dataset/01_training_dataset_tif_ROIs/training_set_primary_roi_101.tif,607.85,706.522222,6,stroma,gt
training_set_primary_roi_101:26,TRAIN,,,,training_set_primary_roi_101,/content/drive/MyDrive/Research/PUMA/Exploration_8_Diversity_Aware_Wider_Field_and_Boundary_Optimization/INPUTS/QUICK_BENCHMARK/Dataset/01_training_dataset_tif_ROIs/training_set_primary_roi_101.tif,792.164234,719.259124,6,stroma,gt
training_set_primary_roi_101:29,TRAIN,,,,training_set_primary_roi_101,/content/drive/MyDrive/Research/PUMA/Exploration_8_Diversity_Aware_Wider_Field_and_Boundary_Optimization/INPUTS/QUICK_BENCHMARK/Dataset/01_training_dataset_tif_ROIs/training_set_primary_roi_101.tif,561.821429,729.619048,6,stroma,gt
training_set_primary_roi_101:3,TRAIN,,,,training_set_primary_roi_101,/content/drive/MyDrive/Research/PUMA/Exploration_8_Diversity_Aware_Wider_Field_and_Boundary_Optimization/INPUTS/QUICK_BENCHMARK/Dataset/01_training_dataset_tif_ROIs/training_set_primary_roi_101.tif,73.114166,22.197111,7,epithelium,gt
training_set_primary_roi_101:30,TRAIN,,,,training_set_primary_roi_101,/content/drive/MyDrive/Research/PUMA/Exploration_8_Diversity_Aware_Wider_Field_and_Boundary_Optimization/INPUTS/QUICK_BENCHMARK/Dataset/01_training_dataset_tif_ROIs/training_set_primary_roi_101.tif,46.169492,846.381356,6,stroma,gt
training_set_primary_roi_101:37,TRAIN,,,,training_set_primary_roi_101,/content/drive/MyDrive/Research/PUMA/Exploration_8_Diversity_Aware_Wider_Field_and_Boundary_Optimization/INPUTS/QUICK_BENCHMARK/Dataset/01_training_dataset_tif_ROIs/training_set_primary_roi_101.tif,783.996063,113.733596,7,epithelium,gt
training_set_primary_roi_101:40,TRAIN,,,,training_set_primary_roi_101,/content/drive/MyDrive/Research/PUMA/Exploration_8_Diversity_Aware_Wider_Field_and_Boundary_Optimization/INPUTS/QUICK_BENCHMARK/Dataset/01_training_dataset_tif_ROIs/training_set_primary_roi_101.tif,817.801075,267.403226,7,epithelium,gt
training_set_primary_roi_101:41,TRAIN,,,,training_set_primary_roi_101,/content/drive/MyDrive/Research/PUMA/Exploration_8_Diversity_Aware_Wider_Field_and_Boundary_Optimization/INPUTS/QUICK_BENCHMARK/Dataset/01_training_dataset_tif_ROIs/training_set_primary_roi_101.tif,738.291139,321.265823,6,stroma,gt
training_set_primary_roi_101:42,TRAIN,,,,training_set_primary_roi_101,/content/drive/MyDrive/Research/PUMA/Exploration_8_Diversity_Aware_Wider_Field_and_Boundary_Optimization/INPUTS/QUICK_BENCHMARK/Dataset/01_training_dataset_tif_ROIs/training_set_primary_roi_101.tif,851.806667,342.966667,6,stroma,gt
training_set_primary_roi_101:43,TRAIN,,,,training_set_primary_roi_101,/content/drive/MyDrive/Research/PUMA/Exploration_8_Diversity_Aware_Wider_Field_and_Boundary_Optimization/INPUTS/QUICK_BENCHMARK/Dataset/01_training_dataset_tif_ROIs/training_set_primary_roi_101.tif,876.228643,353.459799,6,stroma,gt
training_set_primary_roi_101:47,TRAIN,,,,training_set_primary_roi_101,/content/drive/MyDrive/Research/PUMA/Exploration_8_Diversity_Aware_Wider_Field_and_Boundary_Optimization/INPUTS/QUICK_BENCHMARK/Dataset/01_training_dataset_tif_ROIs/training_set_primary_roi_101.tif,228.377996,442.425926,6,stroma,gt
training_set_primary_roi_101:49,TRAIN,,,,training_set_primary_roi_101,/content/drive/MyDrive/Research/PUMA/Exploration_8_Diversity_Aware_Wider_Field_and_Boundary_Optimization/INPUTS/QUICK_BENCHMARK/Dataset/01_training_dataset_tif_ROIs/training_set_primary_roi_101.tif,184.051601,478.133452,6,stroma,gt
training_set_primary_roi_101:51,TRAIN,,,,training_set_primary_roi_101,/content/drive/MyDrive/Research/PUMA/Exploration_8_Diversity_Aware_Wider_Field_and_Boundary_Optimization/INPUTS/QUICK_BENCHMARK/Dataset/01_training_dataset_tif_ROIs/training_set_primary_roi_101.tif,976.718531,609.730769,6,stroma,gt
training_set_primary_roi_101:52,TRAIN,,,,training_set_primary_roi_101,/content/drive/MyDrive/Research/PUMA/Exploration_8_Diversity_Aware_Wider_Field_and_Boundary_Optimization/INPUTS/QUICK_BENCHMARK/Dataset/01_training_dataset_tif_ROIs/training_set_primary_roi_101.tif,924.057604,628.700461,6,stroma,gt
training_set_primary_roi_101:53,TRAIN,,,,training_set_primary_roi_101,/content/drive/MyDrive/Research/PUMA/Exploration_8_Diversity_Aware_Wider_Field_and_Boundary_Optimization/INPUTS/QUICK_BENCHMARK/Dataset/01_training_dataset_tif_ROIs/training_set_primary_roi_101.tif,966.742647,638.485294,6,stroma,gt
training_set_primary_roi_101:55,TRAIN,,,,training_set_primary_roi_101,/content/drive/MyDrive/Research/PUMA/Exploration_8_Diversity_Aware_Wider_Field_and_Boundary_Optimization/INPUTS/QUICK_BENCHMARK/Dataset/01_training_dataset_tif_ROIs/training_set_primary_roi_101.tif,828.738095,712.869048,6,stroma,gt
training_set_primary_roi_101:56,TRAIN,,,,training_set_primary_roi_101,/content/drive/MyDrive/Research/PUMA/Exploration_8_Diversity_Aware_Wider_Field_and_Boundary_Optimization/INPUTS/QUICK_BENCHMARK/Dataset/01_training_dataset_tif_ROIs/training_set_primary_roi_101.tif,388.49422,726.627168,6,stroma,gt
training_set_primary_roi_101:57,TRAIN,,,,training_set_primary_roi_101,/content/drive/MyDrive/Research/PUMA/Exploration_8_Diversity_Aware_Wider_Field_and_Boundary_Optimization/INPUTS/QUICK_BENCHMARK/Dataset/01_training_dataset_tif_ROIs/training_set_primary_roi_101.tif,575.681818,736.0,6,stroma,gt
training_set_primary_roi_101:58,TRAIN,,,,training_set_primary_roi_101,/content/drive/MyDrive/Research/PUMA/Exploration_8_Diversity_Aware_Wider_Field_and_Boundary_Optimization/INPUTS/QUICK_BENCHMARK/Dataset/01_training_dataset_tif_ROIs/training_set_primary_roi_101.tif,235.780523,728.00436,6,stroma,gt
training_set_primary_roi_101:59,TRAIN,,,,training_set_primary_roi_101,/content/drive/MyDrive/Research/PUMA/Exploration_8_Diversity_Aware_Wider_Field_and_Boundary_Optimization/INPUTS/QUICK_BENCHMARK/Dataset/01_training_dataset_tif_ROIs/training_set_primary_roi_101.tif,639.584746,734.491525,6,stroma,gt
training_set_primary_roi_101:60,TRAIN,,,,training_set_primary_roi_101,/content/drive/MyDrive/Research/PUMA/Exploration_8_Diversity_Aware_Wider_Field_and_Boundary_Optimization/INPUTS/QUICK_BENCHMARK/Dataset/01_training_dataset_tif_ROIs/training_set_primary_roi_101.tif,175.287072,756.830798,6,stroma,gt
training_set_primary_roi_101:61,TRAIN,,,,training_set_primary_roi_101,/content/drive/MyDrive/Research/PUMA/Exploration_8_Diversity_Aware_Wider_Field_and_Boundary_Optimization/INPUTS/QUICK_BENCHMARK/Dataset/01_training_dataset_tif_ROIs/training_set_primary_roi_101.tif,955.446429,776.074405,6,stroma,gt
training_set_primary_roi_101:62,TRAIN,,,,training_set_primary_roi_101,/content/drive/MyDrive/Research/PUMA/Exploration_8_Diversity_Aware_Wider_Field_and_Boundary_Optimization/INPUTS/QUICK_BENCHMARK/Dataset/01_training_dataset_tif_ROIs/training_set_primary_roi_101.tif,201.627329,771.888199,6,stroma,gt
training_set_primary_roi_101:63,TRAIN,,,,training_set_primary_roi_101,/content/drive/MyDrive/Research/PUMA/Exploration_8_Diversity_Aware_Wider_Field_and_Boundary_Optimization/INPUTS/QUICK_BENCHMARK/Dataset/01_training_dataset_tif_ROIs/training_set_primary_roi_101.tif,213.055556,788.441176,6,stroma,gt
training_set_primary_roi_101:64,TRAIN,,,,training_set_primary_roi_101,/content/drive/MyDrive/Research/PUMA/Exploration_8_Diversity_Aware_Wider_Field_and_Boundary_Optimization/INPUTS/QUICK_BENCHMARK/Dataset/01_training_dataset_tif_ROIs/training_set_primary_roi_101.tif,99.790043,809.867965,6,stroma,gt
training_set_primary_roi_101:65,TRAIN,,,,training_set_primary_roi_101,/content/drive/MyDrive/Research/PUMA/Exploration_8_Diversity_Aware_Wider_Field_and_Boundary_Optimization/INPUTS/QUICK_BENCHMARK/Dataset/01_training_dataset_tif_ROIs/training_set_primary_roi_101.tif,57.593863,871.398917,6,stroma,gt
training_set_primary_roi_101:68,TRAIN,,,,training_set_primary_roi_101,/content/drive/MyDrive/Research/PUMA/Exploration_8_Diversity_Aware_Wider_Field_and_Boundary_Optimization/INPUTS/QUICK_BENCHMARK/Dataset/01_training_dataset_tif_ROIs/training_set_primary_roi_101.tif,770.790541,15.736486,7,epithelium,gt
training_set_primary_roi_101:69,TRAIN,,,,training_set_primary_roi_101,/content/drive/MyDrive/Research/PUMA/Exploration_8_Diversity_Aware_Wider_Field_and_Boundary_Optimization/INPUTS/QUICK_BENCHMARK/Dataset/01_training_dataset_tif_ROIs/training_set_primary_roi_101.tif,682.73,18.524,7,epithelium,gt
training_set_primary_roi_101:74,TRAIN,,,,training_set_primary_roi_101,/content/drive/MyDrive/Research/PUMA/Exploration_8_Diversity_Aware_Wider_Field_and_Boundary_Optimization/INPUTS/QUICK_BENCHMARK/Dataset/01_training_dataset_tif_ROIs/training_set_primary_roi_101.tif,416.904887,74.28185,7,epithelium,gt
training_set_primary_roi_101:75,TRAIN,,,,training_set_primary_roi_101,/content/drive/MyDrive/Research/PUMA/Exploration_8_Diversity_Aware_Wider_Field_and_Boundary_Optimization/INPUTS/QUICK_BENCHMARK/Dataset/01_training_dataset_tif_ROIs/training_set_primary_roi_101.tif,635.455801,82.90884,7,epithelium,gt
training_set_primary_roi_101:77,TRAIN,,,,training_set_primary_roi_101,/content/drive/MyDrive/Research/PUMA/Exploration_8_Diversity_Aware_Wider_Field_and_Boundary_Optimization/INPUTS/QUICK_BENCHMARK/Dataset/01_training_dataset_tif_ROIs/training_set_primary_roi_101.tif,981.098071,86.024116,7,epithelium,gt
training_set_primary_roi_101:81,TRAIN,,,,training_set_primary_roi_101,/content/drive/MyDrive/Research/PUMA/Exploration_8_Diversity_Aware_Wider_Field_and_Boundary_Optimization/INPUTS/QUICK_BENCHMARK/Dataset/01_training_dataset_tif_ROIs/training_set_primary_roi_101.tif,305.11039,114.551948,7,epithelium,gt
training_set_primary_roi_101:84,TRAIN,,,,training_set_primary_roi_101,/content/drive/MyDrive/Research/PUMA/Exploration_8_Diversity_Aware_Wider_Field_and_Boundary_Optimization/INPUTS/QUICK_BENCHMARK/Dataset/01_training_dataset_tif_ROIs/training_set_primary_roi_101.tif,377.801961,136.743137,7,epithelium,gt
training_set_primary_roi_101:85,TRAIN,,,,training_set_primary_roi_101,/content/drive/MyDrive/Research/PUMA/Exploration_8_Diversity_Aware_Wider_Field_and_Boundary_Optimization/INPUTS/QUICK_BENCHMARK/Dataset/01_training_dataset_tif_ROIs/training_set_primary_roi_101.tif,1012.812945,130.399004,7,epithelium,gt
training_set_primary_roi_101:94,TRAIN,,,,training_set_primary_roi_101,/content/drive/MyDrive/Research/PUMA/Exploration_8_Diversity_Aware_Wider_Field_and_Boundary_Optimization/INPUTS/QUICK_BENCHMARK/Dataset/01_training_dataset_tif_ROIs/training_set_primary_roi_101.tif,722.162162,166.756757,7,epithelium,gt
training_set_primary_roi_101:98,TRAIN,,,,training_set_primary_roi_101,/content/drive/MyDrive/Research/PUMA/Exploration_8_Diversity_Aware_Wider_Field_and_Boundary_Optimization/INPUTS/QUICK_BENCHMARK/Dataset/01_training_dataset_tif_ROIs/training_set_primary_roi_101.tif,1016.866564,187.128834,7,epithelium,gt
training_set_primary_roi_102:139,TRAIN,,,,training_set_primary_roi_102,/content/drive/MyDrive/Research/PUMA/Exploration_8_Diversity_Aware_Wider_Field_and_Boundary_Optimization/INPUTS/QUICK_BENCHMARK/Dataset/01_training_dataset_tif_ROIs/training_set_primary_roi_102.tif,245.973106,596.489023,0,tumor,gt
training_set_primary_roi_102:146,TRAIN,,,,training_set_primary_roi_102,/content/drive/MyDrive/Research/PUMA/Exploration_8_Diversity_Aware_Wider_Field_and_Boundary_Optimization/INPUTS/QUICK_BENCHMARK/Dataset/01_training_dataset_tif_ROIs/training_set_primary_roi_102.tif,146.873626,629.181319,0,tumor,gt
training_set_primary_roi_102:170,TRAIN,,,,training_set_primary_roi_102,/content/drive/MyDrive/Research/PUMA/Exploration_8_Diversity_Aware_Wider_Field_and_Boundary_Optimization/INPUTS/QUICK_BENCHMARK/Dataset/01_training_dataset_tif_ROIs/training_set_primary_roi_102.tif,694.147059,699.362745,0,tumor,gt
training_set_primary_roi_102:185,TRAIN,,,,training_set_primary_roi_102,/content/drive/MyDrive/Research/PUMA/Exploration_8_Diversity_Aware_Wider_Field_and_Boundary_Optimization/INPUTS/QUICK_BENCHMARK/Dataset/01_training_dataset_tif_ROIs/training_set_primary_roi_102.tif,191.113636,746.246212,0,tumor,gt
training_set_primary_roi_102:239,TRAIN,,,,training_set_primary_roi_102,/content/drive/MyDrive/Research/PUMA/Exploration_8_Diversity_Aware_Wider_Field_and_Boundary_Optimization/INPUTS/QUICK_BENCHMARK/Dataset/01_training_dataset_tif_ROIs/training_set_primary_roi_102.tif,468.731801,10.293103,3,histiocyte,gt
training_set_primary_roi_102:242,TRAIN,,,,training_set_primary_roi_102,/content/drive/MyDrive/Research/PUMA/Exploration_8_Diversity_Aware_Wider_Field_and_Boundary_Optimization/INPUTS/QUICK_BENCHMARK/Dataset/01_training_dataset_tif_ROIs/training_set_primary_roi_102.tif,330.306061,65.825253,3,histiocyte,gt
training_set_primary_roi_102:244,TRAIN,,,,training_set_primary_roi_102,/content/drive/MyDrive/Research/PUMA/Exploration_8_Diversity_Aware_Wider_Field_and_Boundary_Optimization/INPUTS/QUICK_BENCHMARK/Dataset/01_training_dataset_tif_ROIs/training_set_primary_roi_102.tif,917.707641,96.775748,3,histiocyte,gt
training_set_primary_roi_102:247,TRAIN,,,,training_set_primary_roi_102,/content/drive/MyDrive/Research/PUMA/Exploration_8_Diversity_Aware_Wider_Field_and_Boundary_Optimization/INPUTS/QUICK_BENCHMARK/Dataset/01_training_dataset_tif_ROIs/training_set_primary_roi_102.tif,879.469231,107.269231,3,histiocyte,gt
training_set_primary_roi_102:248,TRAIN,,,,training_set_primary_roi_102,/content/drive/MyDrive/Research/PUMA/Exploration_8_Diversity_Aware_Wider_Field_and_Boundary_Optimization/INPUTS/QUICK_BENCHMARK/Dataset/01_training_dataset_tif_ROIs/training_set_primary_roi_102.tif,739.355244,113.278434,3,histiocyte,gt
training_set_primary_roi_102:249,TRAIN,,,,training_set_primary_roi_102,/content/drive/MyDrive/Research/PUMA/Exploration_8_Diversity_Aware_Wider_Field_and_Boundary_Optimization/INPUTS/QUICK_BENCHMARK/Dataset/01_training_dataset_tif_ROIs/training_set_primary_roi_102.tif,958.882524,122.909709,3,histiocyte,gt
training_set_primary_roi_102:250,TRAIN,,,,training_set_primary_roi_102,/content/drive/MyDrive/Research/PUMA/Exploration_8_Diversity_Aware_Wider_Field_and_Boundary_Optimization/INPUTS/QUICK_BENCHMARK/Dataset/01_training_dataset_tif_ROIs/training_set_primary_roi_102.tif,642.9273,128.338279,3,histiocyte,gt
training_set_primary_roi_102:251,TRAIN,,,,training_set_primary_roi_102,/content/drive/MyDrive/Research/PUMA/Exploration_8_Diversity_Aware_Wider_Field_and_Boundary_Optimization/INPUTS/QUICK_BENCHMARK/Dataset/01_training_dataset_tif_ROIs/training_set_primary_roi_102.tif,815.800518,130.910622,3,histiocyte,gt
training_set_primary_roi_102:254,TRAIN,,,,training_set_primary_roi_102,/content/drive/MyDrive/Research/PUMA/Exploration_8_Diversity_Aware_Wider_Field_and_Boundary_Optimization/INPUTS/QUICK_BENCHMARK/Dataset/01_training_dataset_tif_ROIs/training_set_primary_roi_102.tif,857.358596,144.18057,3,histiocyte,gt
training_set_primary_roi_102:255,TRAIN,,,,training_set_primary_roi_102,/content/drive/MyDrive/Research/PUMA/Exploration_8_Diversity_Aware_Wider_Field_and_Boundary_Optimization/INPUTS/QUICK_BENCHMARK/Dataset/01_training_dataset_tif_ROIs/training_set_primary_roi_102.tif,393.508633,158.377698,3,histiocyte,gt
training_set_primary_roi_102:258,TRAIN,,,,training_set_primary_roi_102,/content/drive/MyDrive/Research/PUMA/Exploration_8_Diversity_Aware_Wider_Field_and_Boundary_Optimization/INPUTS/QUICK_BENCHMARK/Dataset/01_training_dataset_tif_ROIs/training_set_primary_roi_102.tif,394.592827,185.14135,3,histiocyte,gt
training_set_primary_roi_102:259,TRAIN,,,,training_set_primary_roi_102,/content/drive/MyDrive/Research/PUMA/Exploration_8_Diversity_Aware_Wider_Field_and_Boundary_Optimization/INPUTS/QUICK_BENCHMARK/Dataset/01_training_dataset_tif_ROIs/training_set_primary_roi_102.tif,357.653166,186.252577,3,histiocyte,gt
training_set_primary_roi_102:261,TRAIN,,,,training_set_primary_roi_102,/content/drive/MyDrive/Research/PUMA/Exploration_8_Diversity_Aware_Wider_Field_and_Boundary_Optimization/INPUTS/QUICK_BENCHMARK/Dataset/01_training_dataset_tif_ROIs/training_set_primary_roi_102.tif,938.045133,218.264602,3,histiocyte,gt
training_set_primary_roi_102:264,TRAIN,,,,training_set_primary_roi_102,/content/drive/MyDrive/Research/PUMA/Exploration_8_Diversity_Aware_Wider_Field_and_Boundary_Optimization/INPUTS/QUICK_BENCHMARK/Dataset/01_training_dataset_tif_ROIs/training_set_primary_roi_102.tif,676.298077,245.362981,3,histiocyte,gt
training_set_primary_roi_102:267,TRAIN,,,,training_set_primary_roi_102,/content/drive/MyDrive/Research/PUMA/Exploration_8_Diversity_Aware_Wider_Field_and_Boundary_Optimization/INPUTS/QUICK_BENCHMARK/Dataset/01_training_dataset_tif_ROIs/training_set_primary_roi_102.tif,399.161504,267.424779,3,histiocyte,gt
training_set_primary_roi_102:269,TRAIN,,,,training_set_primary_roi_102,/content/drive/MyDrive/Research/PUMA/Exploration_8_Diversity_Aware_Wider_Field_and_Boundary_Optimization/INPUTS/QUICK_BENCHMARK/Dataset/01_training_dataset_tif_ROIs/training_set_primary_roi_102.tif,392.150655,385.562591,3,histiocyte,gt
training_set_primary_roi_102:274,TRAIN,,,,training_set_primary_roi_102,/content/drive/MyDrive/Research/PUMA/Exploration_8_Diversity_Aware_Wider_Field_and_Boundary_Optimization/INPUTS/QUICK_BENCHMARK/Dataset/01_training_dataset_tif_ROIs/training_set_primary_roi_102.tif,301.129988,596.767231,0,tumor,gt
training_set_primary_roi_102:281,TRAIN,,,,training_set_primary_roi_102,/content/drive/MyDrive/Research/PUMA/Exploration_8_Diversity_Aware_Wider_Field_and_Boundary_Optimization/INPUTS/QUICK_BENCHMARK/Dataset/01_training_dataset_tif_ROIs/training_set_primary_roi_102.tif,312.851981,763.357809,3,histiocyte,gt
training_set_primary_roi_102:294,TRAIN,,,,training_set_primary_roi_102,/content/drive/MyDrive/Research/PUMA/Exploration_8_Diversity_Aware_Wider_Field_and_Boundary_Optimization/INPUTS/QUICK_BENCHMARK/Dataset/01_training_dataset_tif_ROIs/training_set_primary_roi_102.tif,319.82243,8.630841,1,lymphocyte,gt
training_set_primary_roi_102:295,TRAIN,,,,training_set_primary_roi_102,/content/drive/MyDrive/Research/PUMA/Exploration_8_Diversity_Aware_Wider_Field_and_Boundary_Optimization/INPUTS/QUICK_BENCHMARK/Dataset/01_training_dataset_tif_ROIs/training_set_primary_roi_102.tif,813.458763,10.092784,1,lymphocyte,gt
training_set_primary_roi_102:299,TRAIN,,,,training_set_primary_roi_102,/content/drive/MyDrive/Research/PUMA/Exploration_8_Diversity_Aware_Wider_Field_and_Boundary_Optimization/INPUTS/QUICK_BENCHMARK/Dataset/01_training_dataset_tif_ROIs/training_set_primary_roi_102.tif,334.210145,20.55314,1,lymphocyte,gt
training_set_primary_roi_102:300,TRAIN,,,,training_set_primary_roi_102,/content/drive/MyDrive/Research/PUMA/Exploration_8_Diversity_Aware_Wider_Field_and_Boundary_Optimization/INPUTS/QUICK_BENCHMARK/Dataset/01_training_dataset_tif_ROIs/training_set_primary_roi_102.tif,396.081281,27.490148,1,lymphocyte,gt
training_set_primary_roi_102:301,TRAIN,,,,training_set_primary_roi_102,/content/drive/MyDrive/Research/PUMA/Exploration_8_Diversity_Aware_Wider_Field_and_Boundary_Optimization/INPUTS/QUICK_BENCHMARK/Dataset/01_training_dataset_tif_ROIs/training_set_primary_roi_102.tif,978.906716,30.55597,1,lymphocyte,gt
training_set_primary_roi_102:310,TRAIN,,,,training_set_primary_roi_102,/content/drive/MyDrive/Research/PUMA/Exploration_8_Diversity_Aware_Wider_Field_and_Boundary_Optimization/INPUTS/QUICK_BENCHMARK/Dataset/01_training_dataset_tif_ROIs/training_set_primary_roi_102.tif,403.071038,52.54918,1,lymphocyte,gt
training_set_primary_roi_102:312,TRAIN,,,,training_set_primary_roi_102,/content/drive/MyDrive/Research/PUMA/Exploration_8_Diversity_Aware_Wider_Field_and_Boundary_Optimization/INPUTS/QUICK_BENCHMARK/Dataset/01_training_dataset_tif_ROIs/training_set_primary_roi_102.tif,835.194323,50.99345,1,lymphocyte,gt
training_set_primary_roi_102:315,TRAIN,,,,training_set_primary_roi_102,/content/drive/MyDrive/Research/PUMA/Exploration_8_Diversity_Aware_Wider_Field_and_Boundary_Optimization/INPUTS/QUICK_BENCHMARK/Dataset/01_training_dataset_tif_ROIs/training_set_primary_roi_102.tif,617.335498,61.807359,1,lymphocyte,gt
training_set_primary_roi_102:316,TRAIN,,,,training_set_primary_roi_102,/content/drive/MyDrive/Research/PUMA/Exploration_8_Diversity_Aware_Wider_Field_and_Boundary_Optimization/INPUTS/QUICK_BENCHMARK/Dataset/01_training_dataset_tif_ROIs/training_set_primary_roi_102.tif,310.508511,60.861702,1,lymphocyte,gt
training_set_primary_roi_102:323,TRAIN,,,,training_set_primary_roi_102,/content/drive/MyDrive/Research/PUMA/Exploration_8_Diversity_Aware_Wider_Field_and_Boundary_Optimization/INPUTS/QUICK_BENCHMARK/Dataset/01_training_dataset_tif_ROIs/training_set_primary_roi_102.tif,397.443445,79.039846,1,lymphocyte,gt
training_set_primary_roi_102:339,TRAIN,,,,training_set_primary_roi_102,/content/drive/MyDrive/Research/PUMA/Exploration_8_Diversity_Aware_Wider_Field_and_Boundary_Optimization/INPUTS/QUICK_BENCHMARK/Dataset/01_training_dataset_tif_ROIs/training_set_primary_roi_102.tif,738.13728,135.620907,1,lymphocyte,gt
training_set_primary_roi_102:341,TRAIN,,,,training_set_primary_roi_102,/content/drive/MyDrive/Research/PUMA/Exploration_8_Diversity_Aware_Wider_Field_and_Boundary_Optimization/INPUTS/QUICK_BENCHMARK/Dataset/01_training_dataset_tif_ROIs/training_set_primary_roi_102.tif,311.796875,142.703125,1,lymphocyte,gt
training_set_primary_roi_102:35,TRAIN,,,,training_set_primary_roi_102,/content/drive/MyDrive/Research/PUMA/Exploration_8_Diversity_Aware_Wider_Field_and_Boundary_Optimization/INPUTS/QUICK_BENCHMARK/Dataset/01_training_dataset_tif_ROIs/training_set_primary_roi_102.tif,455.765385,852.596154,0,tumor,gt
training_set_primary_roi_102:350,TRAIN,,,,training_set_primary_roi_102,/content/drive/MyDrive/Research/PUMA/Exploration_8_Diversity_Aware_Wider_Field_and_Boundary_Optimization/INPUTS/QUICK_BENCHMARK/Dataset/01_training_dataset_tif_ROIs/training_set_primary_roi_102.tif,528.544776,227.328358,1,lymphocyte,gt
training_set_primary_roi_102:361,TRAIN,,,,training_set_primary_roi_102,/content/drive/MyDrive/Research/PUMA/Exploration_8_Diversity_Aware_Wider_Field_and_Boundary_Optimization/INPUTS/QUICK_BENCHMARK/Dataset/01_training_dataset_tif_ROIs/training_set_primary_roi_102.tif,242.582803,322.904459,0,tumor,gt
training_set_primary_roi_102:362,TRAIN,,,,training_set_primary_roi_102,/content/drive/MyDrive/Research/PUMA/Exploration_8_Diversity_Aware_Wider_Field_and_Boundary_Optimization/INPUTS/QUICK_BENCHMARK/Dataset/01_training_dataset_tif_ROIs/training_set_primary_roi_102.tif,111.908571,326.568571,0,tumor,gt
training_set_primary_roi_102:366,TRAIN,,,,training_set_primary_roi_102,/content/drive/MyDrive/Research/PUMA/Exploration_8_Diversity_Aware_Wider_Field_and_Boundary_Optimization/INPUTS/QUICK_BENCHMARK/Dataset/01_training_dataset_tif_ROIs/training_set_primary_roi_102.tif,276.440092,353.0553,0,tumor,gt
training_set_primary_roi_102:376,TRAIN,,,,training_set_primary_roi_102,/content/drive/MyDrive/Research/PUMA/Exploration_8_Diversity_Aware_Wider_Field_and_Boundary_Optimization/INPUTS/QUICK_BENCHMARK/Dataset/01_training_dataset_tif_ROIs/training_set_primary_roi_102.tif,298.391304,507.804348,0,tumor,gt
training_set_primary_roi_102:378,TRAIN,,,,training_set_primary_roi_102,/content/drive/MyDrive/Research/PUMA/Exploration_8_Diversity_Aware_Wider_Field_and_Boundary_Optimization/INPUTS/QUICK_BENCHMARK/Dataset/01_training_dataset_tif_ROIs/training_set_primary_roi_102.tif,105.755618,543.901685,0,tumor,gt
training_set_primary_roi_102:388,TRAIN,,,,training_set_primary_roi_102,/content/drive/MyDrive/Research/PUMA/Exploration_8_Diversity_Aware_Wider_Field_and_Boundary_Optimization/INPUTS/QUICK_BENCHMARK/Dataset/01_training_dataset_tif_ROIs/training_set_primary_roi_102.tif,338.79484,641.780098,1,lymphocyte,gt
training_set_primary_roi_102:416,TRAIN,,,,training_set_primary_roi_102,/content/drive/MyDrive/Research/PUMA/Exploration_8_Diversity_Aware_Wider_Field_and_Boundary_Optimization/INPUTS/QUICK_BENCHMARK/Dataset/01_training_dataset_tif_ROIs/training_set_primary_roi_102.tif,272.672535,911.690141,1,lymphocyte,gt
training_set_primary_roi_102:441,TRAIN,,,,training_set_primary_roi_102,/content/drive/MyDrive/Research/PUMA/Exploration_8_Diversity_Aware_Wider_Field_and_Boundary_Optimization/INPUTS/QUICK_BENCHMARK/Dataset/01_training_dataset_tif_ROIs/training_set_primary_roi_102.tif,229.194422,35.202449,1,lymphocyte,gt
training_set_primary_roi_102:446,TRAIN,,,,training_set_primary_roi_102,/content/drive/MyDrive/Research/PUMA/Exploration_8_Diversity_Aware_Wider_Field_and_Boundary_Optimization/INPUTS/QUICK_BENCHMARK/Dataset/01_training_dataset_tif_ROIs/training_set_primary_roi_102.tif,504.706821,72.735849,1,lymphocyte,gt
training_set_primary_roi_102:448,TRAIN,,,,training_set_primary_roi_102,/content/drive/MyDrive/Research/PUMA/Exploration_8_Diversity_Aware_Wider_Field_and_Boundary_Optimization/INPUTS/QUICK_BENCHMARK/Dataset/01_training_dataset_tif_ROIs/training_set_primary_roi_102.tif,673.996885,12.722741,1,lymphocyte,gt
training_set_primary_roi_102:450,TRAIN,,,,training_set_primary_roi_102,/content/drive/MyDrive/Research/PUMA/Exploration_8_Diversity_Aware_Wider_Field_and_Boundary_Optimization/INPUTS/QUICK_BENCHMARK/Dataset/01_training_dataset_tif_ROIs/training_set_primary_roi_102.tif,527.136381,293.943255,3,histiocyte,gt
training_set_primary_roi_102:464,TRAIN,,,,training_set_primary_roi_102,/content/drive/MyDrive/Research/PUMA/Exploration_8_Diversity_Aware_Wider_Field_and_Boundary_Optimization/INPUTS/QUICK_BENCHMARK/Dataset/01_training_dataset_tif_ROIs/training_set_primary_roi_102.tif,169.794588,429.119926,0,tumor,gt
training_set_primary_roi_102:468,TRAIN,,,,training_set_primary_roi_102,/content/drive/MyDrive/Research/PUMA/Exploration_8_Diversity_Aware_Wider_Field_and_Boundary_Optimization/INPUTS/QUICK_BENCHMARK/Dataset/01_training_dataset_tif_ROIs/training_set_primary_roi_102.tif,449.998555,60.473507,2,plasma_cell,gt
training_set_primary_roi_102:469,TRAIN,,,,training_set_primary_roi_102,/content/drive/MyDrive/Research/PUMA/Exploration_8_Diversity_Aware_Wider_Field_and_Boundary_Optimization/INPUTS/QUICK_BENCHMARK/Dataset/01_training_dataset_tif_ROIs/training_set_primary_roi_102.tif,394.221532,224.650104,3,histiocyte,gt
training_set_primary_roi_102:470,TRAIN,,,,training_set_primary_roi_102,/content/drive/MyDrive/Research/PUMA/Exploration_8_Diversity_Aware_Wider_Field_and_Boundary_Optimization/INPUTS/QUICK_BENCHMARK/Dataset/01_training_dataset_tif_ROIs/training_set_primary_roi_102.tif,413.223622,248.558697,3,histiocyte,gt
training_set_primary_roi_102:55,TRAIN,,,,training_set_primary_roi_102,/content/drive/MyDrive/Research/PUMA/Exploration_8_Diversity_Aware_Wider_Field_and_Boundary_Optimization/INPUTS/QUICK_BENCHMARK/Dataset/01_training_dataset_tif_ROIs/training_set_primary_roi_102.tif,136.90099,217.034653,0,tumor,gt
training_set_primary_roi_102:62,TRAIN,,,,training_set_primary_roi_102,/content/drive/MyDrive/Research/PUMA/Exploration_8_Diversity_Aware_Wider_Field_and_Boundary_Optimization/INPUTS/QUICK_BENCHMARK/Dataset/01_training_dataset_tif_ROIs/training_set_primary_roi_102.tif,110.461111,257.059259,0,tumor,gt
training_set_primary_roi_102:63,TRAIN,,,,training_set_primary_roi_102,/content/drive/MyDrive/Research/PUMA/Exploration_8_Diversity_Aware_Wider_Field_and_Boundary_Optimization/INPUTS/QUICK_BENCHMARK/Dataset/01_training_dataset_tif_ROIs/training_set_primary_roi_102.tif,193.397839,255.014735,0,tumor,gt
training_set_primary_roi_102:69,TRAIN,,,,training_set_primary_roi_102,/content/drive/MyDrive/Research/PUMA/Exploration_8_Diversity_Aware_Wider_Field_and_Boundary_Optimization/INPUTS/QUICK_BENCHMARK/Dataset/01_training_dataset_tif_ROIs/training_set_primary_roi_102.tif,232.898352,300.607143,0,tumor,gt
training_set_primary_roi_102:76,TRAIN,,,,training_set_primary_roi_102,/content/drive/MyDrive/Research/PUMA/Exploration_8_Diversity_Aware_Wider_Field_and_Boundary_Optimization/INPUTS/QUICK_BENCHMARK/Dataset/01_training_dataset_tif_ROIs/training_set_primary_roi_102.tif,247.265517,342.051724,0,tumor,gt
training_set_primary_roi_102:79,TRAIN,,,,training_set_primary_roi_102,/content/drive/MyDrive/Research/PUMA/Exploration_8_Diversity_Aware_Wider_Field_and_Boundary_Optimization/INPUTS/QUICK_BENCHMARK/Dataset/01_training_dataset_tif_ROIs/training_set_primary_roi_102.tif,193.384696,347.68239,0,tumor,gt
