uid,role,patient_id,case_id,slide_id,roi,image,x,y,label,class_name,coordinate_source
training_set_metastatic_roi_026:102,TRAIN,,,,training_set_metastatic_roi_026,/content/drive/MyDrive/Research/PUMA/Exploration_8_Diversity_Aware_Wider_Field_and_Boundary_Optimization/INPUTS/QUICK_BENCHMARK/Dataset/01_training_dataset_tif_ROIs/training_set_metastatic_roi_026.tif,968.744996,255.083986,2,plasma_cell,gt
training_set_metastatic_roi_026:249,TRAIN,,,,training_set_metastatic_roi_026,/content/drive/MyDrive/Research/PUMA/Exploration_8_Diversity_Aware_Wider_Field_and_Boundary_Optimization/INPUTS/QUICK_BENCHMARK/Dataset/01_training_dataset_tif_ROIs/training_set_metastatic_roi_026.tif,868.57566,486.101777,2,plasma_cell,gt
training_set_metastatic_roi_026:261,TRAIN,,,,training_set_metastatic_roi_026,/content/drive/MyDrive/Research/PUMA/Exploration_8_Diversity_Aware_Wider_Field_and_Boundary_Optimization/INPUTS/QUICK_BENCHMARK/Dataset/01_training_dataset_tif_ROIs/training_set_metastatic_roi_026.tif,278.334614,863.839095,2,plasma_cell,gt
training_set_metastatic_roi_026:302,TRAIN,,,,training_set_metastatic_roi_026,/content/drive/MyDrive/Research/PUMA/Exploration_8_Diversity_Aware_Wider_Field_and_Boundary_Optimization/INPUTS/QUICK_BENCHMARK/Dataset/01_training_dataset_tif_ROIs/training_set_metastatic_roi_026.tif,561.410767,1000.880531,2,plasma_cell,gt
training_set_metastatic_roi_026:320,TRAIN,,,,training_set_metastatic_roi_026,/content/drive/MyDrive/Research/PUMA/Exploration_8_Diversity_Aware_Wider_Field_and_Boundary_Optimization/INPUTS/QUICK_BENCHMARK/Dataset/01_training_dataset_tif_ROIs/training_set_metastatic_roi_026.tif,282.629893,774.807236,2,plasma_cell,gt
training_set_metastatic_roi_026:468,TRAIN,,,,training_set_metastatic_roi_026,/content/drive/MyDrive/Research/PUMA/Exploration_8_Diversity_Aware_Wider_Field_and_Boundary_Optimization/INPUTS/QUICK_BENCHMARK/Dataset/01_training_dataset_tif_ROIs/training_set_metastatic_roi_026.tif,224.400217,816.339832,2,plasma_cell,gt
training_set_metastatic_roi_026:469,TRAIN,,,,training_set_metastatic_roi_026,/content/drive/MyDrive/Research/PUMA/Exploration_8_Diversity_Aware_Wider_Field_and_Boundary_Optimization/INPUTS/QUICK_BENCHMARK/Dataset/01_training_dataset_tif_ROIs/training_set_metastatic_roi_026.tif,252.796277,793.479526,2,plasma_cell,gt
training_set_metastatic_roi_026:470,TRAIN,,,,training_set_metastatic_roi_026,/content/drive/MyDrive/Research/PUMA/Exploration_8_Diversity_Aware_Wider_Field_and_Boundary_Optimization/INPUTS/QUICK_BENCHMARK/Dataset/01_training_dataset_tif_ROIs/training_set_metastatic_roi_026.tif,71.009301,907.357143,2,plasma_cell,gt
training_set_metastatic_roi_026:471,TRAIN,,,,training_set_metastatic_roi_026,/content/drive/MyDrive/Research/PUMA/Exploration_8_Diversity_Aware_Wider_Field_and_Boundary_Optimization/INPUTS/QUICK_BENCHMARK/Dataset/01_training_dataset_tif_ROIs/training_set_metastatic_roi_026.tif,129.023997,899.455497,2,plasma_cell,gt
training_set_metastatic_roi_026:501,TRAIN,,,,training_set_metastatic_roi_026,/content/drive/MyDrive/Research/PUMA/Exploration_8_Diversity_Aware_Wider_Field_and_Boundary_Optimization/INPUTS/QUICK_BENCHMARK/Dataset/01_training_dataset_tif_ROIs/training_set_metastatic_roi_026.tif,353.199425,994.743103,2,plasma_cell,gt
training_set_metastatic_roi_026:508,TRAIN,,,,training_set_metastatic_roi_026,/content/drive/MyDrive/Research/PUMA/Exploration_8_Diversity_Aware_Wider_Field_and_Boundary_Optimization/INPUTS/QUICK_BENCHMARK/Dataset/01_training_dataset_tif_ROIs/training_set_metastatic_roi_026.tif,174.164659,956.774005,2,plasma_cell,gt
training_set_metastatic_roi_028:309,TRAIN,,,,training_set_metastatic_roi_028,/content/drive/MyDrive/Research/PUMA/Exploration_8_Diversity_Aware_Wider_Field_and_Boundary_Optimization/INPUTS/QUICK_BENCHMARK/Dataset/01_training_dataset_tif_ROIs/training_set_metastatic_roi_028.tif,738.990222,818.694222,5,neutrophil,gt
training_set_metastatic_roi_028:594,TRAIN,,,,training_set_metastatic_roi_028,/content/drive/MyDrive/Research/PUMA/Exploration_8_Diversity_Aware_Wider_Field_and_Boundary_Optimization/INPUTS/QUICK_BENCHMARK/Dataset/01_training_dataset_tif_ROIs/training_set_metastatic_roi_028.tif,556.657448,887.885978,2,plasma_cell,gt
training_set_metastatic_roi_028:600,TRAIN,,,,training_set_metastatic_roi_028,/content/drive/MyDrive/Research/PUMA/Exploration_8_Diversity_Aware_Wider_Field_and_Boundary_Optimization/INPUTS/QUICK_BENCHMARK/Dataset/01_training_dataset_tif_ROIs/training_set_metastatic_roi_028.tif,21.832535,191.901475,2,plasma_cell,gt
training_set_metastatic_roi_028:601,TRAIN,,,,training_set_metastatic_roi_028,/content/drive/MyDrive/Research/PUMA/Exploration_8_Diversity_Aware_Wider_Field_and_Boundary_Optimization/INPUTS/QUICK_BENCHMARK/Dataset/01_training_dataset_tif_ROIs/training_set_metastatic_roi_028.tif,70.043603,166.335478,2,plasma_cell,gt
training_set_metastatic_roi_028:602,TRAIN,,,,training_set_metastatic_roi_028,/content/drive/MyDrive/Research/PUMA/Exploration_8_Diversity_Aware_Wider_Field_and_Boundary_Optimization/INPUTS/QUICK_BENCHMARK/Dataset/01_training_dataset_tif_ROIs/training_set_metastatic_roi_028.tif,84.009979,885.123206,2,plasma_cell,gt
training_set_metastatic_roi_028:631,TRAIN,,,,training_set_metastatic_roi_028,/content/drive/MyDrive/Research/PUMA/Exploration_8_Diversity_Aware_Wider_Field_and_Boundary_Optimization/INPUTS/QUICK_BENCHMARK/Dataset/01_training_dataset_tif_ROIs/training_set_metastatic_roi_028.tif,332.062692,381.466275,2,plasma_cell,gt
training_set_metastatic_roi_028:632,TRAIN,,,,training_set_metastatic_roi_028,/content/drive/MyDrive/Research/PUMA/Exploration_8_Diversity_Aware_Wider_Field_and_Boundary_Optimization/INPUTS/QUICK_BENCHMARK/Dataset/01_training_dataset_tif_ROIs/training_set_metastatic_roi_028.tif,220.672895,357.572705,2,plasma_cell,gt
training_set_metastatic_roi_046:121,TRAIN,,,,training_set_metastatic_roi_046,/content/drive/MyDrive/Research/PUMA/Exploration_8_Diversity_Aware_Wider_Field_and_Boundary_Optimization/INPUTS/QUICK_BENCHMARK/Dataset/01_training_dataset_tif_ROIs/training_set_metastatic_roi_046.tif,970.669967,289.50385,5,neutrophil,gt
training_set_metastatic_roi_046:19,TRAIN,,,,training_set_metastatic_roi_046,/content/drive/MyDrive/Research/PUMA/Exploration_8_Diversity_Aware_Wider_Field_and_Boundary_Optimization/INPUTS/QUICK_BENCHMARK/Dataset/01_training_dataset_tif_ROIs/training_set_metastatic_roi_046.tif,45.008333,38.677564,5,neutrophil,gt
training_set_metastatic_roi_046:252,TRAIN,,,,training_set_metastatic_roi_046,/content/drive/MyDrive/Research/PUMA/Exploration_8_Diversity_Aware_Wider_Field_and_Boundary_Optimization/INPUTS/QUICK_BENCHMARK/Dataset/01_training_dataset_tif_ROIs/training_set_metastatic_roi_046.tif,407.203762,627.518286,5,neutrophil,gt
training_set_metastatic_roi_046:275,TRAIN,,,,training_set_metastatic_roi_046,/content/drive/MyDrive/Research/PUMA/Exploration_8_Diversity_Aware_Wider_Field_and_Boundary_Optimization/INPUTS/QUICK_BENCHMARK/Dataset/01_training_dataset_tif_ROIs/training_set_metastatic_roi_046.tif,121.621212,686.599567,5,neutrophil,gt
training_set_metastatic_roi_046:279,TRAIN,,,,training_set_metastatic_roi_046,/content/drive/MyDrive/Research/PUMA/Exploration_8_Diversity_Aware_Wider_Field_and_Boundary_Optimization/INPUTS/QUICK_BENCHMARK/Dataset/01_training_dataset_tif_ROIs/training_set_metastatic_roi_046.tif,223.819701,701.868074,5,neutrophil,gt
training_set_metastatic_roi_046:316,TRAIN,,,,training_set_metastatic_roi_046,/content/drive/MyDrive/Research/PUMA/Exploration_8_Diversity_Aware_Wider_Field_and_Boundary_Optimization/INPUTS/QUICK_BENCHMARK/Dataset/01_training_dataset_tif_ROIs/training_set_metastatic_roi_046.tif,911.271958,807.324339,5,neutrophil,gt
training_set_metastatic_roi_046:325,TRAIN,,,,training_set_metastatic_roi_046,/content/drive/MyDrive/Research/PUMA/Exploration_8_Diversity_Aware_Wider_Field_and_Boundary_Optimization/INPUTS/QUICK_BENCHMARK/Dataset/01_training_dataset_tif_ROIs/training_set_metastatic_roi_046.tif,390.750199,831.61257,5,neutrophil,gt
training_set_metastatic_roi_046:336,TRAIN,,,,training_set_metastatic_roi_046,/content/drive/MyDrive/Research/PUMA/Exploration_8_Diversity_Aware_Wider_Field_and_Boundary_Optimization/INPUTS/QUICK_BENCHMARK/Dataset/01_training_dataset_tif_ROIs/training_set_metastatic_roi_046.tif,820.806061,849.70101,5,neutrophil,gt
training_set_metastatic_roi_046:356,TRAIN,,,,training_set_metastatic_roi_046,/content/drive/MyDrive/Research/PUMA/Exploration_8_Diversity_Aware_Wider_Field_and_Boundary_Optimization/INPUTS/QUICK_BENCHMARK/Dataset/01_training_dataset_tif_ROIs/training_set_metastatic_roi_046.tif,673.398876,909.789326,5,neutrophil,gt
training_set_metastatic_roi_046:387,TRAIN,,,,training_set_metastatic_roi_046,/content/drive/MyDrive/Research/PUMA/Exploration_8_Diversity_Aware_Wider_Field_and_Boundary_Optimization/INPUTS/QUICK_BENCHMARK/Dataset/01_training_dataset_tif_ROIs/training_set_metastatic_roi_046.tif,179.188851,983.923777,5,neutrophil,gt
training_set_metastatic_roi_046:395,TRAIN,,,,training_set_metastatic_roi_046,/content/drive/MyDrive/Research/PUMA/Exploration_8_Diversity_Aware_Wider_Field_and_Boundary_Optimization/INPUTS/QUICK_BENCHMARK/Dataset/01_training_dataset_tif_ROIs/training_set_metastatic_roi_046.tif,394.257998,1006.581011,5,neutrophil,gt
training_set_metastatic_roi_046:403,TRAIN,,,,training_set_metastatic_roi_046,/content/drive/MyDrive/Research/PUMA/Exploration_8_Diversity_Aware_Wider_Field_and_Boundary_Optimization/INPUTS/QUICK_BENCHMARK/Dataset/01_training_dataset_tif_ROIs/training_set_metastatic_roi_046.tif,966.836735,933.717309,5,neutrophil,gt
training_set_metastatic_roi_046:404,TRAIN,,,,training_set_metastatic_roi_046,/content/drive/MyDrive/Research/PUMA/Exploration_8_Diversity_Aware_Wider_Field_and_Boundary_Optimization/INPUTS/QUICK_BENCHMARK/Dataset/01_training_dataset_tif_ROIs/training_set_metastatic_roi_046.tif,790.046796,829.204464,5,neutrophil,gt
training_set_metastatic_roi_046:408,TRAIN,,,,training_set_metastatic_roi_046,/content/drive/MyDrive/Research/PUMA/Exploration_8_Diversity_Aware_Wider_Field_and_Boundary_Optimization/INPUTS/QUICK_BENCHMARK/Dataset/01_training_dataset_tif_ROIs/training_set_metastatic_roi_046.tif,870.761969,314.910962,5,neutrophil,gt
training_set_metastatic_roi_046:410,TRAIN,,,,training_set_metastatic_roi_046,/content/drive/MyDrive/Research/PUMA/Exploration_8_Diversity_Aware_Wider_Field_and_Boundary_Optimization/INPUTS/QUICK_BENCHMARK/Dataset/01_training_dataset_tif_ROIs/training_set_metastatic_roi_046.tif,831.789382,209.749347,5,neutrophil,gt
training_set_metastatic_roi_046:412,TRAIN,,,,training_set_metastatic_roi_046,/content/drive/MyDrive/Research/PUMA/Exploration_8_Diversity_Aware_Wider_Field_and_Boundary_Optimization/INPUTS/QUICK_BENCHMARK/Dataset/01_training_dataset_tif_ROIs/training_set_metastatic_roi_046.tif,59.99511,67.09943,5,neutrophil,gt
training_set_metastatic_roi_046:414,TRAIN,,,,training_set_metastatic_roi_046,/content/drive/MyDrive/Research/PUMA/Exploration_8_Diversity_Aware_Wider_Field_and_Boundary_Optimization/INPUTS/QUICK_BENCHMARK/Dataset/01_training_dataset_tif_ROIs/training_set_metastatic_roi_046.tif,75.887128,681.804035,5,neutrophil,gt
training_set_metastatic_roi_046:415,TRAIN,,,,training_set_metastatic_roi_046,/content/drive/MyDrive/Research/PUMA/Exploration_8_Diversity_Aware_Wider_Field_and_Boundary_Optimization/INPUTS/QUICK_BENCHMARK/Dataset/01_training_dataset_tif_ROIs/training_set_metastatic_roi_046.tif,86.020019,704.955307,5,neutrophil,gt
training_set_metastatic_roi_046:416,TRAIN,,,,training_set_metastatic_roi_046,/content/drive/MyDrive/Research/PUMA/Exploration_8_Diversity_Aware_Wider_Field_and_Boundary_Optimization/INPUTS/QUICK_BENCHMARK/Dataset/01_training_dataset_tif_ROIs/training_set_metastatic_roi_046.tif,109.294118,712.623162,5,neutrophil,gt
training_set_metastatic_roi_046:417,TRAIN,,,,training_set_metastatic_roi_046,/content/drive/MyDrive/Research/PUMA/Exploration_8_Diversity_Aware_Wider_Field_and_Boundary_Optimization/INPUTS/QUICK_BENCHMARK/Dataset/01_training_dataset_tif_ROIs/training_set_metastatic_roi_046.tif,211.1415,669.970085,5,neutrophil,gt
training_set_metastatic_roi_046:419,TRAIN,,,,training_set_metastatic_roi_046,/content/drive/MyDrive/Research/PUMA/Exploration_8_Diversity_Aware_Wider_Field_and_Boundary_Optimization/INPUTS/QUICK_BENCHMARK/Dataset/01_training_dataset_tif_ROIs/training_set_metastatic_roi_046.tif,258.730061,659.592025,5,neutrophil,gt
training_set_metastatic_roi_046:420,TRAIN,,,,training_set_metastatic_roi_046,/content/drive/MyDrive/Research/PUMA/Exploration_8_Diversity_Aware_Wider_Field_and_Boundary_Optimization/INPUTS/QUICK_BENCHMARK/Dataset/01_training_dataset_tif_ROIs/training_set_metastatic_roi_046.tif,455.48951,692.613054,5,neutrophil,gt
training_set_metastatic_roi_046:421,TRAIN,,,,training_set_metastatic_roi_046,/content/drive/MyDrive/Research/PUMA/Exploration_8_Diversity_Aware_Wider_Field_and_Boundary_Optimization/INPUTS/QUICK_BENCHMARK/Dataset/01_training_dataset_tif_ROIs/training_set_metastatic_roi_046.tif,461.843311,533.33629,5,neutrophil,gt
training_set_metastatic_roi_046:422,TRAIN,,,,training_set_metastatic_roi_046,/content/drive/MyDrive/Research/PUMA/Exploration_8_Diversity_Aware_Wider_Field_and_Boundary_Optimization/INPUTS/QUICK_BENCHMARK/Dataset/01_training_dataset_tif_ROIs/training_set_metastatic_roi_046.tif,307.620665,1013.536447,5,neutrophil,gt
training_set_metastatic_roi_046:437,TRAIN,,,,training_set_metastatic_roi_046,/content/drive/MyDrive/Research/PUMA/Exploration_8_Diversity_Aware_Wider_Field_and_Boundary_Optimization/INPUTS/QUICK_BENCHMARK/Dataset/01_training_dataset_tif_ROIs/training_set_metastatic_roi_046.tif,885.01655,158.165891,5,neutrophil,gt
training_set_metastatic_roi_046:73,TRAIN,,,,training_set_metastatic_roi_046,/content/drive/MyDrive/Research/PUMA/Exploration_8_Diversity_Aware_Wider_Field_and_Boundary_Optimization/INPUTS/QUICK_BENCHMARK/Dataset/01_training_dataset_tif_ROIs/training_set_metastatic_roi_046.tif,980.90274,170.559817,5,neutrophil,gt
training_set_metastatic_roi_056:0,TRAIN,,,,training_set_metastatic_roi_056,/content/drive/MyDrive/Research/PUMA/Exploration_8_Diversity_Aware_Wider_Field_and_Boundary_Optimization/INPUTS/QUICK_BENCHMARK/Dataset/01_training_dataset_tif_ROIs/training_set_metastatic_roi_056.tif,505.414883,782.646279,8,endothelium,gt
training_set_metastatic_roi_056:112,TRAIN,,,,training_set_metastatic_roi_056,/content/drive/MyDrive/Research/PUMA/Exploration_8_Diversity_Aware_Wider_Field_and_Boundary_Optimization/INPUTS/QUICK_BENCHMARK/Dataset/01_training_dataset_tif_ROIs/training_set_metastatic_roi_056.tif,940.058977,890.861844,8,endothelium,gt
training_set_metastatic_roi_056:124,TRAIN,,,,training_set_metastatic_roi_056,/content/drive/MyDrive/Research/PUMA/Exploration_8_Diversity_Aware_Wider_Field_and_Boundary_Optimization/INPUTS/QUICK_BENCHMARK/Dataset/01_training_dataset_tif_ROIs/training_set_metastatic_roi_056.tif,471.582583,786.054054,8,endothelium,gt
training_set_metastatic_roi_056:126,TRAIN,,,,training_set_metastatic_roi_056,/content/drive/MyDrive/Research/PUMA/Exploration_8_Diversity_Aware_Wider_Field_and_Boundary_Optimization/INPUTS/QUICK_BENCHMARK/Dataset/01_training_dataset_tif_ROIs/training_set_metastatic_roi_056.tif,952.075192,790.014506,8,endothelium,gt
training_set_metastatic_roi_056:145,TRAIN,,,,training_set_metastatic_roi_056,/content/drive/MyDrive/Research/PUMA/Exploration_8_Diversity_Aware_Wider_Field_and_Boundary_Optimization/INPUTS/QUICK_BENCHMARK/Dataset/01_training_dataset_tif_ROIs/training_set_metastatic_roi_056.tif,441.619048,710.657738,8,endothelium,gt
training_set_metastatic_roi_056:151,TRAIN,,,,training_set_metastatic_roi_056,/content/drive/MyDrive/Research/PUMA/Exploration_8_Diversity_Aware_Wider_Field_and_Boundary_Optimization/INPUTS/QUICK_BENCHMARK/Dataset/01_training_dataset_tif_ROIs/training_set_metastatic_roi_056.tif,942.970803,768.480941,8,endothelium,gt
training_set_metastatic_roi_056:159,TRAIN,,,,training_set_metastatic_roi_056,/content/drive/MyDrive/Research/PUMA/Exploration_8_Diversity_Aware_Wider_Field_and_Boundary_Optimization/INPUTS/QUICK_BENCHMARK/Dataset/01_training_dataset_tif_ROIs/training_set_metastatic_roi_056.tif,939.268387,945.016904,8,endothelium,gt
training_set_metastatic_roi_056:168,TRAIN,,,,training_set_metastatic_roi_056,/content/drive/MyDrive/Research/PUMA/Exploration_8_Diversity_Aware_Wider_Field_and_Boundary_Optimization/INPUTS/QUICK_BENCHMARK/Dataset/01_training_dataset_tif_ROIs/training_set_metastatic_roi_056.tif,484.178926,666.665341,8,endothelium,gt
training_set_metastatic_roi_056:171,TRAIN,,,,training_set_metastatic_roi_056,/content/drive/MyDrive/Research/PUMA/Exploration_8_Diversity_Aware_Wider_Field_and_Boundary_Optimization/INPUTS/QUICK_BENCHMARK/Dataset/01_training_dataset_tif_ROIs/training_set_metastatic_roi_056.tif,462.752157,728.770196,8,endothelium,gt
training_set_metastatic_roi_056:176,TRAIN,,,,training_set_metastatic_roi_056,/content/drive/MyDrive/Research/PUMA/Exploration_8_Diversity_Aware_Wider_Field_and_Boundary_Optimization/INPUTS/QUICK_BENCHMARK/Dataset/01_training_dataset_tif_ROIs/training_set_metastatic_roi_056.tif,4.74023,705.268966,8,endothelium,gt
training_set_metastatic_roi_056:177,TRAIN,,,,training_set_metastatic_roi_056,/content/drive/MyDrive/Research/PUMA/Exploration_8_Diversity_Aware_Wider_Field_and_Boundary_Optimization/INPUTS/QUICK_BENCHMARK/Dataset/01_training_dataset_tif_ROIs/training_set_metastatic_roi_056.tif,958.087075,976.304082,8,endothelium,gt
training_set_metastatic_roi_056:216,TRAIN,,,,training_set_metastatic_roi_056,/content/drive/MyDrive/Research/PUMA/Exploration_8_Diversity_Aware_Wider_Field_and_Boundary_Optimization/INPUTS/QUICK_BENCHMARK/Dataset/01_training_dataset_tif_ROIs/training_set_metastatic_roi_056.tif,980.467327,840.153795,8,endothelium,gt
training_set_metastatic_roi_056:236,TRAIN,,,,training_set_metastatic_roi_056,/content/drive/MyDrive/Research/PUMA/Exploration_8_Diversity_Aware_Wider_Field_and_Boundary_Optimization/INPUTS/QUICK_BENCHMARK/Dataset/01_training_dataset_tif_ROIs/training_set_metastatic_roi_056.tif,26.198302,799.303241,8,endothelium,gt
training_set_metastatic_roi_056:285,TRAIN,,,,training_set_metastatic_roi_056,/content/drive/MyDrive/Research/PUMA/Exploration_8_Diversity_Aware_Wider_Field_and_Boundary_Optimization/INPUTS/QUICK_BENCHMARK/Dataset/01_training_dataset_tif_ROIs/training_set_metastatic_roi_056.tif,983.667658,915.877634,8,endothelium,gt
training_set_metastatic_roi_056:291,TRAIN,,,,training_set_metastatic_roi_056,/content/drive/MyDrive/Research/PUMA/Exploration_8_Diversity_Aware_Wider_Field_and_Boundary_Optimization/INPUTS/QUICK_BENCHMARK/Dataset/01_training_dataset_tif_ROIs/training_set_metastatic_roi_056.tif,1012.751836,698.528634,8,endothelium,gt
training_set_metastatic_roi_056:33,TRAIN,,,,training_set_metastatic_roi_056,/content/drive/MyDrive/Research/PUMA/Exploration_8_Diversity_Aware_Wider_Field_and_Boundary_Optimization/INPUTS/QUICK_BENCHMARK/Dataset/01_training_dataset_tif_ROIs/training_set_metastatic_roi_056.tif,446.117331,959.906701,8,endothelium,gt
training_set_metastatic_roi_056:76,TRAIN,,,,training_set_metastatic_roi_056,/content/drive/MyDrive/Research/PUMA/Exploration_8_Diversity_Aware_Wider_Field_and_Boundary_Optimization/INPUTS/QUICK_BENCHMARK/Dataset/01_training_dataset_tif_ROIs/training_set_metastatic_roi_056.tif,504.131667,659.92625,8,endothelium,gt
training_set_metastatic_roi_056:97,TRAIN,,,,training_set_metastatic_roi_056,/content/drive/MyDrive/Research/PUMA/Exploration_8_Diversity_Aware_Wider_Field_and_Boundary_Optimization/INPUTS/QUICK_BENCHMARK/Dataset/01_training_dataset_tif_ROIs/training_set_metastatic_roi_056.tif,440.053726,999.352254,8,endothelium,gt
training_set_metastatic_roi_065:530,TRAIN,,,,training_set_metastatic_roi_065,/content/drive/MyDrive/Research/PUMA/Exploration_8_Diversity_Aware_Wider_Field_and_Boundary_Optimization/INPUTS/QUICK_BENCHMARK/Dataset/01_training_dataset_tif_ROIs/training_set_metastatic_roi_065.tif,951.402679,616.300281,2,plasma_cell,gt
training_set_metastatic_roi_065:531,TRAIN,,,,training_set_metastatic_roi_065,/content/drive/MyDrive/Research/PUMA/Exploration_8_Diversity_Aware_Wider_Field_and_Boundary_Optimization/INPUTS/QUICK_BENCHMARK/Dataset/01_training_dataset_tif_ROIs/training_set_metastatic_roi_065.tif,986.852151,563.63172,2,plasma_cell,gt
training_set_metastatic_roi_065:532,TRAIN,,,,training_set_metastatic_roi_065,/content/drive/MyDrive/Research/PUMA/Exploration_8_Diversity_Aware_Wider_Field_and_Boundary_Optimization/INPUTS/QUICK_BENCHMARK/Dataset/01_training_dataset_tif_ROIs/training_set_metastatic_roi_065.tif,974.639834,586.570295,2,plasma_cell,gt
training_set_metastatic_roi_072:374,TRAIN,,,,training_set_metastatic_roi_072,/content/drive/MyDrive/Research/PUMA/Exploration_8_Diversity_Aware_Wider_Field_and_Boundary_Optimization/INPUTS/QUICK_BENCHMARK/Dataset/01_training_dataset_tif_ROIs/training_set_metastatic_roi_072.tif,817.138542,76.230729,2,plasma_cell,gt
training_set_metastatic_roi_072:715,TRAIN,,,,training_set_metastatic_roi_072,/content/drive/MyDrive/Research/PUMA/Exploration_8_Diversity_Aware_Wider_Field_and_Boundary_Optimization/INPUTS/QUICK_BENCHMARK/Dataset/01_training_dataset_tif_ROIs/training_set_metastatic_roi_072.tif,932.163609,39.995413,2,plasma_cell,gt
training_set_metastatic_roi_101:11,TRAIN,,,,training_set_metastatic_roi_101,/content/drive/MyDrive/Research/PUMA/Exploration_8_Diversity_Aware_Wider_Field_and_Boundary_Optimization/INPUTS/QUICK_BENCHMARK/Dataset/01_training_dataset_tif_ROIs/training_set_metastatic_roi_101.tif,719.332512,13.778325,9,apoptosis,gt
training_set_metastatic_roi_101:120,TRAIN,,,,training_set_metastatic_roi_101,/content/drive/MyDrive/Research/PUMA/Exploration_8_Diversity_Aware_Wider_Field_and_Boundary_Optimization/INPUTS/QUICK_BENCHMARK/Dataset/01_training_dataset_tif_ROIs/training_set_metastatic_roi_101.tif,943.771795,290.153846,9,apoptosis,gt
training_set_metastatic_roi_101:137,TRAIN,,,,training_set_metastatic_roi_101,/content/drive/MyDrive/Research/PUMA/Exploration_8_Diversity_Aware_Wider_Field_and_Boundary_Optimization/INPUTS/QUICK_BENCHMARK/Dataset/01_training_dataset_tif_ROIs/training_set_metastatic_roi_101.tif,158.171533,338.653285,9,apoptosis,gt
training_set_metastatic_roi_101:167,TRAIN,,,,training_set_metastatic_roi_101,/content/drive/MyDrive/Research/PUMA/Exploration_8_Diversity_Aware_Wider_Field_and_Boundary_Optimization/INPUTS/QUICK_BENCHMARK/Dataset/01_training_dataset_tif_ROIs/training_set_metastatic_roi_101.tif,572.388298,424.585106,9,apoptosis,gt
training_set_metastatic_roi_101:181,TRAIN,,,,training_set_metastatic_roi_101,/content/drive/MyDrive/Research/PUMA/Exploration_8_Diversity_Aware_Wider_Field_and_Boundary_Optimization/INPUTS/QUICK_BENCHMARK/Dataset/01_training_dataset_tif_ROIs/training_set_metastatic_roi_101.tif,379.554054,445.533784,9,apoptosis,gt
training_set_metastatic_roi_101:191,TRAIN,,,,training_set_metastatic_roi_101,/content/drive/MyDrive/Research/PUMA/Exploration_8_Diversity_Aware_Wider_Field_and_Boundary_Optimization/INPUTS/QUICK_BENCHMARK/Dataset/01_training_dataset_tif_ROIs/training_set_metastatic_roi_101.tif,523.513746,480.991409,9,apoptosis,gt
training_set_metastatic_roi_101:194,TRAIN,,,,training_set_metastatic_roi_101,/content/drive/MyDrive/Research/PUMA/Exploration_8_Diversity_Aware_Wider_Field_and_Boundary_Optimization/INPUTS/QUICK_BENCHMARK/Dataset/01_training_dataset_tif_ROIs/training_set_metastatic_roi_101.tif,633.67284,482.277778,9,apoptosis,gt
training_set_metastatic_roi_101:218,TRAIN,,,,training_set_metastatic_roi_101,/content/drive/MyDrive/Research/PUMA/Exploration_8_Diversity_Aware_Wider_Field_and_Boundary_Optimization/INPUTS/QUICK_BENCHMARK/Dataset/01_training_dataset_tif_ROIs/training_set_metastatic_roi_101.tif,679.922925,552.729249,9,apoptosis,gt
training_set_metastatic_roi_101:220,TRAIN,,,,training_set_metastatic_roi_101,/content/drive/MyDrive/Research/PUMA/Exploration_8_Diversity_Aware_Wider_Field_and_Boundary_Optimization/INPUTS/QUICK_BENCHMARK/Dataset/01_training_dataset_tif_ROIs/training_set_metastatic_roi_101.tif,356.310811,556.175676,9,apoptosis,gt
training_set_metastatic_roi_101:233,TRAIN,,,,training_set_metastatic_roi_101,/content/drive/MyDrive/Research/PUMA/Exploration_8_Diversity_Aware_Wider_Field_and_Boundary_Optimization/INPUTS/QUICK_BENCHMARK/Dataset/01_training_dataset_tif_ROIs/training_set_metastatic_roi_101.tif,358.650628,603.449791,9,apoptosis,gt
training_set_metastatic_roi_101:237,TRAIN,,,,training_set_metastatic_roi_101,/content/drive/MyDrive/Research/PUMA/Exploration_8_Diversity_Aware_Wider_Field_and_Boundary_Optimization/INPUTS/QUICK_BENCHMARK/Dataset/01_training_dataset_tif_ROIs/training_set_metastatic_roi_101.tif,742.512579,605.015723,9,apoptosis,gt
training_set_metastatic_roi_101:251,TRAIN,,,,training_set_metastatic_roi_101,/content/drive/MyDrive/Research/PUMA/Exploration_8_Diversity_Aware_Wider_Field_and_Boundary_Optimization/INPUTS/QUICK_BENCHMARK/Dataset/01_training_dataset_tif_ROIs/training_set_metastatic_roi_101.tif,533.506536,654.277778,9,apoptosis,gt
training_set_metastatic_roi_101:276,TRAIN,,,,training_set_metastatic_roi_101,/content/drive/MyDrive/Research/PUMA/Exploration_8_Diversity_Aware_Wider_Field_and_Boundary_Optimization/INPUTS/QUICK_BENCHMARK/Dataset/01_training_dataset_tif_ROIs/training_set_metastatic_roi_101.tif,661.234807,735.157459,9,apoptosis,gt
training_set_metastatic_roi_101:286,TRAIN,,,,training_set_metastatic_roi_101,/content/drive/MyDrive/Research/PUMA/Exploration_8_Diversity_Aware_Wider_Field_and_Boundary_Optimization/INPUTS/QUICK_BENCHMARK/Dataset/01_training_dataset_tif_ROIs/training_set_metastatic_roi_101.tif,624.533613,759.348739,9,apoptosis,gt
training_set_metastatic_roi_101:287,TRAIN,,,,training_set_metastatic_roi_101,/content/drive/MyDrive/Research/PUMA/Exploration_8_Diversity_Aware_Wider_Field_and_Boundary_Optimization/INPUTS/QUICK_BENCHMARK/Dataset/01_training_dataset_tif_ROIs/training_set_metastatic_roi_101.tif,717.066929,774.948819,9,apoptosis,gt
training_set_metastatic_roi_101:296,TRAIN,,,,training_set_metastatic_roi_101,/content/drive/MyDrive/Research/PUMA/Exploration_8_Diversity_Aware_Wider_Field_and_Boundary_Optimization/INPUTS/QUICK_BENCHMARK/Dataset/01_training_dataset_tif_ROIs/training_set_metastatic_roi_101.tif,541.390476,809.328571,9,apoptosis,gt
training_set_metastatic_roi_101:329,TRAIN,,,,training_set_metastatic_roi_101,/content/drive/MyDrive/Research/PUMA/Exploration_8_Diversity_Aware_Wider_Field_and_Boundary_Optimization/INPUTS/QUICK_BENCHMARK/Dataset/01_training_dataset_tif_ROIs/training_set_metastatic_roi_101.tif,613.658537,921.018293,9,apoptosis,gt
training_set_metastatic_roi_101:332,TRAIN,,,,training_set_metastatic_roi_101,/content/drive/MyDrive/Research/PUMA/Exploration_8_Diversity_Aware_Wider_Field_and_Boundary_Optimization/INPUTS/QUICK_BENCHMARK/Dataset/01_training_dataset_tif_ROIs/training_set_metastatic_roi_101.tif,657.234007,958.537037,9,apoptosis,gt
training_set_metastatic_roi_101:335,TRAIN,,,,training_set_metastatic_roi_101,/content/drive/MyDrive/Research/PUMA/Exploration_8_Diversity_Aware_Wider_Field_and_Boundary_Optimization/INPUTS/QUICK_BENCHMARK/Dataset/01_training_dataset_tif_ROIs/training_set_metastatic_roi_101.tif,460.354962,1005.270992,9,apoptosis,gt
training_set_metastatic_roi_101:358,TRAIN,,,,training_set_metastatic_roi_101,/content/drive/MyDrive/Research/PUMA/Exploration_8_Diversity_Aware_Wider_Field_and_Boundary_Optimization/INPUTS/QUICK_BENCHMARK/Dataset/01_training_dataset_tif_ROIs/training_set_metastatic_roi_101.tif,613.628571,797.828571,9,apoptosis,gt
training_set_primary_roi_013:0,TRAIN,,,,training_set_primary_roi_013,/content/drive/MyDrive/Research/PUMA/Exploration_8_Diversity_Aware_Wider_Field_and_Boundary_Optimization/INPUTS/QUICK_BENCHMARK/Dataset/01_training_dataset_tif_ROIs/training_set_primary_roi_013.tif,208.477302,10.726329,7,epithelium,gt
training_set_primary_roi_013:104,TRAIN,,,,training_set_primary_roi_013,/content/drive/MyDrive/Research/PUMA/Exploration_8_Diversity_Aware_Wider_Field_and_Boundary_Optimization/INPUTS/QUICK_BENCHMARK/Dataset/01_training_dataset_tif_ROIs/training_set_primary_roi_013.tif,766.746407,273.552619,3,histiocyte,gt
training_set_primary_roi_013:122,TRAIN,,,,training_set_primary_roi_013,/content/drive/MyDrive/Research/PUMA/Exploration_8_Diversity_Aware_Wider_Field_and_Boundary_Optimization/INPUTS/QUICK_BENCHMARK/Dataset/01_training_dataset_tif_ROIs/training_set_primary_roi_013.tif,440.112349,335.951253,3,histiocyte,gt
training_set_primary_roi_013:123,TRAIN,,,,training_set_primary_roi_013,/content/drive/MyDrive/Research/PUMA/Exploration_8_Diversity_Aware_Wider_Field_and_Boundary_Optimization/INPUTS/QUICK_BENCHMARK/Dataset/01_training_dataset_tif_ROIs/training_set_primary_roi_013.tif,348.812688,342.283033,7,epithelium,gt
training_set_primary_roi_013:13,TRAIN,,,,training_set_primary_roi_013,/content/drive/MyDrive/Research/PUMA/Exploration_8_Diversity_Aware_Wider_Field_and_Boundary_Optimization/INPUTS/QUICK_BENCHMARK/Dataset/01_training_dataset_tif_ROIs/training_set_primary_roi_013.tif,176.988724,25.993305,7,epithelium,gt
training_set_primary_roi_013:135,TRAIN,,,,training_set_primary_roi_013,/content/drive/MyDrive/Research/PUMA/Exploration_8_Diversity_Aware_Wider_Field_and_Boundary_Optimization/INPUTS/QUICK_BENCHMARK/Dataset/01_training_dataset_tif_ROIs/training_set_primary_roi_013.tif,467.406454,394.835784,3,histiocyte,gt
training_set_primary_roi_013:145,TRAIN,,,,training_set_primary_roi_013,/content/drive/MyDrive/Research/PUMA/Exploration_8_Diversity_Aware_Wider_Field_and_Boundary_Optimization/INPUTS/QUICK_BENCHMARK/Dataset/01_training_dataset_tif_ROIs/training_set_primary_roi_013.tif,153.262771,407.866234,7,epithelium,gt
training_set_primary_roi_013:146,TRAIN,,,,training_set_primary_roi_013,/content/drive/MyDrive/Research/PUMA/Exploration_8_Diversity_Aware_Wider_Field_and_Boundary_Optimization/INPUTS/QUICK_BENCHMARK/Dataset/01_training_dataset_tif_ROIs/training_set_primary_roi_013.tif,73.193948,413.52381,7,epithelium,gt
training_set_primary_roi_013:151,TRAIN,,,,training_set_primary_roi_013,/content/drive/MyDrive/Research/PUMA/Exploration_8_Diversity_Aware_Wider_Field_and_Boundary_Optimization/INPUTS/QUICK_BENCHMARK/Dataset/01_training_dataset_tif_ROIs/training_set_primary_roi_013.tif,132.640449,423.20626,7,epithelium,gt
training_set_primary_roi_013:153,TRAIN,,,,training_set_primary_roi_013,/content/drive/MyDrive/Research/PUMA/Exploration_8_Diversity_Aware_Wider_Field_and_Boundary_Optimization/INPUTS/QUICK_BENCHMARK/Dataset/01_training_dataset_tif_ROIs/training_set_primary_roi_013.tif,890.334456,432.21474,3,histiocyte,gt
training_set_primary_roi_013:157,TRAIN,,,,training_set_primary_roi_013,/content/drive/MyDrive/Research/PUMA/Exploration_8_Diversity_Aware_Wider_Field_and_Boundary_Optimization/INPUTS/QUICK_BENCHMARK/Dataset/01_training_dataset_tif_ROIs/training_set_primary_roi_013.tif,178.685872,442.55657,7,epithelium,gt
training_set_primary_roi_013:159,TRAIN,,,,training_set_primary_roi_013,/content/drive/MyDrive/Research/PUMA/Exploration_8_Diversity_Aware_Wider_Field_and_Boundary_Optimization/INPUTS/QUICK_BENCHMARK/Dataset/01_training_dataset_tif_ROIs/training_set_primary_roi_013.tif,269.46201,439.001838,7,epithelium,gt
training_set_primary_roi_013:165,TRAIN,,,,training_set_primary_roi_013,/content/drive/MyDrive/Research/PUMA/Exploration_8_Diversity_Aware_Wider_Field_and_Boundary_Optimization/INPUTS/QUICK_BENCHMARK/Dataset/01_training_dataset_tif_ROIs/training_set_primary_roi_013.tif,92.725354,460.535993,7,epithelium,gt
training_set_primary_roi_013:175,TRAIN,,,,training_set_primary_roi_013,/content/drive/MyDrive/Research/PUMA/Exploration_8_Diversity_Aware_Wider_Field_and_Boundary_Optimization/INPUTS/QUICK_BENCHMARK/Dataset/01_training_dataset_tif_ROIs/training_set_primary_roi_013.tif,561.535638,502.209271,3,histiocyte,gt
training_set_primary_roi_013:176,TRAIN,,,,training_set_primary_roi_013,/content/drive/MyDrive/Research/PUMA/Exploration_8_Diversity_Aware_Wider_Field_and_Boundary_Optimization/INPUTS/QUICK_BENCHMARK/Dataset/01_training_dataset_tif_ROIs/training_set_primary_roi_013.tif,12.924261,498.36209,7,epithelium,gt
training_set_primary_roi_013:178,TRAIN,,,,training_set_primary_roi_013,/content/drive/MyDrive/Research/PUMA/Exploration_8_Diversity_Aware_Wider_Field_and_Boundary_Optimization/INPUTS/QUICK_BENCHMARK/Dataset/01_training_dataset_tif_ROIs/training_set_primary_roi_013.tif,922.342697,503.253558,3,histiocyte,gt
training_set_primary_roi_013:20,TRAIN,,,,training_set_primary_roi_013,/content/drive/MyDrive/Research/PUMA/Exploration_8_Diversity_Aware_Wider_Field_and_Boundary_Optimization/INPUTS/QUICK_BENCHMARK/Dataset/01_training_dataset_tif_ROIs/training_set_primary_roi_013.tif,697.181053,41.377544,3,histiocyte,gt
training_set_primary_roi_013:205,TRAIN,,,,training_set_primary_roi_013,/content/drive/MyDrive/Research/PUMA/Exploration_8_Diversity_Aware_Wider_Field_and_Boundary_Optimization/INPUTS/QUICK_BENCHMARK/Dataset/01_training_dataset_tif_ROIs/training_set_primary_roi_013.tif,681.723328,572.630182,3,histiocyte,gt
training_set_primary_roi_013:217,TRAIN,,,,training_set_primary_roi_013,/content/drive/MyDrive/Research/PUMA/Exploration_8_Diversity_Aware_Wider_Field_and_Boundary_Optimization/INPUTS/QUICK_BENCHMARK/Dataset/01_training_dataset_tif_ROIs/training_set_primary_roi_013.tif,337.347413,605.893699,3,histiocyte,gt
training_set_primary_roi_013:22,TRAIN,,,,training_set_primary_roi_013,/content/drive/MyDrive/Research/PUMA/Exploration_8_Diversity_Aware_Wider_Field_and_Boundary_Optimization/INPUTS/QUICK_BENCHMARK/Dataset/01_training_dataset_tif_ROIs/training_set_primary_roi_013.tif,244.852022,41.612678,7,epithelium,gt
training_set_primary_roi_013:228,TRAIN,,,,training_set_primary_roi_013,/content/drive/MyDrive/Research/PUMA/Exploration_8_Diversity_Aware_Wider_Field_and_Boundary_Optimization/INPUTS/QUICK_BENCHMARK/Dataset/01_training_dataset_tif_ROIs/training_set_primary_roi_013.tif,96.481928,622.549197,3,histiocyte,gt
training_set_primary_roi_013:252,TRAIN,,,,training_set_primary_roi_013,/content/drive/MyDrive/Research/PUMA/Exploration_8_Diversity_Aware_Wider_Field_and_Boundary_Optimization/INPUTS/QUICK_BENCHMARK/Dataset/01_training_dataset_tif_ROIs/training_set_primary_roi_013.tif,63.263907,673.46551,3,histiocyte,gt
training_set_primary_roi_013:271,TRAIN,,,,training_set_primary_roi_013,/content/drive/MyDrive/Research/PUMA/Exploration_8_Diversity_Aware_Wider_Field_and_Boundary_Optimization/INPUTS/QUICK_BENCHMARK/Dataset/01_training_dataset_tif_ROIs/training_set_primary_roi_013.tif,868.093802,721.837521,3,histiocyte,gt
training_set_primary_roi_013:280,TRAIN,,,,training_set_primary_roi_013,/content/drive/MyDrive/Research/PUMA/Exploration_8_Diversity_Aware_Wider_Field_and_Boundary_Optimization/INPUTS/QUICK_BENCHMARK/Dataset/01_training_dataset_tif_ROIs/training_set_primary_roi_013.tif,912.284848,742.808858,3,histiocyte,gt
training_set_primary_roi_013:300,TRAIN,,,,training_set_primary_roi_013,/content/drive/MyDrive/Research/PUMA/Exploration_8_Diversity_Aware_Wider_Field_and_Boundary_Optimization/INPUTS/QUICK_BENCHMARK/Dataset/01_training_dataset_tif_ROIs/training_set_primary_roi_013.tif,85.514588,789.748724,3,histiocyte,gt
training_set_primary_roi_013:303,TRAIN,,,,training_set_primary_roi_013,/content/drive/MyDrive/Research/PUMA/Exploration_8_Diversity_Aware_Wider_Field_and_Boundary_Optimization/INPUTS/QUICK_BENCHMARK/Dataset/01_training_dataset_tif_ROIs/training_set_primary_roi_013.tif,517.951591,794.462794,3,histiocyte,gt
training_set_primary_roi_013:36,TRAIN,,,,training_set_primary_roi_013,/content/drive/MyDrive/Research/PUMA/Exploration_8_Diversity_Aware_Wider_Field_and_Boundary_Optimization/INPUTS/QUICK_BENCHMARK/Dataset/01_training_dataset_tif_ROIs/training_set_primary_roi_013.tif,372.291538,75.931889,7,epithelium,gt
training_set_primary_roi_013:383,TRAIN,,,,training_set_primary_roi_013,/content/drive/MyDrive/Research/PUMA/Exploration_8_Diversity_Aware_Wider_Field_and_Boundary_Optimization/INPUTS/QUICK_BENCHMARK/Dataset/01_training_dataset_tif_ROIs/training_set_primary_roi_013.tif,379.973696,943.948055,3,histiocyte,gt
training_set_primary_roi_013:404,TRAIN,,,,training_set_primary_roi_013,/content/drive/MyDrive/Research/PUMA/Exploration_8_Diversity_Aware_Wider_Field_and_Boundary_Optimization/INPUTS/QUICK_BENCHMARK/Dataset/01_training_dataset_tif_ROIs/training_set_primary_roi_013.tif,702.008974,976.611111,3,histiocyte,gt
training_set_primary_roi_013:412,TRAIN,,,,training_set_primary_roi_013,/content/drive/MyDrive/Research/PUMA/Exploration_8_Diversity_Aware_Wider_Field_and_Boundary_Optimization/INPUTS/QUICK_BENCHMARK/Dataset/01_training_dataset_tif_ROIs/training_set_primary_roi_013.tif,735.76036,992.560721,3,histiocyte,gt
training_set_primary_roi_013:439,TRAIN,,,,training_set_primary_roi_013,/content/drive/MyDrive/Research/PUMA/Exploration_8_Diversity_Aware_Wider_Field_and_Boundary_Optimization/INPUTS/QUICK_BENCHMARK/Dataset/01_training_dataset_tif_ROIs/training_set_primary_roi_013.tif,576.91092,931.424138,3,histiocyte,gt
training_set_primary_roi_013:444,TRAIN,,,,training_set_primary_roi_013,/content/drive/MyDrive/Research/PUMA/Exploration_8_Diversity_Aware_Wider_Field_and_Boundary_Optimization/INPUTS/QUICK_BENCHMARK/Dataset/01_training_dataset_tif_ROIs/training_set_primary_roi_013.tif,316.105143,90.097005,7,epithelium,gt
training_set_primary_roi_013:54,TRAIN,,,,training_set_primary_roi_013,/content/drive/MyDrive/Research/PUMA/Exploration_8_Diversity_Aware_Wider_Field_and_Boundary_Optimization/INPUTS/QUICK_BENCHMARK/Dataset/01_training_dataset_tif_ROIs/training_set_primary_roi_013.tif,363.707965,109.950657,7,epithelium,gt
training_set_primary_roi_013:6,TRAIN,,,,training_set_primary_roi_013,/content/drive/MyDrive/Research/PUMA/Exploration_8_Diversity_Aware_Wider_Field_and_Boundary_Optimization/INPUTS/QUICK_BENCHMARK/Dataset/01_training_dataset_tif_ROIs/training_set_primary_roi_013.tif,359.97549,18.956495,7,epithelium,gt
training_set_primary_roi_013:61,TRAIN,,,,training_set_primary_roi_013,/content/drive/MyDrive/Research/PUMA/Exploration_8_Diversity_Aware_Wider_Field_and_Boundary_Optimization/INPUTS/QUICK_BENCHMARK/Dataset/01_training_dataset_tif_ROIs/training_set_primary_roi_013.tif,368.966601,144.21292,7,epithelium,gt
training_set_primary_roi_013:65,TRAIN,,,,training_set_primary_roi_013,/content/drive/MyDrive/Research/PUMA/Exploration_8_Diversity_Aware_Wider_Field_and_Boundary_Optimization/INPUTS/QUICK_BENCHMARK/Dataset/01_training_dataset_tif_ROIs/training_set_primary_roi_013.tif,599.222798,145.645941,3,histiocyte,gt
training_set_primary_roi_013:7,TRAIN,,,,training_set_primary_roi_013,/content/drive/MyDrive/Research/PUMA/Exploration_8_Diversity_Aware_Wider_Field_and_Boundary_Optimization/INPUTS/QUICK_BENCHMARK/Dataset/01_training_dataset_tif_ROIs/training_set_primary_roi_013.tif,253.884304,17.022599,7,epithelium,gt
training_set_primary_roi_013:77,TRAIN,,,,training_set_primary_roi_013,/content/drive/MyDrive/Research/PUMA/Exploration_8_Diversity_Aware_Wider_Field_and_Boundary_Optimization/INPUTS/QUICK_BENCHMARK/Dataset/01_training_dataset_tif_ROIs/training_set_primary_roi_013.tif,793.032663,191.825796,3,histiocyte,gt
training_set_primary_roi_025:10,TRAIN,,,,training_set_primary_roi_025,/content/drive/MyDrive/Research/PUMA/Exploration_8_Diversity_Aware_Wider_Field_and_Boundary_Optimization/INPUTS/QUICK_BENCHMARK/Dataset/01_training_dataset_tif_ROIs/training_set_primary_roi_025.tif,741.246541,37.480922,3,histiocyte,gt
training_set_primary_roi_025:152,TRAIN,,,,training_set_primary_roi_025,/content/drive/MyDrive/Research/PUMA/Exploration_8_Diversity_Aware_Wider_Field_and_Boundary_Optimization/INPUTS/QUICK_BENCHMARK/Dataset/01_training_dataset_tif_ROIs/training_set_primary_roi_025.tif,73.577322,630.961749,3,histiocyte,gt
training_set_primary_roi_025:177,TRAIN,,,,training_set_primary_roi_025,/content/drive/MyDrive/Research/PUMA/Exploration_8_Diversity_Aware_Wider_Field_and_Boundary_Optimization/INPUTS/QUICK_BENCHMARK/Dataset/01_training_dataset_tif_ROIs/training_set_primary_roi_025.tif,148.669039,718.589561,3,histiocyte,gt
training_set_primary_roi_025:180,TRAIN,,,,training_set_primary_roi_025,/content/drive/MyDrive/Research/PUMA/Exploration_8_Diversity_Aware_Wider_Field_and_Boundary_Optimization/INPUTS/QUICK_BENCHMARK/Dataset/01_training_dataset_tif_ROIs/training_set_primary_roi_025.tif,194.940488,726.878668,3,histiocyte,gt
training_set_primary_roi_025:183,TRAIN,,,,training_set_primary_roi_025,/content/drive/MyDrive/Research/PUMA/Exploration_8_Diversity_Aware_Wider_Field_and_Boundary_Optimization/INPUTS/QUICK_BENCHMARK/Dataset/01_training_dataset_tif_ROIs/training_set_primary_roi_025.tif,110.729061,733.155143,3,histiocyte,gt
training_set_primary_roi_025:191,TRAIN,,,,training_set_primary_roi_025,/content/drive/MyDrive/Research/PUMA/Exploration_8_Diversity_Aware_Wider_Field_and_Boundary_Optimization/INPUTS/QUICK_BENCHMARK/Dataset/01_training_dataset_tif_ROIs/training_set_primary_roi_025.tif,130.494686,766.589855,3,histiocyte,gt
training_set_primary_roi_025:196,TRAIN,,,,training_set_primary_roi_025,/content/drive/MyDrive/Research/PUMA/Exploration_8_Diversity_Aware_Wider_Field_and_Boundary_Optimization/INPUTS/QUICK_BENCHMARK/Dataset/01_training_dataset_tif_ROIs/training_set_primary_roi_025.tif,306.364508,797.430589,3,histiocyte,gt
training_set_primary_roi_025:198,TRAIN,,,,training_set_primary_roi_025,/content/drive/MyDrive/Research/PUMA/Exploration_8_Diversity_Aware_Wider_Field_and_Boundary_Optimization/INPUTS/QUICK_BENCHMARK/Dataset/01_training_dataset_tif_ROIs/training_set_primary_roi_025.tif,181.423887,803.114895,3,histiocyte,gt
training_set_primary_roi_025:209,TRAIN,,,,training_set_primary_roi_025,/content/drive/MyDrive/Research/PUMA/Exploration_8_Diversity_Aware_Wider_Field_and_Boundary_Optimization/INPUTS/QUICK_BENCHMARK/Dataset/01_training_dataset_tif_ROIs/training_set_primary_roi_025.tif,53.274341,851.231195,3,histiocyte,gt
training_set_primary_roi_025:222,TRAIN,,,,training_set_primary_roi_025,/content/drive/MyDrive/Research/PUMA/Exploration_8_Diversity_Aware_Wider_Field_and_Boundary_Optimization/INPUTS/QUICK_BENCHMARK/Dataset/01_training_dataset_tif_ROIs/training_set_primary_roi_025.tif,29.558735,878.112565,3,histiocyte,gt
training_set_primary_roi_025:226,TRAIN,,,,training_set_primary_roi_025,/content/drive/MyDrive/Research/PUMA/Exploration_8_Diversity_Aware_Wider_Field_and_Boundary_Optimization/INPUTS/QUICK_BENCHMARK/Dataset/01_training_dataset_tif_ROIs/training_set_primary_roi_025.tif,5.679335,876.923199,3,histiocyte,gt
training_set_primary_roi_025:239,TRAIN,,,,training_set_primary_roi_025,/content/drive/MyDrive/Research/PUMA/Exploration_8_Diversity_Aware_Wider_Field_and_Boundary_Optimization/INPUTS/QUICK_BENCHMARK/Dataset/01_training_dataset_tif_ROIs/training_set_primary_roi_025.tif,277.159101,941.235625,3,histiocyte,gt
training_set_primary_roi_025:244,TRAIN,,,,training_set_primary_roi_025,/content/drive/MyDrive/Research/PUMA/Exploration_8_Diversity_Aware_Wider_Field_and_Boundary_Optimization/INPUTS/QUICK_BENCHMARK/Dataset/01_training_dataset_tif_ROIs/training_set_primary_roi_025.tif,364.668505,951.568689,3,histiocyte,gt
training_set_primary_roi_025:25,TRAIN,,,,training_set_primary_roi_025,/content/drive/MyDrive/Research/PUMA/Exploration_8_Diversity_Aware_Wider_Field_and_Boundary_Optimization/INPUTS/QUICK_BENCHMARK/Dataset/01_training_dataset_tif_ROIs/training_set_primary_roi_025.tif,862.698413,109.480683,3,histiocyte,gt
training_set_primary_roi_025:253,TRAIN,,,,training_set_primary_roi_025,/content/drive/MyDrive/Research/PUMA/Exploration_8_Diversity_Aware_Wider_Field_and_Boundary_Optimization/INPUTS/QUICK_BENCHMARK/Dataset/01_training_dataset_tif_ROIs/training_set_primary_roi_025.tif,344.508046,972.893793,3,histiocyte,gt
training_set_primary_roi_025:26,TRAIN,,,,training_set_primary_roi_025,/content/drive/MyDrive/Research/PUMA/Exploration_8_Diversity_Aware_Wider_Field_and_Boundary_Optimization/INPUTS/QUICK_BENCHMARK/Dataset/01_training_dataset_tif_ROIs/training_set_primary_roi_025.tif,566.696112,119.700504,3,histiocyte,gt
training_set_primary_roi_025:278,TRAIN,,,,training_set_primary_roi_025,/content/drive/MyDrive/Research/PUMA/Exploration_8_Diversity_Aware_Wider_Field_and_Boundary_Optimization/INPUTS/QUICK_BENCHMARK/Dataset/01_training_dataset_tif_ROIs/training_set_primary_roi_025.tif,11.871974,909.974337,2,plasma_cell,gt
training_set_primary_roi_025:4,TRAIN,,,,training_set_primary_roi_025,/content/drive/MyDrive/Research/PUMA/Exploration_8_Diversity_Aware_Wider_Field_and_Boundary_Optimization/INPUTS/QUICK_BENCHMARK/Dataset/01_training_dataset_tif_ROIs/training_set_primary_roi_025.tif,504.323671,7.922705,3,histiocyte,gt
training_set_primary_roi_025:45,TRAIN,,,,training_set_primary_roi_025,/content/drive/MyDrive/Research/PUMA/Exploration_8_Diversity_Aware_Wider_Field_and_Boundary_Optimization/INPUTS/QUICK_BENCHMARK/Dataset/01_training_dataset_tif_ROIs/training_set_primary_roi_025.tif,750.197411,186.469256,3,histiocyte,gt
training_set_primary_roi_025:8,TRAIN,,,,training_set_primary_roi_025,/content/drive/MyDrive/Research/PUMA/Exploration_8_Diversity_Aware_Wider_Field_and_Boundary_Optimization/INPUTS/QUICK_BENCHMARK/Dataset/01_training_dataset_tif_ROIs/training_set_primary_roi_025.tif,875.915477,34.695217,3,histiocyte,gt
training_set_primary_roi_026:0,TRAIN,,,,training_set_primary_roi_026,/content/drive/MyDrive/Research/PUMA/Exploration_8_Diversity_Aware_Wider_Field_and_Boundary_Optimization/INPUTS/QUICK_BENCHMARK/Dataset/01_training_dataset_tif_ROIs/training_set_primary_roi_026.tif,464.575677,10.873502,8,endothelium,gt
training_set_primary_roi_026:10,TRAIN,,,,training_set_primary_roi_026,/content/drive/MyDrive/Research/PUMA/Exploration_8_Diversity_Aware_Wider_Field_and_Boundary_Optimization/INPUTS/QUICK_BENCHMARK/Dataset/01_training_dataset_tif_ROIs/training_set_primary_roi_026.tif,395.924399,26.709278,8,endothelium,gt
training_set_primary_roi_026:101,TRAIN,,,,training_set_primary_roi_026,/content/drive/MyDrive/Research/PUMA/Exploration_8_Diversity_Aware_Wider_Field_and_Boundary_Optimization/INPUTS/QUICK_BENCHMARK/Dataset/01_training_dataset_tif_ROIs/training_set_primary_roi_026.tif,148.970254,342.350817,8,endothelium,gt
training_set_primary_roi_026:13,TRAIN,,,,training_set_primary_roi_026,/content/drive/MyDrive/Research/PUMA/Exploration_8_Diversity_Aware_Wider_Field_and_Boundary_Optimization/INPUTS/QUICK_BENCHMARK/Dataset/01_training_dataset_tif_ROIs/training_set_primary_roi_026.tif,160.750632,53.975889,8,endothelium,gt
training_set_primary_roi_026:152,TRAIN,,,,training_set_primary_roi_026,/content/drive/MyDrive/Research/PUMA/Exploration_8_Diversity_Aware_Wider_Field_and_Boundary_Optimization/INPUTS/QUICK_BENCHMARK/Dataset/01_training_dataset_tif_ROIs/training_set_primary_roi_026.tif,463.739375,594.41125,8,endothelium,gt
training_set_primary_roi_026:154,TRAIN,,,,training_set_primary_roi_026,/content/drive/MyDrive/Research/PUMA/Exploration_8_Diversity_Aware_Wider_Field_and_Boundary_Optimization/INPUTS/QUICK_BENCHMARK/Dataset/01_training_dataset_tif_ROIs/training_set_primary_roi_026.tif,428.93609,609.988972,8,endothelium,gt
training_set_primary_roi_026:18,TRAIN,,,,training_set_primary_roi_026,/content/drive/MyDrive/Research/PUMA/Exploration_8_Diversity_Aware_Wider_Field_and_Boundary_Optimization/INPUTS/QUICK_BENCHMARK/Dataset/01_training_dataset_tif_ROIs/training_set_primary_roi_026.tif,382.14047,65.190598,8,endothelium,gt
training_set_primary_roi_026:22,TRAIN,,,,training_set_primary_roi_026,/content/drive/MyDrive/Research/PUMA/Exploration_8_Diversity_Aware_Wider_Field_and_Boundary_Optimization/INPUTS/QUICK_BENCHMARK/Dataset/01_training_dataset_tif_ROIs/training_set_primary_roi_026.tif,195.006565,82.131534,8,endothelium,gt
training_set_primary_roi_026:23,TRAIN,,,,training_set_primary_roi_026,/content/drive/MyDrive/Research/PUMA/Exploration_8_Diversity_Aware_Wider_Field_and_Boundary_Optimization/INPUTS/QUICK_BENCHMARK/Dataset/01_training_dataset_tif_ROIs/training_set_primary_roi_026.tif,99.998553,88.493176,8,endothelium,gt
training_set_primary_roi_026:24,TRAIN,,,,training_set_primary_roi_026,/content/drive/MyDrive/Research/PUMA/Exploration_8_Diversity_Aware_Wider_Field_and_Boundary_Optimization/INPUTS/QUICK_BENCHMARK/Dataset/01_training_dataset_tif_ROIs/training_set_primary_roi_026.tif,394.537438,83.457051,8,endothelium,gt
training_set_primary_roi_026:257,TRAIN,,,,training_set_primary_roi_026,/content/drive/MyDrive/Research/PUMA/Exploration_8_Diversity_Aware_Wider_Field_and_Boundary_Optimization/INPUTS/QUICK_BENCHMARK/Dataset/01_training_dataset_tif_ROIs/training_set_primary_roi_026.tif,178.10233,672.018913,8,endothelium,gt
training_set_primary_roi_026:26,TRAIN,,,,training_set_primary_roi_026,/content/drive/MyDrive/Research/PUMA/Exploration_8_Diversity_Aware_Wider_Field_and_Boundary_Optimization/INPUTS/QUICK_BENCHMARK/Dataset/01_training_dataset_tif_ROIs/training_set_primary_roi_026.tif,279.705898,90.282671,8,endothelium,gt
training_set_primary_roi_026:27,TRAIN,,,,training_set_primary_roi_026,/content/drive/MyDrive/Research/PUMA/Exploration_8_Diversity_Aware_Wider_Field_and_Boundary_Optimization/INPUTS/QUICK_BENCHMARK/Dataset/01_training_dataset_tif_ROIs/training_set_primary_roi_026.tif,321.113166,91.511669,8,endothelium,gt
training_set_primary_roi_026:28,TRAIN,,,,training_set_primary_roi_026,/content/drive/MyDrive/Research/PUMA/Exploration_8_Diversity_Aware_Wider_Field_and_Boundary_Optimization/INPUTS/QUICK_BENCHMARK/Dataset/01_training_dataset_tif_ROIs/training_set_primary_roi_026.tif,119.513152,101.502587,8,endothelium,gt
training_set_primary_roi_026:36,TRAIN,,,,training_set_primary_roi_026,/content/drive/MyDrive/Research/PUMA/Exploration_8_Diversity_Aware_Wider_Field_and_Boundary_Optimization/INPUTS/QUICK_BENCHMARK/Dataset/01_training_dataset_tif_ROIs/training_set_primary_roi_026.tif,389.315522,117.094996,8,endothelium,gt
training_set_primary_roi_026:38,TRAIN,,,,training_set_primary_roi_026,/content/drive/MyDrive/Research/PUMA/Exploration_8_Diversity_Aware_Wider_Field_and_Boundary_Optimization/INPUTS/QUICK_BENCHMARK/Dataset/01_training_dataset_tif_ROIs/training_set_primary_roi_026.tif,722.317735,129.385649,8,endothelium,gt
training_set_primary_roi_026:39,TRAIN,,,,training_set_primary_roi_026,/content/drive/MyDrive/Research/PUMA/Exploration_8_Diversity_Aware_Wider_Field_and_Boundary_Optimization/INPUTS/QUICK_BENCHMARK/Dataset/01_training_dataset_tif_ROIs/training_set_primary_roi_026.tif,87.595442,134.385248,8,endothelium,gt
training_set_primary_roi_026:4,TRAIN,,,,training_set_primary_roi_026,/content/drive/MyDrive/Research/PUMA/Exploration_8_Diversity_Aware_Wider_Field_and_Boundary_Optimization/INPUTS/QUICK_BENCHMARK/Dataset/01_training_dataset_tif_ROIs/training_set_primary_roi_026.tif,438.742347,18.354592,8,endothelium,gt
training_set_primary_roi_026:53,TRAIN,,,,training_set_primary_roi_026,/content/drive/MyDrive/Research/PUMA/Exploration_8_Diversity_Aware_Wider_Field_and_Boundary_Optimization/INPUTS/QUICK_BENCHMARK/Dataset/01_training_dataset_tif_ROIs/training_set_primary_roi_026.tif,603.618392,182.375551,8,endothelium,gt
training_set_primary_roi_026:54,TRAIN,,,,training_set_primary_roi_026,/content/drive/MyDrive/Research/PUMA/Exploration_8_Diversity_Aware_Wider_Field_and_Boundary_Optimization/INPUTS/QUICK_BENCHMARK/Dataset/01_training_dataset_tif_ROIs/training_set_primary_roi_026.tif,142.298503,179.927083,8,endothelium,gt
training_set_primary_roi_026:7,TRAIN,,,,training_set_primary_roi_026,/content/drive/MyDrive/Research/PUMA/Exploration_8_Diversity_Aware_Wider_Field_and_Boundary_Optimization/INPUTS/QUICK_BENCHMARK/Dataset/01_training_dataset_tif_ROIs/training_set_primary_roi_026.tif,191.326467,27.394241,8,endothelium,gt
training_set_primary_roi_026:8,TRAIN,,,,training_set_primary_roi_026,/content/drive/MyDrive/Research/PUMA/Exploration_8_Diversity_Aware_Wider_Field_and_Boundary_Optimization/INPUTS/QUICK_BENCHMARK/Dataset/01_training_dataset_tif_ROIs/training_set_primary_roi_026.tif,259.927502,27.843212,8,endothelium,gt
training_set_primary_roi_036:10,TRAIN,,,,training_set_primary_roi_036,/content/drive/MyDrive/Research/PUMA/Exploration_8_Diversity_Aware_Wider_Field_and_Boundary_Optimization/INPUTS/QUICK_BENCHMARK/Dataset/01_training_dataset_tif_ROIs/training_set_primary_roi_036.tif,911.943266,19.994573,0,tumor,gt
training_set_primary_roi_036:103,TRAIN,,,,training_set_primary_roi_036,/content/drive/MyDrive/Research/PUMA/Exploration_8_Diversity_Aware_Wider_Field_and_Boundary_Optimization/INPUTS/QUICK_BENCHMARK/Dataset/01_training_dataset_tif_ROIs/training_set_primary_roi_036.tif,118.978549,203.971775,6,stroma,gt
training_set_primary_roi_036:115,TRAIN,,,,training_set_primary_roi_036,/content/drive/MyDrive/Research/PUMA/Exploration_8_Diversity_Aware_Wider_Field_and_Boundary_Optimization/INPUTS/QUICK_BENCHMARK/Dataset/01_training_dataset_tif_ROIs/training_set_primary_roi_036.tif,3.563748,227.451613,6,stroma,gt
training_set_primary_roi_036:123,TRAIN,,,,training_set_primary_roi_036,/content/drive/MyDrive/Research/PUMA/Exploration_8_Diversity_Aware_Wider_Field_and_Boundary_Optimization/INPUTS/QUICK_BENCHMARK/Dataset/01_training_dataset_tif_ROIs/training_set_primary_roi_036.tif,965.514981,239.074906,0,tumor,gt
training_set_primary_roi_036:13,TRAIN,,,,training_set_primary_roi_036,/content/drive/MyDrive/Research/PUMA/Exploration_8_Diversity_Aware_Wider_Field_and_Boundary_Optimization/INPUTS/QUICK_BENCHMARK/Dataset/01_training_dataset_tif_ROIs/training_set_primary_roi_036.tif,502.397101,14.908406,0,tumor,gt
training_set_primary_roi_036:133,TRAIN,,,,training_set_primary_roi_036,/content/drive/MyDrive/Research/PUMA/Exploration_8_Diversity_Aware_Wider_Field_and_Boundary_Optimization/INPUTS/QUICK_BENCHMARK/Dataset/01_training_dataset_tif_ROIs/training_set_primary_roi_036.tif,772.680596,267.781341,0,tumor,gt
training_set_primary_roi_036:136,TRAIN,,,,training_set_primary_roi_036,/content/drive/MyDrive/Research/PUMA/Exploration_8_Diversity_Aware_Wider_Field_and_Boundary_Optimization/INPUTS/QUICK_BENCHMARK/Dataset/01_training_dataset_tif_ROIs/training_set_primary_roi_036.tif,406.79358,279.141471,6,stroma,gt
training_set_primary_roi_036:145,TRAIN,,,,training_set_primary_roi_036,/content/drive/MyDrive/Research/PUMA/Exploration_8_Diversity_Aware_Wider_Field_and_Boundary_Optimization/INPUTS/QUICK_BENCHMARK/Dataset/01_training_dataset_tif_ROIs/training_set_primary_roi_036.tif,849.81849,287.614062,0,tumor,gt
training_set_primary_roi_036:147,TRAIN,,,,training_set_primary_roi_036,/content/drive/MyDrive/Research/PUMA/Exploration_8_Diversity_Aware_Wider_Field_and_Boundary_Optimization/INPUTS/QUICK_BENCHMARK/Dataset/01_training_dataset_tif_ROIs/training_set_primary_roi_036.tif,885.017867,289.20365,0,tumor,gt
training_set_primary_roi_036:156,TRAIN,,,,training_set_primary_roi_036,/content/drive/MyDrive/Research/PUMA/Exploration_8_Diversity_Aware_Wider_Field_and_Boundary_Optimization/INPUTS/QUICK_BENCHMARK/Dataset/01_training_dataset_tif_ROIs/training_set_primary_roi_036.tif,227.59605,316.078596,6,stroma,gt
training_set_primary_roi_036:175,TRAIN,,,,training_set_primary_roi_036,/content/drive/MyDrive/Research/PUMA/Exploration_8_Diversity_Aware_Wider_Field_and_Boundary_Optimization/INPUTS/QUICK_BENCHMARK/Dataset/01_training_dataset_tif_ROIs/training_set_primary_roi_036.tif,359.837681,345.183055,6,stroma,gt
training_set_primary_roi_036:196,TRAIN,,,,training_set_primary_roi_036,/content/drive/MyDrive/Research/PUMA/Exploration_8_Diversity_Aware_Wider_Field_and_Boundary_Optimization/INPUTS/QUICK_BENCHMARK/Dataset/01_training_dataset_tif_ROIs/training_set_primary_roi_036.tif,613.467732,367.792185,0,tumor,gt
training_set_primary_roi_036:205,TRAIN,,,,training_set_primary_roi_036,/content/drive/MyDrive/Research/PUMA/Exploration_8_Diversity_Aware_Wider_Field_and_Boundary_Optimization/INPUTS/QUICK_BENCHMARK/Dataset/01_training_dataset_tif_ROIs/training_set_primary_roi_036.tif,893.824638,394.865106,0,tumor,gt
training_set_primary_roi_036:215,TRAIN,,,,training_set_primary_roi_036,/content/drive/MyDrive/Research/PUMA/Exploration_8_Diversity_Aware_Wider_Field_and_Boundary_Optimization/INPUTS/QUICK_BENCHMARK/Dataset/01_training_dataset_tif_ROIs/training_set_primary_roi_036.tif,866.572459,400.487213,0,tumor,gt
training_set_primary_roi_036:216,TRAIN,,,,training_set_primary_roi_036,/content/drive/MyDrive/Research/PUMA/Exploration_8_Diversity_Aware_Wider_Field_and_Boundary_Optimization/INPUTS/QUICK_BENCHMARK/Dataset/01_training_dataset_tif_ROIs/training_set_primary_roi_036.tif,789.288697,396.082746,0,tumor,gt
training_set_primary_roi_036:217,TRAIN,,,,training_set_primary_roi_036,/content/drive/MyDrive/Research/PUMA/Exploration_8_Diversity_Aware_Wider_Field_and_Boundary_Optimization/INPUTS/QUICK_BENCHMARK/Dataset/01_training_dataset_tif_ROIs/training_set_primary_roi_036.tif,963.837152,402.016999,0,tumor,gt
training_set_primary_roi_036:223,TRAIN,,,,training_set_primary_roi_036,/content/drive/MyDrive/Research/PUMA/Exploration_8_Diversity_Aware_Wider_Field_and_Boundary_Optimization/INPUTS/QUICK_BENCHMARK/Dataset/01_training_dataset_tif_ROIs/training_set_primary_roi_036.tif,432.841964,420.508631,6,stroma,gt
training_set_primary_roi_036:234,TRAIN,,,,training_set_primary_roi_036,/content/drive/MyDrive/Research/PUMA/Exploration_8_Diversity_Aware_Wider_Field_and_Boundary_Optimization/INPUTS/QUICK_BENCHMARK/Dataset/01_training_dataset_tif_ROIs/training_set_primary_roi_036.tif,965.558077,428.204214,0,tumor,gt
training_set_primary_roi_036:258,TRAIN,,,,training_set_primary_roi_036,/content/drive/MyDrive/Research/PUMA/Exploration_8_Diversity_Aware_Wider_Field_and_Boundary_Optimization/INPUTS/QUICK_BENCHMARK/Dataset/01_training_dataset_tif_ROIs/training_set_primary_roi_036.tif,297.863782,482.838942,6,stroma,gt
training_set_primary_roi_036:26,TRAIN,,,,training_set_primary_roi_036,/content/drive/MyDrive/Research/PUMA/Exploration_8_Diversity_Aware_Wider_Field_and_Boundary_Optimization/INPUTS/QUICK_BENCHMARK/Dataset/01_training_dataset_tif_ROIs/training_set_primary_roi_036.tif,320.793631,40.575745,0,tumor,gt
training_set_primary_roi_036:277,TRAIN,,,,training_set_primary_roi_036,/content/drive/MyDrive/Research/PUMA/Exploration_8_Diversity_Aware_Wider_Field_and_Boundary_Optimization/INPUTS/QUICK_BENCHMARK/Dataset/01_training_dataset_tif_ROIs/training_set_primary_roi_036.tif,806.147873,517.273656,0,tumor,gt
training_set_primary_roi_036:292,TRAIN,,,,training_set_primary_roi_036,/content/drive/MyDrive/Research/PUMA/Exploration_8_Diversity_Aware_Wider_Field_and_Boundary_Optimization/INPUTS/QUICK_BENCHMARK/Dataset/01_training_dataset_tif_ROIs/training_set_primary_roi_036.tif,705.313173,542.674685,0,tumor,gt
training_set_primary_roi_036:310,TRAIN,,,,training_set_primary_roi_036,/content/drive/MyDrive/Research/PUMA/Exploration_8_Diversity_Aware_Wider_Field_and_Boundary_Optimization/INPUTS/QUICK_BENCHMARK/Dataset/01_training_dataset_tif_ROIs/training_set_primary_roi_036.tif,625.20915,562.339869,6,stroma,gt
training_set_primary_roi_036:313,TRAIN,,,,training_set_primary_roi_036,/content/drive/MyDrive/Research/PUMA/Exploration_8_Diversity_Aware_Wider_Field_and_Boundary_Optimization/INPUTS/QUICK_BENCHMARK/Dataset/01_training_dataset_tif_ROIs/training_set_primary_roi_036.tif,593.4275,569.710833,6,stroma,gt
training_set_primary_roi_036:338,TRAIN,,,,training_set_primary_roi_036,/content/drive/MyDrive/Research/PUMA/Exploration_8_Diversity_Aware_Wider_Field_and_Boundary_Optimization/INPUTS/QUICK_BENCHMARK/Dataset/01_training_dataset_tif_ROIs/training_set_primary_roi_036.tif,645.852428,619.420556,6,stroma,gt
training_set_primary_roi_036:37,TRAIN,,,,training_set_primary_roi_036,/content/drive/MyDrive/Research/PUMA/Exploration_8_Diversity_Aware_Wider_Field_and_Boundary_Optimization/INPUTS/QUICK_BENCHMARK/Dataset/01_training_dataset_tif_ROIs/training_set_primary_roi_036.tif,18.530527,52.607129,6,stroma,gt
training_set_primary_roi_036:404,TRAIN,,,,training_set_primary_roi_036,/content/drive/MyDrive/Research/PUMA/Exploration_8_Diversity_Aware_Wider_Field_and_Boundary_Optimization/INPUTS/QUICK_BENCHMARK/Dataset/01_training_dataset_tif_ROIs/training_set_primary_roi_036.tif,659.139138,772.756722,0,tumor,gt
training_set_primary_roi_036:435,TRAIN,,,,training_set_primary_roi_036,/content/drive/MyDrive/Research/PUMA/Exploration_8_Diversity_Aware_Wider_Field_and_Boundary_Optimization/INPUTS/QUICK_BENCHMARK/Dataset/01_training_dataset_tif_ROIs/training_set_primary_roi_036.tif,531.549392,828.906569,6,stroma,gt
training_set_primary_roi_036:461,TRAIN,,,,training_set_primary_roi_036,/content/drive/MyDrive/Research/PUMA/Exploration_8_Diversity_Aware_Wider_Field_and_Boundary_Optimization/INPUTS/QUICK_BENCHMARK/Dataset/01_training_dataset_tif_ROIs/training_set_primary_roi_036.tif,319.318459,895.25553,6,stroma,gt
training_set_primary_roi_036:472,TRAIN,,,,training_set_primary_roi_036,/content/drive/MyDrive/Research/PUMA/Exploration_8_Diversity_Aware_Wider_Field_and_Boundary_Optimization/INPUTS/QUICK_BENCHMARK/Dataset/01_training_dataset_tif_ROIs/training_set_primary_roi_036.tif,724.797363,911.705461,6,stroma,gt
training_set_primary_roi_036:476,TRAIN,,,,training_set_primary_roi_036,/content/drive/MyDrive/Research/PUMA/Exploration_8_Diversity_Aware_Wider_Field_and_Boundary_Optimization/INPUTS/QUICK_BENCHMARK/Dataset/01_training_dataset_tif_ROIs/training_set_primary_roi_036.tif,693.212585,926.372789,6,stroma,gt
training_set_primary_roi_036:477,TRAIN,,,,training_set_primary_roi_036,/content/drive/MyDrive/Research/PUMA/Exploration_8_Diversity_Aware_Wider_Field_and_Boundary_Optimization/INPUTS/QUICK_BENCHMARK/Dataset/01_training_dataset_tif_ROIs/training_set_primary_roi_036.tif,960.705159,925.939683,6,stroma,gt
training_set_primary_roi_036:483,TRAIN,,,,training_set_primary_roi_036,/content/drive/MyDrive/Research/PUMA/Exploration_8_Diversity_Aware_Wider_Field_and_Boundary_Optimization/INPUTS/QUICK_BENCHMARK/Dataset/01_training_dataset_tif_ROIs/training_set_primary_roi_036.tif,738.708333,944.77971,6,stroma,gt
training_set_primary_roi_036:488,TRAIN,,,,training_set_primary_roi_036,/content/drive/MyDrive/Research/PUMA/Exploration_8_Diversity_Aware_Wider_Field_and_Boundary_Optimization/INPUTS/QUICK_BENCHMARK/Dataset/01_training_dataset_tif_ROIs/training_set_primary_roi_036.tif,757.857332,976.765972,6,stroma,gt
training_set_primary_roi_036:49,TRAIN,,,,training_set_primary_roi_036,/content/drive/MyDrive/Research/PUMA/Exploration_8_Diversity_Aware_Wider_Field_and_Boundary_Optimization/INPUTS/QUICK_BENCHMARK/Dataset/01_training_dataset_tif_ROIs/training_set_primary_roi_036.tif,150.277699,95.300999,6,stroma,gt
training_set_primary_roi_036:492,TRAIN,,,,training_set_primary_roi_036,/content/drive/MyDrive/Research/PUMA/Exploration_8_Diversity_Aware_Wider_Field_and_Boundary_Optimization/INPUTS/QUICK_BENCHMARK/Dataset/01_training_dataset_tif_ROIs/training_set_primary_roi_036.tif,575.080854,989.624623,0,tumor,gt
training_set_primary_roi_036:522,TRAIN,,,,training_set_primary_roi_036,/content/drive/MyDrive/Research/PUMA/Exploration_8_Diversity_Aware_Wider_Field_and_Boundary_Optimization/INPUTS/QUICK_BENCHMARK/Dataset/01_training_dataset_tif_ROIs/training_set_primary_roi_036.tif,595.051667,764.790417,0,tumor,gt
training_set_primary_roi_036:55,TRAIN,,,,training_set_primary_roi_036,/content/drive/MyDrive/Research/PUMA/Exploration_8_Diversity_Aware_Wider_Field_and_Boundary_Optimization/INPUTS/QUICK_BENCHMARK/Dataset/01_training_dataset_tif_ROIs/training_set_primary_roi_036.tif,870.777829,109.008138,0,tumor,gt
training_set_primary_roi_036:67,TRAIN,,,,training_set_primary_roi_036,/content/drive/MyDrive/Research/PUMA/Exploration_8_Diversity_Aware_Wider_Field_and_Boundary_Optimization/INPUTS/QUICK_BENCHMARK/Dataset/01_training_dataset_tif_ROIs/training_set_primary_roi_036.tif,90.632216,119.23324,6,stroma,gt
training_set_primary_roi_036:81,TRAIN,,,,training_set_primary_roi_036,/content/drive/MyDrive/Research/PUMA/Exploration_8_Diversity_Aware_Wider_Field_and_Boundary_Optimization/INPUTS/QUICK_BENCHMARK/Dataset/01_training_dataset_tif_ROIs/training_set_primary_roi_036.tif,858.663587,149.593935,0,tumor,gt
training_set_primary_roi_036:92,TRAIN,,,,training_set_primary_roi_036,/content/drive/MyDrive/Research/PUMA/Exploration_8_Diversity_Aware_Wider_Field_and_Boundary_Optimization/INPUTS/QUICK_BENCHMARK/Dataset/01_training_dataset_tif_ROIs/training_set_primary_roi_036.tif,885.308642,172.107819,0,tumor,gt
training_set_primary_roi_036:96,TRAIN,,,,training_set_primary_roi_036,/content/drive/MyDrive/Research/PUMA/Exploration_8_Diversity_Aware_Wider_Field_and_Boundary_Optimization/INPUTS/QUICK_BENCHMARK/Dataset/01_training_dataset_tif_ROIs/training_set_primary_roi_036.tif,936.198198,188.240798,0,tumor,gt
training_set_primary_roi_068:102,TRAIN,,,,training_set_primary_roi_068,/content/drive/MyDrive/Research/PUMA/Exploration_8_Diversity_Aware_Wider_Field_and_Boundary_Optimization/INPUTS/QUICK_BENCHMARK/Dataset/01_training_dataset_tif_ROIs/training_set_primary_roi_068.tif,489.272523,217.712838,9,apoptosis,gt
training_set_primary_roi_068:112,TRAIN,,,,training_set_primary_roi_068,/content/drive/MyDrive/Research/PUMA/Exploration_8_Diversity_Aware_Wider_Field_and_Boundary_Optimization/INPUTS/QUICK_BENCHMARK/Dataset/01_training_dataset_tif_ROIs/training_set_primary_roi_068.tif,466.597665,234.260085,9,apoptosis,gt
training_set_primary_roi_068:168,TRAIN,,,,training_set_primary_roi_068,/content/drive/MyDrive/Research/PUMA/Exploration_8_Diversity_Aware_Wider_Field_and_Boundary_Optimization/INPUTS/QUICK_BENCHMARK/Dataset/01_training_dataset_tif_ROIs/training_set_primary_roi_068.tif,592.29932,395.704762,9,apoptosis,gt
training_set_primary_roi_068:194,TRAIN,,,,training_set_primary_roi_068,/content/drive/MyDrive/Research/PUMA/Exploration_8_Diversity_Aware_Wider_Field_and_Boundary_Optimization/INPUTS/QUICK_BENCHMARK/Dataset/01_training_dataset_tif_ROIs/training_set_primary_roi_068.tif,922.575269,456.995699,4,melanophage,gt
training_set_primary_roi_068:196,TRAIN,,,,training_set_primary_roi_068,/content/drive/MyDrive/Research/PUMA/Exploration_8_Diversity_Aware_Wider_Field_and_Boundary_Optimization/INPUTS/QUICK_BENCHMARK/Dataset/01_training_dataset_tif_ROIs/training_set_primary_roi_068.tif,953.078656,460.820578,4,melanophage,gt
training_set_primary_roi_068:217,TRAIN,,,,training_set_primary_roi_068,/content/drive/MyDrive/Research/PUMA/Exploration_8_Diversity_Aware_Wider_Field_and_Boundary_Optimization/INPUTS/QUICK_BENCHMARK/Dataset/01_training_dataset_tif_ROIs/training_set_primary_roi_068.tif,365.022475,529.098949,4,melanophage,gt
training_set_primary_roi_068:219,TRAIN,,,,training_set_primary_roi_068,/content/drive/MyDrive/Research/PUMA/Exploration_8_Diversity_Aware_Wider_Field_and_Boundary_Optimization/INPUTS/QUICK_BENCHMARK/Dataset/01_training_dataset_tif_ROIs/training_set_primary_roi_068.tif,482.252602,533.42258,4,melanophage,gt
training_set_primary_roi_068:236,TRAIN,,,,training_set_primary_roi_068,/content/drive/MyDrive/Research/PUMA/Exploration_8_Diversity_Aware_Wider_Field_and_Boundary_Optimization/INPUTS/QUICK_BENCHMARK/Dataset/01_training_dataset_tif_ROIs/training_set_primary_roi_068.tif,285.319635,572.444444,9,apoptosis,gt
training_set_primary_roi_068:237,TRAIN,,,,training_set_primary_roi_068,/content/drive/MyDrive/Research/PUMA/Exploration_8_Diversity_Aware_Wider_Field_and_Boundary_Optimization/INPUTS/QUICK_BENCHMARK/Dataset/01_training_dataset_tif_ROIs/training_set_primary_roi_068.tif,123.528093,590.119665,4,melanophage,gt
training_set_primary_roi_068:240,TRAIN,,,,training_set_primary_roi_068,/content/drive/MyDrive/Research/PUMA/Exploration_8_Diversity_Aware_Wider_Field_and_Boundary_Optimization/INPUTS/QUICK_BENCHMARK/Dataset/01_training_dataset_tif_ROIs/training_set_primary_roi_068.tif,957.017387,583.580725,4,melanophage,gt
training_set_primary_roi_068:247,TRAIN,,,,training_set_primary_roi_068,/content/drive/MyDrive/Research/PUMA/Exploration_8_Diversity_Aware_Wider_Field_and_Boundary_Optimization/INPUTS/QUICK_BENCHMARK/Dataset/01_training_dataset_tif_ROIs/training_set_primary_roi_068.tif,764.966627,593.48232,2,plasma_cell,gt
training_set_primary_roi_068:253,TRAIN,,,,training_set_primary_roi_068,/content/drive/MyDrive/Research/PUMA/Exploration_8_Diversity_Aware_Wider_Field_and_Boundary_Optimization/INPUTS/QUICK_BENCHMARK/Dataset/01_training_dataset_tif_ROIs/training_set_primary_roi_068.tif,967.75773,609.05845,4,melanophage,gt
training_set_primary_roi_068:257,TRAIN,,,,training_set_primary_roi_068,/content/drive/MyDrive/Research/PUMA/Exploration_8_Diversity_Aware_Wider_Field_and_Boundary_Optimization/INPUTS/QUICK_BENCHMARK/Dataset/01_training_dataset_tif_ROIs/training_set_primary_roi_068.tif,419.741357,617.650359,4,melanophage,gt
training_set_primary_roi_068:259,TRAIN,,,,training_set_primary_roi_068,/content/drive/MyDrive/Research/PUMA/Exploration_8_Diversity_Aware_Wider_Field_and_Boundary_Optimization/INPUTS/QUICK_BENCHMARK/Dataset/01_training_dataset_tif_ROIs/training_set_primary_roi_068.tif,779.971029,622.289044,4,melanophage,gt
training_set_primary_roi_068:266,TRAIN,,,,training_set_primary_roi_068,/content/drive/MyDrive/Research/PUMA/Exploration_8_Diversity_Aware_Wider_Field_and_Boundary_Optimization/INPUTS/QUICK_BENCHMARK/Dataset/01_training_dataset_tif_ROIs/training_set_primary_roi_068.tif,920.259594,633.943567,4,melanophage,gt
training_set_primary_roi_068:278,TRAIN,,,,training_set_primary_roi_068,/content/drive/MyDrive/Research/PUMA/Exploration_8_Diversity_Aware_Wider_Field_and_Boundary_Optimization/INPUTS/QUICK_BENCHMARK/Dataset/01_training_dataset_tif_ROIs/training_set_primary_roi_068.tif,623.058997,651.40118,9,apoptosis,gt
training_set_primary_roi_068:317,TRAIN,,,,training_set_primary_roi_068,/content/drive/MyDrive/Research/PUMA/Exploration_8_Diversity_Aware_Wider_Field_and_Boundary_Optimization/INPUTS/QUICK_BENCHMARK/Dataset/01_training_dataset_tif_ROIs/training_set_primary_roi_068.tif,912.562138,738.089547,4,melanophage,gt
training_set_primary_roi_068:324,TRAIN,,,,training_set_primary_roi_068,/content/drive/MyDrive/Research/PUMA/Exploration_8_Diversity_Aware_Wider_Field_and_Boundary_Optimization/INPUTS/QUICK_BENCHMARK/Dataset/01_training_dataset_tif_ROIs/training_set_primary_roi_068.tif,516.466867,764.039491,4,melanophage,gt
training_set_primary_roi_068:379,TRAIN,,,,training_set_primary_roi_068,/content/drive/MyDrive/Research/PUMA/Exploration_8_Diversity_Aware_Wider_Field_and_Boundary_Optimization/INPUTS/QUICK_BENCHMARK/Dataset/01_training_dataset_tif_ROIs/training_set_primary_roi_068.tif,152.115088,867.671228,4,melanophage,gt
training_set_primary_roi_068:381,TRAIN,,,,training_set_primary_roi_068,/content/drive/MyDrive/Research/PUMA/Exploration_8_Diversity_Aware_Wider_Field_and_Boundary_Optimization/INPUTS/QUICK_BENCHMARK/Dataset/01_training_dataset_tif_ROIs/training_set_primary_roi_068.tif,362.718127,881.619656,4,melanophage,gt
training_set_primary_roi_068:389,TRAIN,,,,training_set_primary_roi_068,/content/drive/MyDrive/Research/PUMA/Exploration_8_Diversity_Aware_Wider_Field_and_Boundary_Optimization/INPUTS/QUICK_BENCHMARK/Dataset/01_training_dataset_tif_ROIs/training_set_primary_roi_068.tif,235.838246,891.844293,4,melanophage,gt
training_set_primary_roi_068:39,TRAIN,,,,training_set_primary_roi_068,/content/drive/MyDrive/Research/PUMA/Exploration_8_Diversity_Aware_Wider_Field_and_Boundary_Optimization/INPUTS/QUICK_BENCHMARK/Dataset/01_training_dataset_tif_ROIs/training_set_primary_roi_068.tif,891.294939,59.294939,9,apoptosis,gt
training_set_primary_roi_068:391,TRAIN,,,,training_set_primary_roi_068,/content/drive/MyDrive/Research/PUMA/Exploration_8_Diversity_Aware_Wider_Field_and_Boundary_Optimization/INPUTS/QUICK_BENCHMARK/Dataset/01_training_dataset_tif_ROIs/training_set_primary_roi_068.tif,270.286535,901.530788,4,melanophage,gt
training_set_primary_roi_068:394,TRAIN,,,,training_set_primary_roi_068,/content/drive/MyDrive/Research/PUMA/Exploration_8_Diversity_Aware_Wider_Field_and_Boundary_Optimization/INPUTS/QUICK_BENCHMARK/Dataset/01_training_dataset_tif_ROIs/training_set_primary_roi_068.tif,583.278287,896.12844,9,apoptosis,gt
training_set_primary_roi_068:409,TRAIN,,,,training_set_primary_roi_068,/content/drive/MyDrive/Research/PUMA/Exploration_8_Diversity_Aware_Wider_Field_and_Boundary_Optimization/INPUTS/QUICK_BENCHMARK/Dataset/01_training_dataset_tif_ROIs/training_set_primary_roi_068.tif,535.344519,918.812081,9,apoptosis,gt
training_set_primary_roi_068:426,TRAIN,,,,training_set_primary_roi_068,/content/drive/MyDrive/Research/PUMA/Exploration_8_Diversity_Aware_Wider_Field_and_Boundary_Optimization/INPUTS/QUICK_BENCHMARK/Dataset/01_training_dataset_tif_ROIs/training_set_primary_roi_068.tif,174.619292,950.057192,4,melanophage,gt
training_set_primary_roi_068:458,TRAIN,,,,training_set_primary_roi_068,/content/drive/MyDrive/Research/PUMA/Exploration_8_Diversity_Aware_Wider_Field_and_Boundary_Optimization/INPUTS/QUICK_BENCHMARK/Dataset/01_training_dataset_tif_ROIs/training_set_primary_roi_068.tif,282.869136,1017.17284,4,melanophage,gt
training_set_primary_roi_068:469,TRAIN,,,,training_set_primary_roi_068,/content/drive/MyDrive/Research/PUMA/Exploration_8_Diversity_Aware_Wider_Field_and_Boundary_Optimization/INPUTS/QUICK_BENCHMARK/Dataset/01_training_dataset_tif_ROIs/training_set_primary_roi_068.tif,924.228512,485.085954,4,melanophage,gt
training_set_primary_roi_068:476,TRAIN,,,,training_set_primary_roi_068,/content/drive/MyDrive/Research/PUMA/Exploration_8_Diversity_Aware_Wider_Field_and_Boundary_Optimization/INPUTS/QUICK_BENCHMARK/Dataset/01_training_dataset_tif_ROIs/training_set_primary_roi_068.tif,417.373016,978.454145,9,apoptosis,gt
training_set_primary_roi_068:478,TRAIN,,,,training_set_primary_roi_068,/content/drive/MyDrive/Research/PUMA/Exploration_8_Diversity_Aware_Wider_Field_and_Boundary_Optimization/INPUTS/QUICK_BENCHMARK/Dataset/01_training_dataset_tif_ROIs/training_set_primary_roi_068.tif,491.970032,506.16828,4,melanophage,gt
training_set_primary_roi_068:493,TRAIN,,,,training_set_primary_roi_068,/content/drive/MyDrive/Research/PUMA/Exploration_8_Diversity_Aware_Wider_Field_and_Boundary_Optimization/INPUTS/QUICK_BENCHMARK/Dataset/01_training_dataset_tif_ROIs/training_set_primary_roi_068.tif,987.033694,123.213598,9,apoptosis,gt
training_set_primary_roi_068:497,TRAIN,,,,training_set_primary_roi_068,/content/drive/MyDrive/Research/PUMA/Exploration_8_Diversity_Aware_Wider_Field_and_Boundary_Optimization/INPUTS/QUICK_BENCHMARK/Dataset/01_training_dataset_tif_ROIs/training_set_primary_roi_068.tif,638.046784,906.046784,9,apoptosis,gt
training_set_primary_roi_068:498,TRAIN,,,,training_set_primary_roi_068,/content/drive/MyDrive/Research/PUMA/Exploration_8_Diversity_Aware_Wider_Field_and_Boundary_Optimization/INPUTS/QUICK_BENCHMARK/Dataset/01_training_dataset_tif_ROIs/training_set_primary_roi_068.tif,652.45858,855.633136,9,apoptosis,gt
training_set_primary_roi_068:499,TRAIN,,,,training_set_primary_roi_068,/content/drive/MyDrive/Research/PUMA/Exploration_8_Diversity_Aware_Wider_Field_and_Boundary_Optimization/INPUTS/QUICK_BENCHMARK/Dataset/01_training_dataset_tif_ROIs/training_set_primary_roi_068.tif,601.648485,363.373737,9,apoptosis,gt
training_set_primary_roi_068:500,TRAIN,,,,training_set_primary_roi_068,/content/drive/MyDrive/Research/PUMA/Exploration_8_Diversity_Aware_Wider_Field_and_Boundary_Optimization/INPUTS/QUICK_BENCHMARK/Dataset/01_training_dataset_tif_ROIs/training_set_primary_roi_068.tif,604.417445,387.64486,9,apoptosis,gt
training_set_primary_roi_068:501,TRAIN,,,,training_set_primary_roi_068,/content/drive/MyDrive/Research/PUMA/Exploration_8_Diversity_Aware_Wider_Field_and_Boundary_Optimization/INPUTS/QUICK_BENCHMARK/Dataset/01_training_dataset_tif_ROIs/training_set_primary_roi_068.tif,613.777228,74.945545,9,apoptosis,gt
training_set_primary_roi_068:504,TRAIN,,,,training_set_primary_roi_068,/content/drive/MyDrive/Research/PUMA/Exploration_8_Diversity_Aware_Wider_Field_and_Boundary_Optimization/INPUTS/QUICK_BENCHMARK/Dataset/01_training_dataset_tif_ROIs/training_set_primary_roi_068.tif,187.733333,877.8,9,apoptosis,gt
training_set_primary_roi_068:70,TRAIN,,,,training_set_primary_roi_068,/content/drive/MyDrive/Research/PUMA/Exploration_8_Diversity_Aware_Wider_Field_and_Boundary_Optimization/INPUTS/QUICK_BENCHMARK/Dataset/01_training_dataset_tif_ROIs/training_set_primary_roi_068.tif,947.431472,145.807107,9,apoptosis,gt
training_set_primary_roi_068:78,TRAIN,,,,training_set_primary_roi_068,/content/drive/MyDrive/Research/PUMA/Exploration_8_Diversity_Aware_Wider_Field_and_Boundary_Optimization/INPUTS/QUICK_BENCHMARK/Dataset/01_training_dataset_tif_ROIs/training_set_primary_roi_068.tif,398.41868,154.818035,9,apoptosis,gt
training_set_primary_roi_068:81,TRAIN,,,,training_set_primary_roi_068,/content/drive/MyDrive/Research/PUMA/Exploration_8_Diversity_Aware_Wider_Field_and_Boundary_Optimization/INPUTS/QUICK_BENCHMARK/Dataset/01_training_dataset_tif_ROIs/training_set_primary_roi_068.tif,312.120246,164.275727,4,melanophage,gt
training_set_primary_roi_068:96,TRAIN,,,,training_set_primary_roi_068,/content/drive/MyDrive/Research/PUMA/Exploration_8_Diversity_Aware_Wider_Field_and_Boundary_Optimization/INPUTS/QUICK_BENCHMARK/Dataset/01_training_dataset_tif_ROIs/training_set_primary_roi_068.tif,144.37549,197.382353,9,apoptosis,gt
training_set_primary_roi_068:97,TRAIN,,,,training_set_primary_roi_068,/content/drive/MyDrive/Research/PUMA/Exploration_8_Diversity_Aware_Wider_Field_and_Boundary_Optimization/INPUTS/QUICK_BENCHMARK/Dataset/01_training_dataset_tif_ROIs/training_set_primary_roi_068.tif,384.940171,197.185592,9,apoptosis,gt
training_set_primary_roi_073:0,TRAIN,,,,training_set_primary_roi_073,/content/drive/MyDrive/Research/PUMA/Exploration_8_Diversity_Aware_Wider_Field_and_Boundary_Optimization/INPUTS/QUICK_BENCHMARK/Dataset/01_training_dataset_tif_ROIs/training_set_primary_roi_073.tif,634.984833,611.423475,0,tumor,gt
training_set_primary_roi_073:10,TRAIN,,,,training_set_primary_roi_073,/content/drive/MyDrive/Research/PUMA/Exploration_8_Diversity_Aware_Wider_Field_and_Boundary_Optimization/INPUTS/QUICK_BENCHMARK/Dataset/01_training_dataset_tif_ROIs/training_set_primary_roi_073.tif,923.142645,749.466412,0,tumor,gt
training_set_primary_roi_073:106,TRAIN,,,,training_set_primary_roi_073,/content/drive/MyDrive/Research/PUMA/Exploration_8_Diversity_Aware_Wider_Field_and_Boundary_Optimization/INPUTS/QUICK_BENCHMARK/Dataset/01_training_dataset_tif_ROIs/training_set_primary_roi_073.tif,993.877256,835.000802,0,tumor,gt
training_set_primary_roi_073:126,TRAIN,,,,training_set_primary_roi_073,/content/drive/MyDrive/Research/PUMA/Exploration_8_Diversity_Aware_Wider_Field_and_Boundary_Optimization/INPUTS/QUICK_BENCHMARK/Dataset/01_training_dataset_tif_ROIs/training_set_primary_roi_073.tif,667.430665,545.947148,0,tumor,gt
training_set_primary_roi_073:127,TRAIN,,,,training_set_primary_roi_073,/content/drive/MyDrive/Research/PUMA/Exploration_8_Diversity_Aware_Wider_Field_and_Boundary_Optimization/INPUTS/QUICK_BENCHMARK/Dataset/01_training_dataset_tif_ROIs/training_set_primary_roi_073.tif,500.223368,528.38488,0,tumor,gt
training_set_primary_roi_073:159,TRAIN,,,,training_set_primary_roi_073,/content/drive/MyDrive/Research/PUMA/Exploration_8_Diversity_Aware_Wider_Field_and_Boundary_Optimization/INPUTS/QUICK_BENCHMARK/Dataset/01_training_dataset_tif_ROIs/training_set_primary_roi_073.tif,419.423342,381.99477,4,melanophage,gt
training_set_primary_roi_073:160,TRAIN,,,,training_set_primary_roi_073,/content/drive/MyDrive/Research/PUMA/Exploration_8_Diversity_Aware_Wider_Field_and_Boundary_Optimization/INPUTS/QUICK_BENCHMARK/Dataset/01_training_dataset_tif_ROIs/training_set_primary_roi_073.tif,1000.724556,745.650794,0,tumor,gt
training_set_primary_roi_073:207,TRAIN,,,,training_set_primary_roi_073,/content/drive/MyDrive/Research/PUMA/Exploration_8_Diversity_Aware_Wider_Field_and_Boundary_Optimization/INPUTS/QUICK_BENCHMARK/Dataset/01_training_dataset_tif_ROIs/training_set_primary_roi_073.tif,836.015576,662.53271,0,tumor,gt
training_set_primary_roi_073:226,TRAIN,,,,training_set_primary_roi_073,/content/drive/MyDrive/Research/PUMA/Exploration_8_Diversity_Aware_Wider_Field_and_Boundary_Optimization/INPUTS/QUICK_BENCHMARK/Dataset/01_training_dataset_tif_ROIs/training_set_primary_roi_073.tif,527.689387,277.779695,4,melanophage,gt
training_set_primary_roi_073:241,TRAIN,,,,training_set_primary_roi_073,/content/drive/MyDrive/Research/PUMA/Exploration_8_Diversity_Aware_Wider_Field_and_Boundary_Optimization/INPUTS/QUICK_BENCHMARK/Dataset/01_training_dataset_tif_ROIs/training_set_primary_roi_073.tif,821.504217,995.844111,4,melanophage,gt
training_set_primary_roi_073:242,TRAIN,,,,training_set_primary_roi_073,/content/drive/MyDrive/Research/PUMA/Exploration_8_Diversity_Aware_Wider_Field_and_Boundary_Optimization/INPUTS/QUICK_BENCHMARK/Dataset/01_training_dataset_tif_ROIs/training_set_primary_roi_073.tif,988.503603,1004.199626,0,tumor,gt
training_set_primary_roi_073:257,TRAIN,,,,training_set_primary_roi_073,/content/drive/MyDrive/Research/PUMA/Exploration_8_Diversity_Aware_Wider_Field_and_Boundary_Optimization/INPUTS/QUICK_BENCHMARK/Dataset/01_training_dataset_tif_ROIs/training_set_primary_roi_073.tif,562.823333,312.349524,4,melanophage,gt
training_set_primary_roi_073:263,TRAIN,,,,training_set_primary_roi_073,/content/drive/MyDrive/Research/PUMA/Exploration_8_Diversity_Aware_Wider_Field_and_Boundary_Optimization/INPUTS/QUICK_BENCHMARK/Dataset/01_training_dataset_tif_ROIs/training_set_primary_roi_073.tif,373.377175,327.510438,4,melanophage,gt
training_set_primary_roi_073:265,TRAIN,,,,training_set_primary_roi_073,/content/drive/MyDrive/Research/PUMA/Exploration_8_Diversity_Aware_Wider_Field_and_Boundary_Optimization/INPUTS/QUICK_BENCHMARK/Dataset/01_training_dataset_tif_ROIs/training_set_primary_roi_073.tif,845.856303,873.008453,4,melanophage,gt
training_set_primary_roi_073:302,TRAIN,,,,training_set_primary_roi_073,/content/drive/MyDrive/Research/PUMA/Exploration_8_Diversity_Aware_Wider_Field_and_Boundary_Optimization/INPUTS/QUICK_BENCHMARK/Dataset/01_training_dataset_tif_ROIs/training_set_primary_roi_073.tif,565.884948,812.06312,4,melanophage,gt
training_set_primary_roi_073:322,TRAIN,,,,training_set_primary_roi_073,/content/drive/MyDrive/Research/PUMA/Exploration_8_Diversity_Aware_Wider_Field_and_Boundary_Optimization/INPUTS/QUICK_BENCHMARK/Dataset/01_training_dataset_tif_ROIs/training_set_primary_roi_073.tif,380.391266,539.243316,0,tumor,gt
training_set_primary_roi_073:35,TRAIN,,,,training_set_primary_roi_073,/content/drive/MyDrive/Research/PUMA/Exploration_8_Diversity_Aware_Wider_Field_and_Boundary_Optimization/INPUTS/QUICK_BENCHMARK/Dataset/01_training_dataset_tif_ROIs/training_set_primary_roi_073.tif,892.633942,134.927448,0,tumor,gt
training_set_primary_roi_073:377,TRAIN,,,,training_set_primary_roi_073,/content/drive/MyDrive/Research/PUMA/Exploration_8_Diversity_Aware_Wider_Field_and_Boundary_Optimization/INPUTS/QUICK_BENCHMARK/Dataset/01_training_dataset_tif_ROIs/training_set_primary_roi_073.tif,665.841308,510.49362,0,tumor,gt
training_set_primary_roi_073:38,TRAIN,,,,training_set_primary_roi_073,/content/drive/MyDrive/Research/PUMA/Exploration_8_Diversity_Aware_Wider_Field_and_Boundary_Optimization/INPUTS/QUICK_BENCHMARK/Dataset/01_training_dataset_tif_ROIs/training_set_primary_roi_073.tif,594.031291,470.106041,0,tumor,gt
training_set_primary_roi_073:408,TRAIN,,,,training_set_primary_roi_073,/content/drive/MyDrive/Research/PUMA/Exploration_8_Diversity_Aware_Wider_Field_and_Boundary_Optimization/INPUTS/QUICK_BENCHMARK/Dataset/01_training_dataset_tif_ROIs/training_set_primary_roi_073.tif,576.617516,357.881144,4,melanophage,gt
training_set_primary_roi_073:411,TRAIN,,,,training_set_primary_roi_073,/content/drive/MyDrive/Research/PUMA/Exploration_8_Diversity_Aware_Wider_Field_and_Boundary_Optimization/INPUTS/QUICK_BENCHMARK/Dataset/01_training_dataset_tif_ROIs/training_set_primary_roi_073.tif,898.11976,1016.161178,0,tumor,gt
training_set_primary_roi_073:48,TRAIN,,,,training_set_primary_roi_073,/content/drive/MyDrive/Research/PUMA/Exploration_8_Diversity_Aware_Wider_Field_and_Boundary_Optimization/INPUTS/QUICK_BENCHMARK/Dataset/01_training_dataset_tif_ROIs/training_set_primary_roi_073.tif,754.695827,583.711343,0,tumor,gt
training_set_primary_roi_073:61,TRAIN,,,,training_set_primary_roi_073,/content/drive/MyDrive/Research/PUMA/Exploration_8_Diversity_Aware_Wider_Field_and_Boundary_Optimization/INPUTS/QUICK_BENCHMARK/Dataset/01_training_dataset_tif_ROIs/training_set_primary_roi_073.tif,770.589038,693.327832,0,tumor,gt
training_set_primary_roi_073:70,TRAIN,,,,training_set_primary_roi_073,/content/drive/MyDrive/Research/PUMA/Exploration_8_Diversity_Aware_Wider_Field_and_Boundary_Optimization/INPUTS/QUICK_BENCHMARK/Dataset/01_training_dataset_tif_ROIs/training_set_primary_roi_073.tif,783.168557,812.23171,0,tumor,gt
training_set_primary_roi_073:82,TRAIN,,,,training_set_primary_roi_073,/content/drive/MyDrive/Research/PUMA/Exploration_8_Diversity_Aware_Wider_Field_and_Boundary_Optimization/INPUTS/QUICK_BENCHMARK/Dataset/01_training_dataset_tif_ROIs/training_set_primary_roi_073.tif,520.220597,643.224254,0,tumor,gt
training_set_primary_roi_073:84,TRAIN,,,,training_set_primary_roi_073,/content/drive/MyDrive/Research/PUMA/Exploration_8_Diversity_Aware_Wider_Field_and_Boundary_Optimization/INPUTS/QUICK_BENCHMARK/Dataset/01_training_dataset_tif_ROIs/training_set_primary_roi_073.tif,943.219989,863.845152,0,tumor,gt
training_set_primary_roi_074:100,TRAIN,,,,training_set_primary_roi_074,/content/drive/MyDrive/Research/PUMA/Exploration_8_Diversity_Aware_Wider_Field_and_Boundary_Optimization/INPUTS/QUICK_BENCHMARK/Dataset/01_training_dataset_tif_ROIs/training_set_primary_roi_074.tif,913.388424,788.190725,6,stroma,gt
training_set_primary_roi_074:159,TRAIN,,,,training_set_primary_roi_074,/content/drive/MyDrive/Research/PUMA/Exploration_8_Diversity_Aware_Wider_Field_and_Boundary_Optimization/INPUTS/QUICK_BENCHMARK/Dataset/01_training_dataset_tif_ROIs/training_set_primary_roi_074.tif,320.408308,936.309017,6,stroma,gt
training_set_primary_roi_074:165,TRAIN,,,,training_set_primary_roi_074,/content/drive/MyDrive/Research/PUMA/Exploration_8_Diversity_Aware_Wider_Field_and_Boundary_Optimization/INPUTS/QUICK_BENCHMARK/Dataset/01_training_dataset_tif_ROIs/training_set_primary_roi_074.tif,533.638554,531.340027,6,stroma,gt
training_set_primary_roi_074:171,TRAIN,,,,training_set_primary_roi_074,/content/drive/MyDrive/Research/PUMA/Exploration_8_Diversity_Aware_Wider_Field_and_Boundary_Optimization/INPUTS/QUICK_BENCHMARK/Dataset/01_training_dataset_tif_ROIs/training_set_primary_roi_074.tif,421.185913,845.642097,6,stroma,gt
training_set_primary_roi_074:220,TRAIN,,,,training_set_primary_roi_074,/content/drive/MyDrive/Research/PUMA/Exploration_8_Diversity_Aware_Wider_Field_and_Boundary_Optimization/INPUTS/QUICK_BENCHMARK/Dataset/01_training_dataset_tif_ROIs/training_set_primary_roi_074.tif,730.779605,830.551535,6,stroma,gt
training_set_primary_roi_074:248,TRAIN,,,,training_set_primary_roi_074,/content/drive/MyDrive/Research/PUMA/Exploration_8_Diversity_Aware_Wider_Field_and_Boundary_Optimization/INPUTS/QUICK_BENCHMARK/Dataset/01_training_dataset_tif_ROIs/training_set_primary_roi_074.tif,504.466422,694.487179,6,stroma,gt
training_set_primary_roi_074:254,TRAIN,,,,training_set_primary_roi_074,/content/drive/MyDrive/Research/PUMA/Exploration_8_Diversity_Aware_Wider_Field_and_Boundary_Optimization/INPUTS/QUICK_BENCHMARK/Dataset/01_training_dataset_tif_ROIs/training_set_primary_roi_074.tif,448.73356,784.141156,6,stroma,gt
training_set_primary_roi_074:267,TRAIN,,,,training_set_primary_roi_074,/content/drive/MyDrive/Research/PUMA/Exploration_8_Diversity_Aware_Wider_Field_and_Boundary_Optimization/INPUTS/QUICK_BENCHMARK/Dataset/01_training_dataset_tif_ROIs/training_set_primary_roi_074.tif,430.96603,936.895541,6,stroma,gt
training_set_primary_roi_074:284,TRAIN,,,,training_set_primary_roi_074,/content/drive/MyDrive/Research/PUMA/Exploration_8_Diversity_Aware_Wider_Field_and_Boundary_Optimization/INPUTS/QUICK_BENCHMARK/Dataset/01_training_dataset_tif_ROIs/training_set_primary_roi_074.tif,665.934551,814.402588,6,stroma,gt
training_set_primary_roi_074:290,TRAIN,,,,training_set_primary_roi_074,/content/drive/MyDrive/Research/PUMA/Exploration_8_Diversity_Aware_Wider_Field_and_Boundary_Optimization/INPUTS/QUICK_BENCHMARK/Dataset/01_training_dataset_tif_ROIs/training_set_primary_roi_074.tif,580.144689,312.642247,6,stroma,gt
training_set_primary_roi_074:291,TRAIN,,,,training_set_primary_roi_074,/content/drive/MyDrive/Research/PUMA/Exploration_8_Diversity_Aware_Wider_Field_and_Boundary_Optimization/INPUTS/QUICK_BENCHMARK/Dataset/01_training_dataset_tif_ROIs/training_set_primary_roi_074.tif,141.136905,25.383598,6,stroma,gt
training_set_primary_roi_074:358,TRAIN,,,,training_set_primary_roi_074,/content/drive/MyDrive/Research/PUMA/Exploration_8_Diversity_Aware_Wider_Field_and_Boundary_Optimization/INPUTS/QUICK_BENCHMARK/Dataset/01_training_dataset_tif_ROIs/training_set_primary_roi_074.tif,245.128866,1006.735395,6,stroma,gt
training_set_primary_roi_074:364,TRAIN,,,,training_set_primary_roi_074,/content/drive/MyDrive/Research/PUMA/Exploration_8_Diversity_Aware_Wider_Field_and_Boundary_Optimization/INPUTS/QUICK_BENCHMARK/Dataset/01_training_dataset_tif_ROIs/training_set_primary_roi_074.tif,377.931263,831.586335,6,stroma,gt
training_set_primary_roi_074:417,TRAIN,,,,training_set_primary_roi_074,/content/drive/MyDrive/Research/PUMA/Exploration_8_Diversity_Aware_Wider_Field_and_Boundary_Optimization/INPUTS/QUICK_BENCHMARK/Dataset/01_training_dataset_tif_ROIs/training_set_primary_roi_074.tif,250.796695,50.037644,6,stroma,gt
training_set_primary_roi_074:422,TRAIN,,,,training_set_primary_roi_074,/content/drive/MyDrive/Research/PUMA/Exploration_8_Diversity_Aware_Wider_Field_and_Boundary_Optimization/INPUTS/QUICK_BENCHMARK/Dataset/01_training_dataset_tif_ROIs/training_set_primary_roi_074.tif,258.824347,953.53001,6,stroma,gt
training_set_primary_roi_074:424,TRAIN,,,,training_set_primary_roi_074,/content/drive/MyDrive/Research/PUMA/Exploration_8_Diversity_Aware_Wider_Field_and_Boundary_Optimization/INPUTS/QUICK_BENCHMARK/Dataset/01_training_dataset_tif_ROIs/training_set_primary_roi_074.tif,378.380787,815.545718,6,stroma,gt
training_set_primary_roi_074:425,TRAIN,,,,training_set_primary_roi_074,/content/drive/MyDrive/Research/PUMA/Exploration_8_Diversity_Aware_Wider_Field_and_Boundary_Optimization/INPUTS/QUICK_BENCHMARK/Dataset/01_training_dataset_tif_ROIs/training_set_primary_roi_074.tif,540.188525,427.07377,6,stroma,gt
training_set_primary_roi_074:466,TRAIN,,,,training_set_primary_roi_074,/content/drive/MyDrive/Research/PUMA/Exploration_8_Diversity_Aware_Wider_Field_and_Boundary_Optimization/INPUTS/QUICK_BENCHMARK/Dataset/01_training_dataset_tif_ROIs/training_set_primary_roi_074.tif,844.311547,443.361656,6,stroma,gt
training_set_primary_roi_074:91,TRAIN,,,,training_set_primary_roi_074,/content/drive/MyDrive/Research/PUMA/Exploration_8_Diversity_Aware_Wider_Field_and_Boundary_Optimization/INPUTS/QUICK_BENCHMARK/Dataset/01_training_dataset_tif_ROIs/training_set_primary_roi_074.tif,406.410842,782.771505,6,stroma,gt
training_set_primary_roi_074:99,TRAIN,,,,training_set_primary_roi_074,/content/drive/MyDrive/Research/PUMA/Exploration_8_Diversity_Aware_Wider_Field_and_Boundary_Optimization/INPUTS/QUICK_BENCHMARK/Dataset/01_training_dataset_tif_ROIs/training_set_primary_roi_074.tif,821.585042,782.089666,6,stroma,gt
training_set_primary_roi_095:12,TRAIN,,,,training_set_primary_roi_095,/content/drive/MyDrive/Research/PUMA/Exploration_8_Diversity_Aware_Wider_Field_and_Boundary_Optimization/INPUTS/QUICK_BENCHMARK/Dataset/01_training_dataset_tif_ROIs/training_set_primary_roi_095.tif,270.813492,11.714286,1,lymphocyte,gt
training_set_primary_roi_095:122,TRAIN,,,,training_set_primary_roi_095,/content/drive/MyDrive/Research/PUMA/Exploration_8_Diversity_Aware_Wider_Field_and_Boundary_Optimization/INPUTS/QUICK_BENCHMARK/Dataset/01_training_dataset_tif_ROIs/training_set_primary_roi_095.tif,20.297872,309.372472,1,lymphocyte,gt
training_set_primary_roi_095:134,TRAIN,,,,training_set_primary_roi_095,/content/drive/MyDrive/Research/PUMA/Exploration_8_Diversity_Aware_Wider_Field_and_Boundary_Optimization/INPUTS/QUICK_BENCHMARK/Dataset/01_training_dataset_tif_ROIs/training_set_primary_roi_095.tif,508.061256,333.797346,1,lymphocyte,gt
training_set_primary_roi_095:147,TRAIN,,,,training_set_primary_roi_095,/content/drive/MyDrive/Research/PUMA/Exploration_8_Diversity_Aware_Wider_Field_and_Boundary_Optimization/INPUTS/QUICK_BENCHMARK/Dataset/01_training_dataset_tif_ROIs/training_set_primary_roi_095.tif,374.394689,372.718864,1,lymphocyte,gt
training_set_primary_roi_095:188,TRAIN,,,,training_set_primary_roi_095,/content/drive/MyDrive/Research/PUMA/Exploration_8_Diversity_Aware_Wider_Field_and_Boundary_Optimization/INPUTS/QUICK_BENCHMARK/Dataset/01_training_dataset_tif_ROIs/training_set_primary_roi_095.tif,708.154859,511.013163,1,lymphocyte,gt
training_set_primary_roi_095:205,TRAIN,,,,training_set_primary_roi_095,/content/drive/MyDrive/Research/PUMA/Exploration_8_Diversity_Aware_Wider_Field_and_Boundary_Optimization/INPUTS/QUICK_BENCHMARK/Dataset/01_training_dataset_tif_ROIs/training_set_primary_roi_095.tif,94.41203,570.98396,1,lymphocyte,gt
training_set_primary_roi_095:252,TRAIN,,,,training_set_primary_roi_095,/content/drive/MyDrive/Research/PUMA/Exploration_8_Diversity_Aware_Wider_Field_and_Boundary_Optimization/INPUTS/QUICK_BENCHMARK/Dataset/01_training_dataset_tif_ROIs/training_set_primary_roi_095.tif,294.972515,697.400585,1,lymphocyte,gt
training_set_primary_roi_095:261,TRAIN,,,,training_set_primary_roi_095,/content/drive/MyDrive/Research/PUMA/Exploration_8_Diversity_Aware_Wider_Field_and_Boundary_Optimization/INPUTS/QUICK_BENCHMARK/Dataset/01_training_dataset_tif_ROIs/training_set_primary_roi_095.tif,304.654277,710.710914,1,lymphocyte,gt
training_set_primary_roi_095:265,TRAIN,,,,training_set_primary_roi_095,/content/drive/MyDrive/Research/PUMA/Exploration_8_Diversity_Aware_Wider_Field_and_Boundary_Optimization/INPUTS/QUICK_BENCHMARK/Dataset/01_training_dataset_tif_ROIs/training_set_primary_roi_095.tif,32.764916,720.868882,2,plasma_cell,gt
training_set_primary_roi_095:268,TRAIN,,,,training_set_primary_roi_095,/content/drive/MyDrive/Research/PUMA/Exploration_8_Diversity_Aware_Wider_Field_and_Boundary_Optimization/INPUTS/QUICK_BENCHMARK/Dataset/01_training_dataset_tif_ROIs/training_set_primary_roi_095.tif,121.729625,738.24411,1,lymphocyte,gt
training_set_primary_roi_095:273,TRAIN,,,,training_set_primary_roi_095,/content/drive/MyDrive/Research/PUMA/Exploration_8_Diversity_Aware_Wider_Field_and_Boundary_Optimization/INPUTS/QUICK_BENCHMARK/Dataset/01_training_dataset_tif_ROIs/training_set_primary_roi_095.tif,418.129991,748.585887,1,lymphocyte,gt
training_set_primary_roi_095:29,TRAIN,,,,training_set_primary_roi_095,/content/drive/MyDrive/Research/PUMA/Exploration_8_Diversity_Aware_Wider_Field_and_Boundary_Optimization/INPUTS/QUICK_BENCHMARK/Dataset/01_training_dataset_tif_ROIs/training_set_primary_roi_095.tif,69.443478,42.153623,1,lymphocyte,gt
training_set_primary_roi_095:297,TRAIN,,,,training_set_primary_roi_095,/content/drive/MyDrive/Research/PUMA/Exploration_8_Diversity_Aware_Wider_Field_and_Boundary_Optimization/INPUTS/QUICK_BENCHMARK/Dataset/01_training_dataset_tif_ROIs/training_set_primary_roi_095.tif,22.222969,816.357983,2,plasma_cell,gt
training_set_primary_roi_095:309,TRAIN,,,,training_set_primary_roi_095,/content/drive/MyDrive/Research/PUMA/Exploration_8_Diversity_Aware_Wider_Field_and_Boundary_Optimization/INPUTS/QUICK_BENCHMARK/Dataset/01_training_dataset_tif_ROIs/training_set_primary_roi_095.tif,747.101761,828.711676,1,lymphocyte,gt
training_set_primary_roi_095:316,TRAIN,,,,training_set_primary_roi_095,/content/drive/MyDrive/Research/PUMA/Exploration_8_Diversity_Aware_Wider_Field_and_Boundary_Optimization/INPUTS/QUICK_BENCHMARK/Dataset/01_training_dataset_tif_ROIs/training_set_primary_roi_095.tif,95.477448,836.39604,1,lymphocyte,gt
training_set_primary_roi_095:317,TRAIN,,,,training_set_primary_roi_095,/content/drive/MyDrive/Research/PUMA/Exploration_8_Diversity_Aware_Wider_Field_and_Boundary_Optimization/INPUTS/QUICK_BENCHMARK/Dataset/01_training_dataset_tif_ROIs/training_set_primary_roi_095.tif,13.164907,839.951232,1,lymphocyte,gt
training_set_primary_roi_095:32,TRAIN,,,,training_set_primary_roi_095,/content/drive/MyDrive/Research/PUMA/Exploration_8_Diversity_Aware_Wider_Field_and_Boundary_Optimization/INPUTS/QUICK_BENCHMARK/Dataset/01_training_dataset_tif_ROIs/training_set_primary_roi_095.tif,99.848205,47.429231,1,lymphocyte,gt
training_set_primary_roi_095:324,TRAIN,,,,training_set_primary_roi_095,/content/drive/MyDrive/Research/PUMA/Exploration_8_Diversity_Aware_Wider_Field_and_Boundary_Optimization/INPUTS/QUICK_BENCHMARK/Dataset/01_training_dataset_tif_ROIs/training_set_primary_roi_095.tif,81.241764,849.429369,1,lymphocyte,gt
training_set_primary_roi_095:353,TRAIN,,,,training_set_primary_roi_095,/content/drive/MyDrive/Research/PUMA/Exploration_8_Diversity_Aware_Wider_Field_and_Boundary_Optimization/INPUTS/QUICK_BENCHMARK/Dataset/01_training_dataset_tif_ROIs/training_set_primary_roi_095.tif,5.131607,934.964401,1,lymphocyte,gt
training_set_primary_roi_095:359,TRAIN,,,,training_set_primary_roi_095,/content/drive/MyDrive/Research/PUMA/Exploration_8_Diversity_Aware_Wider_Field_and_Boundary_Optimization/INPUTS/QUICK_BENCHMARK/Dataset/01_training_dataset_tif_ROIs/training_set_primary_roi_095.tif,420.085217,943.694493,1,lymphocyte,gt
training_set_primary_roi_095:373,TRAIN,,,,training_set_primary_roi_095,/content/drive/MyDrive/Research/PUMA/Exploration_8_Diversity_Aware_Wider_Field_and_Boundary_Optimization/INPUTS/QUICK_BENCHMARK/Dataset/01_training_dataset_tif_ROIs/training_set_primary_roi_095.tif,16.25693,999.545639,1,lymphocyte,gt
training_set_primary_roi_095:40,TRAIN,,,,training_set_primary_roi_095,/content/drive/MyDrive/Research/PUMA/Exploration_8_Diversity_Aware_Wider_Field_and_Boundary_Optimization/INPUTS/QUICK_BENCHMARK/Dataset/01_training_dataset_tif_ROIs/training_set_primary_roi_095.tif,67.317016,65.876457,1,lymphocyte,gt
training_set_primary_roi_095:50,TRAIN,,,,training_set_primary_roi_095,/content/drive/MyDrive/Research/PUMA/Exploration_8_Diversity_Aware_Wider_Field_and_Boundary_Optimization/INPUTS/QUICK_BENCHMARK/Dataset/01_training_dataset_tif_ROIs/training_set_primary_roi_095.tif,354.726327,87.527641,1,lymphocyte,gt
training_set_primary_roi_095:53,TRAIN,,,,training_set_primary_roi_095,/content/drive/MyDrive/Research/PUMA/Exploration_8_Diversity_Aware_Wider_Field_and_Boundary_Optimization/INPUTS/QUICK_BENCHMARK/Dataset/01_training_dataset_tif_ROIs/training_set_primary_roi_095.tif,267.122642,89.250786,1,lymphocyte,gt
training_set_primary_roi_095:60,TRAIN,,,,training_set_primary_roi_095,/content/drive/MyDrive/Research/PUMA/Exploration_8_Diversity_Aware_Wider_Field_and_Boundary_Optimization/INPUTS/QUICK_BENCHMARK/Dataset/01_training_dataset_tif_ROIs/training_set_primary_roi_095.tif,397.531279,106.77591,1,lymphocyte,gt
training_set_primary_roi_101:13,TRAIN,,,,training_set_primary_roi_101,/content/drive/MyDrive/Research/PUMA/Exploration_8_Diversity_Aware_Wider_Field_and_Boundary_Optimization/INPUTS/QUICK_BENCHMARK/Dataset/01_training_dataset_tif_ROIs/training_set_primary_roi_101.tif,987.5,450.375,1,lymphocyte,gt
training_set_primary_roi_101:195,TRAIN,,,,training_set_primary_roi_101,/content/drive/MyDrive/Research/PUMA/Exploration_8_Diversity_Aware_Wider_Field_and_Boundary_Optimization/INPUTS/QUICK_BENCHMARK/Dataset/01_training_dataset_tif_ROIs/training_set_primary_roi_101.tif,346.20217,800.995069,1,lymphocyte,gt
training_set_primary_roi_101:245,TRAIN,,,,training_set_primary_roi_101,/content/drive/MyDrive/Research/PUMA/Exploration_8_Diversity_Aware_Wider_Field_and_Boundary_Optimization/INPUTS/QUICK_BENCHMARK/Dataset/01_training_dataset_tif_ROIs/training_set_primary_roi_101.tif,571.453271,753.490654,1,lymphocyte,gt
training_set_primary_roi_101:253,TRAIN,,,,training_set_primary_roi_101,/content/drive/MyDrive/Research/PUMA/Exploration_8_Diversity_Aware_Wider_Field_and_Boundary_Optimization/INPUTS/QUICK_BENCHMARK/Dataset/01_training_dataset_tif_ROIs/training_set_primary_roi_101.tif,277.483871,794.609677,1,lymphocyte,gt
training_set_primary_roi_101:261,TRAIN,,,,training_set_primary_roi_101,/content/drive/MyDrive/Research/PUMA/Exploration_8_Diversity_Aware_Wider_Field_and_Boundary_Optimization/INPUTS/QUICK_BENCHMARK/Dataset/01_training_dataset_tif_ROIs/training_set_primary_roi_101.tif,577.556604,815.110849,1,lymphocyte,gt
training_set_primary_roi_101:269,TRAIN,,,,training_set_primary_roi_101,/content/drive/MyDrive/Research/PUMA/Exploration_8_Diversity_Aware_Wider_Field_and_Boundary_Optimization/INPUTS/QUICK_BENCHMARK/Dataset/01_training_dataset_tif_ROIs/training_set_primary_roi_101.tif,792.570461,842.104336,1,lymphocyte,gt
training_set_primary_roi_101:272,TRAIN,,,,training_set_primary_roi_101,/content/drive/MyDrive/Research/PUMA/Exploration_8_Diversity_Aware_Wider_Field_and_Boundary_Optimization/INPUTS/QUICK_BENCHMARK/Dataset/01_training_dataset_tif_ROIs/training_set_primary_roi_101.tif,425.646269,849.359701,1,lymphocyte,gt
training_set_primary_roi_101:282,TRAIN,,,,training_set_primary_roi_101,/content/drive/MyDrive/Research/PUMA/Exploration_8_Diversity_Aware_Wider_Field_and_Boundary_Optimization/INPUTS/QUICK_BENCHMARK/Dataset/01_training_dataset_tif_ROIs/training_set_primary_roi_101.tif,698.678899,870.344037,1,lymphocyte,gt
training_set_primary_roi_101:287,TRAIN,,,,training_set_primary_roi_101,/content/drive/MyDrive/Research/PUMA/Exploration_8_Diversity_Aware_Wider_Field_and_Boundary_Optimization/INPUTS/QUICK_BENCHMARK/Dataset/01_training_dataset_tif_ROIs/training_set_primary_roi_101.tif,605.050562,881.216292,1,lymphocyte,gt
training_set_primary_roi_101:288,TRAIN,,,,training_set_primary_roi_101,/content/drive/MyDrive/Research/PUMA/Exploration_8_Diversity_Aware_Wider_Field_and_Boundary_Optimization/INPUTS/QUICK_BENCHMARK/Dataset/01_training_dataset_tif_ROIs/training_set_primary_roi_101.tif,820.579439,887.205607,1,lymphocyte,gt
training_set_primary_roi_101:309,TRAIN,,,,training_set_primary_roi_101,/content/drive/MyDrive/Research/PUMA/Exploration_8_Diversity_Aware_Wider_Field_and_Boundary_Optimization/INPUTS/QUICK_BENCHMARK/Dataset/01_training_dataset_tif_ROIs/training_set_primary_roi_101.tif,626.807407,941.211111,1,lymphocyte,gt
training_set_primary_roi_101:313,TRAIN,,,,training_set_primary_roi_101,/content/drive/MyDrive/Research/PUMA/Exploration_8_Diversity_Aware_Wider_Field_and_Boundary_Optimization/INPUTS/QUICK_BENCHMARK/Dataset/01_training_dataset_tif_ROIs/training_set_primary_roi_101.tif,713.987952,954.307229,1,lymphocyte,gt
training_set_primary_roi_101:315,TRAIN,,,,training_set_primary_roi_101,/content/drive/MyDrive/Research/PUMA/Exploration_8_Diversity_Aware_Wider_Field_and_Boundary_Optimization/INPUTS/QUICK_BENCHMARK/Dataset/01_training_dataset_tif_ROIs/training_set_primary_roi_101.tif,240.862805,953.54878,1,lymphocyte,gt
training_set_primary_roi_101:317,TRAIN,,,,training_set_primary_roi_101,/content/drive/MyDrive/Research/PUMA/Exploration_8_Diversity_Aware_Wider_Field_and_Boundary_Optimization/INPUTS/QUICK_BENCHMARK/Dataset/01_training_dataset_tif_ROIs/training_set_primary_roi_101.tif,467.5,965.0,1,lymphocyte,gt
training_set_primary_roi_101:330,TRAIN,,,,training_set_primary_roi_101,/content/drive/MyDrive/Research/PUMA/Exploration_8_Diversity_Aware_Wider_Field_and_Boundary_Optimization/INPUTS/QUICK_BENCHMARK/Dataset/01_training_dataset_tif_ROIs/training_set_primary_roi_101.tif,958.775862,989.006897,1,lymphocyte,gt
training_set_primary_roi_101:334,TRAIN,,,,training_set_primary_roi_101,/content/drive/MyDrive/Research/PUMA/Exploration_8_Diversity_Aware_Wider_Field_and_Boundary_Optimization/INPUTS/QUICK_BENCHMARK/Dataset/01_training_dataset_tif_ROIs/training_set_primary_roi_101.tif,628.772425,991.649502,1,lymphocyte,gt
training_set_primary_roi_101:46,TRAIN,,,,training_set_primary_roi_101,/content/drive/MyDrive/Research/PUMA/Exploration_8_Diversity_Aware_Wider_Field_and_Boundary_Optimization/INPUTS/QUICK_BENCHMARK/Dataset/01_training_dataset_tif_ROIs/training_set_primary_roi_101.tif,879.030806,393.670616,1,lymphocyte,gt
training_set_primary_roi_102:103,TRAIN,,,,training_set_primary_roi_102,/content/drive/MyDrive/Research/PUMA/Exploration_8_Diversity_Aware_Wider_Field_and_Boundary_Optimization/INPUTS/QUICK_BENCHMARK/Dataset/01_training_dataset_tif_ROIs/training_set_primary_roi_102.tif,871.680195,478.928571,7,epithelium,gt
training_set_primary_roi_102:108,TRAIN,,,,training_set_primary_roi_102,/content/drive/MyDrive/Research/PUMA/Exploration_8_Diversity_Aware_Wider_Field_and_Boundary_Optimization/INPUTS/QUICK_BENCHMARK/Dataset/01_training_dataset_tif_ROIs/training_set_primary_roi_102.tif,917.666181,489.420311,7,epithelium,gt
training_set_primary_roi_102:11,TRAIN,,,,training_set_primary_roi_102,/content/drive/MyDrive/Research/PUMA/Exploration_8_Diversity_Aware_Wider_Field_and_Boundary_Optimization/INPUTS/QUICK_BENCHMARK/Dataset/01_training_dataset_tif_ROIs/training_set_primary_roi_102.tif,737.20798,679.491511,7,epithelium,gt
training_set_primary_roi_102:124,TRAIN,,,,training_set_primary_roi_102,/content/drive/MyDrive/Research/PUMA/Exploration_8_Diversity_Aware_Wider_Field_and_Boundary_Optimization/INPUTS/QUICK_BENCHMARK/Dataset/01_training_dataset_tif_ROIs/training_set_primary_roi_102.tif,854.786604,551.658879,7,epithelium,gt
training_set_primary_roi_102:126,TRAIN,,,,training_set_primary_roi_102,/content/drive/MyDrive/Research/PUMA/Exploration_8_Diversity_Aware_Wider_Field_and_Boundary_Optimization/INPUTS/QUICK_BENCHMARK/Dataset/01_training_dataset_tif_ROIs/training_set_primary_roi_102.tif,1005.218487,550.262605,7,epithelium,gt
training_set_primary_roi_102:164,TRAIN,,,,training_set_primary_roi_102,/content/drive/MyDrive/Research/PUMA/Exploration_8_Diversity_Aware_Wider_Field_and_Boundary_Optimization/INPUTS/QUICK_BENCHMARK/Dataset/01_training_dataset_tif_ROIs/training_set_primary_roi_102.tif,1003.595105,684.655245,7,epithelium,gt
training_set_primary_roi_102:172,TRAIN,,,,training_set_primary_roi_102,/content/drive/MyDrive/Research/PUMA/Exploration_8_Diversity_Aware_Wider_Field_and_Boundary_Optimization/INPUTS/QUICK_BENCHMARK/Dataset/01_training_dataset_tif_ROIs/training_set_primary_roi_102.tif,778.0727,710.054896,7,epithelium,gt
training_set_primary_roi_102:175,TRAIN,,,,training_set_primary_roi_102,/content/drive/MyDrive/Research/PUMA/Exploration_8_Diversity_Aware_Wider_Field_and_Boundary_Optimization/INPUTS/QUICK_BENCHMARK/Dataset/01_training_dataset_tif_ROIs/training_set_primary_roi_102.tif,819.943548,715.620968,7,epithelium,gt
training_set_primary_roi_102:178,TRAIN,,,,training_set_primary_roi_102,/content/drive/MyDrive/Research/PUMA/Exploration_8_Diversity_Aware_Wider_Field_and_Boundary_Optimization/INPUTS/QUICK_BENCHMARK/Dataset/01_training_dataset_tif_ROIs/training_set_primary_roi_102.tif,908.318182,728.272727,7,epithelium,gt
training_set_primary_roi_102:187,TRAIN,,,,training_set_primary_roi_102,/content/drive/MyDrive/Research/PUMA/Exploration_8_Diversity_Aware_Wider_Field_and_Boundary_Optimization/INPUTS/QUICK_BENCHMARK/Dataset/01_training_dataset_tif_ROIs/training_set_primary_roi_102.tif,833.963788,776.292479,7,epithelium,gt
training_set_primary_roi_102:199,TRAIN,,,,training_set_primary_roi_102,/content/drive/MyDrive/Research/PUMA/Exploration_8_Diversity_Aware_Wider_Field_and_Boundary_Optimization/INPUTS/QUICK_BENCHMARK/Dataset/01_training_dataset_tif_ROIs/training_set_primary_roi_102.tif,842.963224,848.457746,7,epithelium,gt
training_set_primary_roi_102:203,TRAIN,,,,training_set_primary_roi_102,/content/drive/MyDrive/Research/PUMA/Exploration_8_Diversity_Aware_Wider_Field_and_Boundary_Optimization/INPUTS/QUICK_BENCHMARK/Dataset/01_training_dataset_tif_ROIs/training_set_primary_roi_102.tif,510.998104,864.816056,7,epithelium,gt
training_set_primary_roi_102:208,TRAIN,,,,training_set_primary_roi_102,/content/drive/MyDrive/Research/PUMA/Exploration_8_Diversity_Aware_Wider_Field_and_Boundary_Optimization/INPUTS/QUICK_BENCHMARK/Dataset/01_training_dataset_tif_ROIs/training_set_primary_roi_102.tif,769.808077,883.22856,7,epithelium,gt
training_set_primary_roi_102:212,TRAIN,,,,training_set_primary_roi_102,/content/drive/MyDrive/Research/PUMA/Exploration_8_Diversity_Aware_Wider_Field_and_Boundary_Optimization/INPUTS/QUICK_BENCHMARK/Dataset/01_training_dataset_tif_ROIs/training_set_primary_roi_102.tif,1015.662741,897.579229,7,epithelium,gt
training_set_primary_roi_102:221,TRAIN,,,,training_set_primary_roi_102,/content/drive/MyDrive/Research/PUMA/Exploration_8_Diversity_Aware_Wider_Field_and_Boundary_Optimization/INPUTS/QUICK_BENCHMARK/Dataset/01_training_dataset_tif_ROIs/training_set_primary_roi_102.tif,498.424129,928.723881,7,epithelium,gt
training_set_primary_roi_102:228,TRAIN,,,,training_set_primary_roi_102,/content/drive/MyDrive/Research/PUMA/Exploration_8_Diversity_Aware_Wider_Field_and_Boundary_Optimization/INPUTS/QUICK_BENCHMARK/Dataset/01_training_dataset_tif_ROIs/training_set_primary_roi_102.tif,380.052316,956.36964,7,epithelium,gt
training_set_primary_roi_102:231,TRAIN,,,,training_set_primary_roi_102,/content/drive/MyDrive/Research/PUMA/Exploration_8_Diversity_Aware_Wider_Field_and_Boundary_Optimization/INPUTS/QUICK_BENCHMARK/Dataset/01_training_dataset_tif_ROIs/training_set_primary_roi_102.tif,1017.167453,980.712264,7,epithelium,gt
training_set_primary_roi_102:233,TRAIN,,,,training_set_primary_roi_102,/content/drive/MyDrive/Research/PUMA/Exploration_8_Diversity_Aware_Wider_Field_and_Boundary_Optimization/INPUTS/QUICK_BENCHMARK/Dataset/01_training_dataset_tif_ROIs/training_set_primary_roi_102.tif,615.325654,993.700498,7,epithelium,gt
training_set_primary_roi_102:235,TRAIN,,,,training_set_primary_roi_102,/content/drive/MyDrive/Research/PUMA/Exploration_8_Diversity_Aware_Wider_Field_and_Boundary_Optimization/INPUTS/QUICK_BENCHMARK/Dataset/01_training_dataset_tif_ROIs/training_set_primary_roi_102.tif,492.397548,1004.309982,7,epithelium,gt
training_set_primary_roi_102:237,TRAIN,,,,training_set_primary_roi_102,/content/drive/MyDrive/Research/PUMA/Exploration_8_Diversity_Aware_Wider_Field_and_Boundary_Optimization/INPUTS/QUICK_BENCHMARK/Dataset/01_training_dataset_tif_ROIs/training_set_primary_roi_102.tif,650.801852,1017.464815,7,epithelium,gt
training_set_primary_roi_102:34,TRAIN,,,,training_set_primary_roi_102,/content/drive/MyDrive/Research/PUMA/Exploration_8_Diversity_Aware_Wider_Field_and_Boundary_Optimization/INPUTS/QUICK_BENCHMARK/Dataset/01_training_dataset_tif_ROIs/training_set_primary_roi_102.tif,688.906417,657.318182,7,epithelium,gt
training_set_primary_roi_102:384,TRAIN,,,,training_set_primary_roi_102,/content/drive/MyDrive/Research/PUMA/Exploration_8_Diversity_Aware_Wider_Field_and_Boundary_Optimization/INPUTS/QUICK_BENCHMARK/Dataset/01_training_dataset_tif_ROIs/training_set_primary_roi_102.tif,681.294821,565.203187,7,epithelium,gt
training_set_primary_roi_102:414,TRAIN,,,,training_set_primary_roi_102,/content/drive/MyDrive/Research/PUMA/Exploration_8_Diversity_Aware_Wider_Field_and_Boundary_Optimization/INPUTS/QUICK_BENCHMARK/Dataset/01_training_dataset_tif_ROIs/training_set_primary_roi_102.tif,430.422652,897.265193,7,epithelium,gt
training_set_primary_roi_102:468,TRAIN,,,,training_set_primary_roi_102,/content/drive/MyDrive/Research/PUMA/Exploration_8_Diversity_Aware_Wider_Field_and_Boundary_Optimization/INPUTS/QUICK_BENCHMARK/Dataset/01_training_dataset_tif_ROIs/training_set_primary_roi_102.tif,449.998555,60.473507,2,plasma_cell,gt
