"uid","roi","group","image","x","y","eval_x","eval_y","eval_centroids","label","class_name","split","coordinate_source"
"training_set_primary_roi_099:64","training_set_primary_roi_099","training_set_primary_roi_099","/content/drive/MyDrive/Research/PUMA/PUMA_STAGE2_COLAB/INPUTS/RAW/01_training_dataset_tif_ROIs/training_set_primary_roi_099.tif","151.3987240829346","204.98564593301435","151.9122772216797","204.63157653808594","[[151.9122772216797, 204.63157653808594]]","0","tumor","train","gt"
"training_set_primary_roi_004:64","training_set_primary_roi_004","training_set_primary_roi_004","/content/drive/MyDrive/Research/PUMA/PUMA_STAGE2_COLAB/INPUTS/RAW/01_training_dataset_tif_ROIs/training_set_primary_roi_004.tif","697.1313565391778","213.16014897579143","698.2857055664062","212.23214721679688","[[698.2857055664062, 212.23214721679688]]","0","tumor","train","gt"
"training_set_metastatic_roi_092:232","training_set_metastatic_roi_092","training_set_metastatic_roi_092","/content/drive/MyDrive/Research/PUMA/PUMA_STAGE2_COLAB/INPUTS/RAW/01_training_dataset_tif_ROIs/training_set_metastatic_roi_092.tif","330.16448865230916","138.54782711550098","326.86053466796875","134.4806365966797","[[326.86053466796875, 134.4806365966797]]","0","tumor","train","gt"
"training_set_primary_roi_053:247","training_set_primary_roi_053","training_set_primary_roi_053","/content/drive/MyDrive/Research/PUMA/PUMA_STAGE2_COLAB/INPUTS/RAW/01_training_dataset_tif_ROIs/training_set_primary_roi_053.tif","743.8563915857604","542.5661407766991","742.9375","542.0","[[742.9375, 542.0]]","0","tumor","train","gt"
"training_set_primary_roi_033:192","training_set_primary_roi_033","training_set_primary_roi_033","/content/drive/MyDrive/Research/PUMA/PUMA_STAGE2_COLAB/INPUTS/RAW/01_training_dataset_tif_ROIs/training_set_primary_roi_033.tif","113.93436960276338","558.9795624640185","114.69767761230469","560.4185791015625","[[114.69767761230469, 560.4185791015625]]","0","tumor","train","gt"
"training_set_primary_roi_043:547","training_set_primary_roi_043","training_set_primary_roi_043","/content/drive/MyDrive/Research/PUMA/PUMA_STAGE2_COLAB/INPUTS/RAW/01_training_dataset_tif_ROIs/training_set_primary_roi_043.tif","681.7743652743653","959.3912093912095","683.5820922851562","959.1492309570312","[[683.5820922851562, 959.1492309570312]]","0","tumor","train","gt"
"training_set_metastatic_roi_070:237","training_set_metastatic_roi_070","training_set_metastatic_roi_070","/content/drive/MyDrive/Research/PUMA/PUMA_STAGE2_COLAB/INPUTS/RAW/01_training_dataset_tif_ROIs/training_set_metastatic_roi_070.tif","73.87719298245614","807.536231884058","73.7959213256836","807.9387817382812","[[73.7959213256836, 807.9387817382812]]","0","tumor","train","gt"
"training_set_metastatic_roi_063:428","training_set_metastatic_roi_063","training_set_metastatic_roi_063","/content/drive/MyDrive/Research/PUMA/PUMA_STAGE2_COLAB/INPUTS/RAW/01_training_dataset_tif_ROIs/training_set_metastatic_roi_063.tif","3.719219219219219","380.76276276276275","5.125","379.75","[[5.125, 379.75]]","0","tumor","train","gt"
"training_set_metastatic_roi_045:259","training_set_metastatic_roi_045","training_set_metastatic_roi_045","/content/drive/MyDrive/Research/PUMA/PUMA_STAGE2_COLAB/INPUTS/RAW/01_training_dataset_tif_ROIs/training_set_metastatic_roi_045.tif","538.0895316804408","164.71349862258953","538.8125","165.4375","[[538.8125, 165.4375]]","0","tumor","train","gt"
"training_set_metastatic_roi_011:348","training_set_metastatic_roi_011","training_set_metastatic_roi_011","/content/drive/MyDrive/Research/PUMA/PUMA_STAGE2_COLAB/INPUTS/RAW/01_training_dataset_tif_ROIs/training_set_metastatic_roi_011.tif","126.9294265910523","838.359168241966","124.88888549804688","838.2222290039062","[[124.88888549804688, 838.2222290039062]]","0","tumor","train","gt"
"training_set_primary_roi_093:210","training_set_primary_roi_093","training_set_primary_roi_093","/content/drive/MyDrive/Research/PUMA/PUMA_STAGE2_COLAB/INPUTS/RAW/01_training_dataset_tif_ROIs/training_set_primary_roi_093.tif","367.75820619509943","399.62575127138234","367.6666564941406","398.4166564941406","[[367.6666564941406, 398.4166564941406]]","0","tumor","train","gt"
"training_set_metastatic_roi_100:63","training_set_metastatic_roi_100","training_set_metastatic_roi_100","/content/drive/MyDrive/Research/PUMA/PUMA_STAGE2_COLAB/INPUTS/RAW/01_training_dataset_tif_ROIs/training_set_metastatic_roi_100.tif","1003.0095404984423","261.5091510903427","1000.2340698242188","259.3404235839844","[[1000.2340698242188, 259.3404235839844]]","0","tumor","train","gt"
"training_set_primary_roi_049:122","training_set_primary_roi_049","training_set_primary_roi_049","/content/drive/MyDrive/Research/PUMA/PUMA_STAGE2_COLAB/INPUTS/RAW/01_training_dataset_tif_ROIs/training_set_primary_roi_049.tif","967.9282168766705","302.09316533027874","967.1666870117188","300.8333435058594","[[967.1666870117188, 300.8333435058594]]","0","tumor","train","gt"
"training_set_primary_roi_030:77","training_set_primary_roi_030","training_set_primary_roi_030","/content/drive/MyDrive/Research/PUMA/PUMA_STAGE2_COLAB/INPUTS/RAW/01_training_dataset_tif_ROIs/training_set_primary_roi_030.tif","544.0295439948619","431.0571612074502","544.6153564453125","431.5","[[544.6153564453125, 431.5]]","0","tumor","train","gt"
"training_set_metastatic_roi_014:427","training_set_metastatic_roi_014","training_set_metastatic_roi_014","/content/drive/MyDrive/Research/PUMA/PUMA_STAGE2_COLAB/INPUTS/RAW/01_training_dataset_tif_ROIs/training_set_metastatic_roi_014.tif","739.5722846441948","936.8546816479401","738.1538696289062","936.8076782226562","[[738.1538696289062, 936.8076782226562]]","0","tumor","train","gt"
"training_set_metastatic_roi_043:10","training_set_metastatic_roi_043","training_set_metastatic_roi_043","/content/drive/MyDrive/Research/PUMA/PUMA_STAGE2_COLAB/INPUTS/RAW/01_training_dataset_tif_ROIs/training_set_metastatic_roi_043.tif","368.323547979798","61.62678872053872","367.6708984375","63.278480529785156","[[367.6708984375, 63.278480529785156]]","0","tumor","train","gt"
"training_set_primary_roi_028:256","training_set_primary_roi_028","training_set_primary_roi_028","/content/drive/MyDrive/Research/PUMA/PUMA_STAGE2_COLAB/INPUTS/RAW/01_training_dataset_tif_ROIs/training_set_primary_roi_028.tif","788.5946348733233","334.4603825136612","789.7192993164062","335.9473571777344","[[789.7192993164062, 335.9473571777344]]","0","tumor","train","gt"
"training_set_metastatic_roi_005:63","training_set_metastatic_roi_005","training_set_metastatic_roi_005","/content/drive/MyDrive/Research/PUMA/PUMA_STAGE2_COLAB/INPUTS/RAW/01_training_dataset_tif_ROIs/training_set_metastatic_roi_005.tif","649.3075523202912","504.0106157112526","649.90478515625","503.28570556640625","[[649.90478515625, 503.28570556640625]]","0","tumor","train","gt"
"training_set_metastatic_roi_055:806","training_set_metastatic_roi_055","training_set_metastatic_roi_055","/content/drive/MyDrive/Research/PUMA/PUMA_STAGE2_COLAB/INPUTS/RAW/01_training_dataset_tif_ROIs/training_set_metastatic_roi_055.tif","6.21485660554772","840.3408556652562","8.53125","838.21875","[[8.53125, 838.21875]]","0","tumor","train","gt"
"training_set_metastatic_roi_042:77","training_set_metastatic_roi_042","training_set_metastatic_roi_042","/content/drive/MyDrive/Research/PUMA/PUMA_STAGE2_COLAB/INPUTS/RAW/01_training_dataset_tif_ROIs/training_set_metastatic_roi_042.tif","882.4468864468864","528.8503803888419","882.243896484375","524.756103515625","[[882.243896484375, 524.756103515625]]","0","tumor","train","gt"
"training_set_metastatic_roi_064:330","training_set_metastatic_roi_064","training_set_metastatic_roi_064","/content/drive/MyDrive/Research/PUMA/PUMA_STAGE2_COLAB/INPUTS/RAW/01_training_dataset_tif_ROIs/training_set_metastatic_roi_064.tif","559.4280442804428","806.4138991389914","558.8529663085938","805.3529663085938","[[558.8529663085938, 805.3529663085938]]","0","tumor","train","gt"
"training_set_metastatic_roi_057:435","training_set_metastatic_roi_057","training_set_metastatic_roi_057","/content/drive/MyDrive/Research/PUMA/PUMA_STAGE2_COLAB/INPUTS/RAW/01_training_dataset_tif_ROIs/training_set_metastatic_roi_057.tif","282.18621399176953","130.97222222222223","282.0","129.84210205078125","[[282.0, 129.84210205078125]]","0","tumor","train","gt"
"training_set_primary_roi_097:342","training_set_primary_roi_097","training_set_primary_roi_097","/content/drive/MyDrive/Research/PUMA/PUMA_STAGE2_COLAB/INPUTS/RAW/01_training_dataset_tif_ROIs/training_set_primary_roi_097.tif","355.10093077370567","565.3330424665503","353.5","563.5833129882812","[[353.5, 563.5833129882812]]","0","tumor","train","gt"
"training_set_metastatic_roi_099:218","training_set_metastatic_roi_099","training_set_metastatic_roi_099","/content/drive/MyDrive/Research/PUMA/PUMA_STAGE2_COLAB/INPUTS/RAW/01_training_dataset_tif_ROIs/training_set_metastatic_roi_099.tif","92.543429844098","619.2290274684484","91.70587921142578","618.2941284179688","[[91.70587921142578, 618.2941284179688]]","0","tumor","train","gt"
"training_set_primary_roi_017:144","training_set_primary_roi_017","training_set_primary_roi_017","/content/drive/MyDrive/Research/PUMA/PUMA_STAGE2_COLAB/INPUTS/RAW/01_training_dataset_tif_ROIs/training_set_primary_roi_017.tif","121.99507829977628","534.4067114093959","122.59375","535.40625","[[122.59375, 535.40625]]","0","tumor","train","gt"
"training_set_metastatic_roi_073:713","training_set_metastatic_roi_073","training_set_metastatic_roi_073","/content/drive/MyDrive/Research/PUMA/PUMA_STAGE2_COLAB/INPUTS/RAW/01_training_dataset_tif_ROIs/training_set_metastatic_roi_073.tif","702.7309794031105","846.9314838167297","702.3898315429688","845.88134765625","[[702.3898315429688, 845.88134765625]]","0","tumor","train","gt"
"training_set_primary_roi_090:199","training_set_primary_roi_090","training_set_primary_roi_090","/content/drive/MyDrive/Research/PUMA/PUMA_STAGE2_COLAB/INPUTS/RAW/01_training_dataset_tif_ROIs/training_set_primary_roi_090.tif","790.0","142.45337620578778","790.239990234375","142.8000030517578","[[790.239990234375, 142.8000030517578]]","0","tumor","train","gt"
"training_set_primary_roi_103:188","training_set_primary_roi_103","training_set_primary_roi_103","/content/drive/MyDrive/Research/PUMA/PUMA_STAGE2_COLAB/INPUTS/RAW/01_training_dataset_tif_ROIs/training_set_primary_roi_103.tif","187.44883040935673","645.9298245614035","187.02740478515625","644.863037109375","[[187.02740478515625, 644.863037109375]]","0","tumor","train","gt"
"training_set_metastatic_roi_012:251","training_set_metastatic_roi_012","training_set_metastatic_roi_012","/content/drive/MyDrive/Research/PUMA/PUMA_STAGE2_COLAB/INPUTS/RAW/01_training_dataset_tif_ROIs/training_set_metastatic_roi_012.tif","668.6961538461538","334.0905982905983","671.2926635742188","333.43902587890625","[[671.2926635742188, 333.43902587890625]]","0","tumor","train","gt"
"training_set_metastatic_roi_091:36","training_set_metastatic_roi_091","training_set_metastatic_roi_091","/content/drive/MyDrive/Research/PUMA/PUMA_STAGE2_COLAB/INPUTS/RAW/01_training_dataset_tif_ROIs/training_set_metastatic_roi_091.tif","393.7841204654346","310.8743326488706","393.73077392578125","309.5769348144531","[[393.73077392578125, 309.5769348144531]]","0","tumor","train","gt"
"training_set_metastatic_roi_006:111","training_set_metastatic_roi_006","training_set_metastatic_roi_006","/content/drive/MyDrive/Research/PUMA/PUMA_STAGE2_COLAB/INPUTS/RAW/01_training_dataset_tif_ROIs/training_set_metastatic_roi_006.tif","898.447263681592","370.076368159204","899.6087036132812","371.521728515625","[[899.6087036132812, 371.521728515625]]","0","tumor","train","gt"
"training_set_primary_roi_100:394","training_set_primary_roi_100","training_set_primary_roi_100","/content/drive/MyDrive/Research/PUMA/PUMA_STAGE2_COLAB/INPUTS/RAW/01_training_dataset_tif_ROIs/training_set_primary_roi_100.tif","605.6982281284606","1009.3211517165006","606.243896484375","1007.9755859375","[[606.243896484375, 1007.9755859375]]","0","tumor","train","gt"
"training_set_metastatic_roi_024:202","training_set_metastatic_roi_024","training_set_metastatic_roi_024","/content/drive/MyDrive/Research/PUMA/PUMA_STAGE2_COLAB/INPUTS/RAW/01_training_dataset_tif_ROIs/training_set_metastatic_roi_024.tif","715.826714801444","195.92057761732852","716.8275756835938","195.8275909423828","[[716.8275756835938, 195.8275909423828]]","0","tumor","train","gt"
"training_set_primary_roi_089:16","training_set_primary_roi_089","training_set_primary_roi_089","/content/drive/MyDrive/Research/PUMA/PUMA_STAGE2_COLAB/INPUTS/RAW/01_training_dataset_tif_ROIs/training_set_primary_roi_089.tif","706.4643897272967","792.5144294413556","706.4222412109375","794.2444458007812","[[706.4222412109375, 794.2444458007812]]","0","tumor","train","gt"
"training_set_metastatic_roi_075:250","training_set_metastatic_roi_075","training_set_metastatic_roi_075","/content/drive/MyDrive/Research/PUMA/PUMA_STAGE2_COLAB/INPUTS/RAW/01_training_dataset_tif_ROIs/training_set_metastatic_roi_075.tif","877.1426767676767","188.12651515151515","876.40478515625","188.42857360839844","[[876.40478515625, 188.42857360839844]]","0","tumor","train","gt"
"training_set_primary_roi_084:42","training_set_primary_roi_084","training_set_primary_roi_084","/content/drive/MyDrive/Research/PUMA/PUMA_STAGE2_COLAB/INPUTS/RAW/01_training_dataset_tif_ROIs/training_set_primary_roi_084.tif","6.401812688821752","121.30010070493455","9.75","121.91666412353516","[[9.75, 121.91666412353516]]","0","tumor","train","gt"
"training_set_primary_roi_047:530","training_set_primary_roi_047","training_set_primary_roi_047","/content/drive/MyDrive/Research/PUMA/PUMA_STAGE2_COLAB/INPUTS/RAW/01_training_dataset_tif_ROIs/training_set_primary_roi_047.tif","962.61706629055","198.83756464503998","962.25","196.9166717529297","[[962.25, 196.9166717529297]]","0","tumor","train","gt"
"training_set_primary_roi_031:354","training_set_primary_roi_031","training_set_primary_roi_031","/content/drive/MyDrive/Research/PUMA/PUMA_STAGE2_COLAB/INPUTS/RAW/01_training_dataset_tif_ROIs/training_set_primary_roi_031.tif","846.9403508771929","566.7105263157895","846.9892578125","567.0645141601562","[[846.9892578125, 567.0645141601562]]","0","tumor","train","gt"
"training_set_primary_roi_048:80","training_set_primary_roi_048","training_set_primary_roi_048","/content/drive/MyDrive/Research/PUMA/PUMA_STAGE2_COLAB/INPUTS/RAW/01_training_dataset_tif_ROIs/training_set_primary_roi_048.tif","936.9087893864014","120.49154228855721","937.5999755859375","118.5","[[937.5999755859375, 118.5]]","0","tumor","train","gt"
"training_set_metastatic_roi_007:230","training_set_metastatic_roi_007","training_set_metastatic_roi_007","/content/drive/MyDrive/Research/PUMA/PUMA_STAGE2_COLAB/INPUTS/RAW/01_training_dataset_tif_ROIs/training_set_metastatic_roi_007.tif","1014.1162579473207","38.22615803814714","1012.3571166992188","36.64285659790039","[[1012.3571166992188, 36.64285659790039]]","0","tumor","train","gt"
"training_set_primary_roi_001:471","training_set_primary_roi_001","training_set_primary_roi_001","/content/drive/MyDrive/Research/PUMA/PUMA_STAGE2_COLAB/INPUTS/RAW/01_training_dataset_tif_ROIs/training_set_primary_roi_001.tif","130.36042012161414","804.9021558872305","129.16000366210938","806.0399780273438","[[129.16000366210938, 806.0399780273438]]","0","tumor","train","gt"
"training_set_primary_roi_056:28","training_set_primary_roi_056","training_set_primary_roi_056","/content/drive/MyDrive/Research/PUMA/PUMA_STAGE2_COLAB/INPUTS/RAW/01_training_dataset_tif_ROIs/training_set_primary_roi_056.tif","715.4786396852164","59.655986509274875","716.1428833007812","57.92856979370117","[[716.1428833007812, 57.92856979370117]]","0","tumor","train","gt"
"training_set_primary_roi_061:442","training_set_primary_roi_061","training_set_primary_roi_061","/content/drive/MyDrive/Research/PUMA/PUMA_STAGE2_COLAB/INPUTS/RAW/01_training_dataset_tif_ROIs/training_set_primary_roi_061.tif","181.00950118764845","873.1262866191607","180.9729766845703","873.3783569335938","[[180.9729766845703, 873.3783569335938]]","0","tumor","train","gt"
"training_set_primary_roi_094:349","training_set_primary_roi_094","training_set_primary_roi_094","/content/drive/MyDrive/Research/PUMA/PUMA_STAGE2_COLAB/INPUTS/RAW/01_training_dataset_tif_ROIs/training_set_primary_roi_094.tif","329.9744923229322","607.5983159980188","330.5","605.75","[[330.5, 605.75]]","0","tumor","train","gt"
"training_set_primary_roi_005:402","training_set_primary_roi_005","training_set_primary_roi_005","/content/drive/MyDrive/Research/PUMA/PUMA_STAGE2_COLAB/INPUTS/RAW/01_training_dataset_tif_ROIs/training_set_primary_roi_005.tif","529.5528652138822","964.3999192897498","530.25","961.2999877929688","[[530.25, 961.2999877929688]]","0","tumor","train","gt"
"training_set_primary_roi_063:400","training_set_primary_roi_063","training_set_primary_roi_063","/content/drive/MyDrive/Research/PUMA/PUMA_STAGE2_COLAB/INPUTS/RAW/01_training_dataset_tif_ROIs/training_set_primary_roi_063.tif","472.1034990791897","796.5620626151012","472.6511535644531","795.2557983398438","[[472.6511535644531, 795.2557983398438]]","0","tumor","train","gt"
"training_set_metastatic_roi_052:423","training_set_metastatic_roi_052","training_set_metastatic_roi_052","/content/drive/MyDrive/Research/PUMA/PUMA_STAGE2_COLAB/INPUTS/RAW/01_training_dataset_tif_ROIs/training_set_metastatic_roi_052.tif","399.91453551912565","765.6553005464481","399.0833435058594","767.1041870117188","[[399.0833435058594, 767.1041870117188]]","0","tumor","train","gt"
"training_set_primary_roi_023:394","training_set_primary_roi_023","training_set_primary_roi_023","/content/drive/MyDrive/Research/PUMA/PUMA_STAGE2_COLAB/INPUTS/RAW/01_training_dataset_tif_ROIs/training_set_primary_roi_023.tif","636.8059701492538","968.8623548922056","636.6585083007812","969.1219482421875","[[636.6585083007812, 969.1219482421875]]","0","tumor","train","gt"
"training_set_primary_roi_045:436","training_set_primary_roi_045","training_set_primary_roi_045","/content/drive/MyDrive/Research/PUMA/PUMA_STAGE2_COLAB/INPUTS/RAW/01_training_dataset_tif_ROIs/training_set_primary_roi_045.tif","1004.3895833333332","805.9770833333333","1004.888916015625","806.888916015625","[[1004.888916015625, 806.888916015625]]","0","tumor","train","gt"
"training_set_metastatic_roi_016:363","training_set_metastatic_roi_016","training_set_metastatic_roi_016","/content/drive/MyDrive/Research/PUMA/PUMA_STAGE2_COLAB/INPUTS/RAW/01_training_dataset_tif_ROIs/training_set_metastatic_roi_016.tif","883.9832181638697","575.1312931885489","885.123046875","575.0615234375","[[885.123046875, 575.0615234375]]","0","tumor","train","gt"
"training_set_primary_roi_041:363","training_set_primary_roi_041","training_set_primary_roi_041","/content/drive/MyDrive/Research/PUMA/PUMA_STAGE2_COLAB/INPUTS/RAW/01_training_dataset_tif_ROIs/training_set_primary_roi_041.tif","626.1430976430976","695.2996632996634","627.0","693.4666748046875","[[627.0, 693.4666748046875]]","0","tumor","train","gt"
"training_set_metastatic_roi_004:249","training_set_metastatic_roi_004","training_set_metastatic_roi_004","/content/drive/MyDrive/Research/PUMA/PUMA_STAGE2_COLAB/INPUTS/RAW/01_training_dataset_tif_ROIs/training_set_metastatic_roi_004.tif","516.581408140814","474.08800880088006","515.8461303710938","470.8846130371094","[[515.8461303710938, 470.8846130371094]]","0","tumor","train","gt"
"training_set_metastatic_roi_003:38","training_set_metastatic_roi_003","training_set_metastatic_roi_003","/content/drive/MyDrive/Research/PUMA/PUMA_STAGE2_COLAB/INPUTS/RAW/01_training_dataset_tif_ROIs/training_set_metastatic_roi_003.tif","207.44653791804052","91.53509185115402","206.73529052734375","90.76470947265625","[[206.73529052734375, 90.76470947265625]]","0","tumor","train","gt"
"training_set_primary_roi_051:62","training_set_primary_roi_051","training_set_primary_roi_051","/content/drive/MyDrive/Research/PUMA/PUMA_STAGE2_COLAB/INPUTS/RAW/01_training_dataset_tif_ROIs/training_set_primary_roi_051.tif","597.5428702430078","289.17858780375974","598.75","287.5833435058594","[[598.75, 287.5833435058594]]","0","tumor","train","gt"
"training_set_primary_roi_055:17","training_set_primary_roi_055","training_set_primary_roi_055","/content/drive/MyDrive/Research/PUMA/PUMA_STAGE2_COLAB/INPUTS/RAW/01_training_dataset_tif_ROIs/training_set_primary_roi_055.tif","345.6035889070147","57.95649809679174","345.0","56.29999923706055","[[345.0, 56.29999923706055]]","0","tumor","train","gt"
"training_set_primary_roi_026:106","training_set_primary_roi_026","training_set_primary_roi_026","/content/drive/MyDrive/Research/PUMA/PUMA_STAGE2_COLAB/INPUTS/RAW/01_training_dataset_tif_ROIs/training_set_primary_roi_026.tif","687.4572315332092","389.41824953445064","686.9344482421875","390.6557312011719","[[686.9344482421875, 390.6557312011719]]","0","tumor","train","gt"
"training_set_metastatic_roi_027:84","training_set_metastatic_roi_027","training_set_metastatic_roi_027","/content/drive/MyDrive/Research/PUMA/PUMA_STAGE2_COLAB/INPUTS/RAW/01_training_dataset_tif_ROIs/training_set_metastatic_roi_027.tif","794.1681105610562","189.98370462046205","793.9104614257812","188.9253692626953","[[793.9104614257812, 188.9253692626953]]","0","tumor","train","gt"
"training_set_metastatic_roi_060:342","training_set_metastatic_roi_060","training_set_metastatic_roi_060","/content/drive/MyDrive/Research/PUMA/PUMA_STAGE2_COLAB/INPUTS/RAW/01_training_dataset_tif_ROIs/training_set_metastatic_roi_060.tif","347.5317073170732","56.44715447154472","347.7550964355469","55.93877410888672","[[347.7550964355469, 55.93877410888672]]","0","tumor","train","gt"
"training_set_metastatic_roi_028:155","training_set_metastatic_roi_028","training_set_metastatic_roi_028","/content/drive/MyDrive/Research/PUMA/PUMA_STAGE2_COLAB/INPUTS/RAW/01_training_dataset_tif_ROIs/training_set_metastatic_roi_028.tif","229.7669104204753","412.75350396099935","229.12765502929688","411.68084716796875","[[229.12765502929688, 411.68084716796875]]","0","tumor","train","gt"
"training_set_metastatic_roi_069:562","training_set_metastatic_roi_069","training_set_metastatic_roi_069","/content/drive/MyDrive/Research/PUMA/PUMA_STAGE2_COLAB/INPUTS/RAW/01_training_dataset_tif_ROIs/training_set_metastatic_roi_069.tif","480.55497440462943","284.50111284219895","481.3450622558594","286.6408386230469","[[481.3450622558594, 286.6408386230469]]","0","tumor","train","gt"
"training_set_primary_roi_074:170","training_set_primary_roi_074","training_set_primary_roi_074","/content/drive/MyDrive/Research/PUMA/PUMA_STAGE2_COLAB/INPUTS/RAW/01_training_dataset_tif_ROIs/training_set_primary_roi_074.tif","459.4573883161512","638.644673539519","460.2542419433594","636.8305053710938","[[460.2542419433594, 636.8305053710938]]","0","tumor","train","gt"
"training_set_primary_roi_099:199","training_set_primary_roi_099","training_set_primary_roi_099","/content/drive/MyDrive/Research/PUMA/PUMA_STAGE2_COLAB/INPUTS/RAW/01_training_dataset_tif_ROIs/training_set_primary_roi_099.tif","271.3631010794897","681.807981681387","270.8775634765625","684.0612182617188","[[270.8775634765625, 684.0612182617188]]","0","tumor","train","gt"
"training_set_primary_roi_004:365","training_set_primary_roi_004","training_set_primary_roi_004","/content/drive/MyDrive/Research/PUMA/PUMA_STAGE2_COLAB/INPUTS/RAW/01_training_dataset_tif_ROIs/training_set_primary_roi_004.tif","628.940350877193","552.6929824561404","629.4222412109375","552.5999755859375","[[629.4222412109375, 552.5999755859375]]","0","tumor","train","gt"
"training_set_metastatic_roi_092:147","training_set_metastatic_roi_092","training_set_metastatic_roi_092","/content/drive/MyDrive/Research/PUMA/PUMA_STAGE2_COLAB/INPUTS/RAW/01_training_dataset_tif_ROIs/training_set_metastatic_roi_092.tif","189.30747581354441","344.0362357080035","189.13558959960938","344.50848388671875","[[189.13558959960938, 344.50848388671875]]","0","tumor","train","gt"
"training_set_primary_roi_053:228","training_set_primary_roi_053","training_set_primary_roi_053","/content/drive/MyDrive/Research/PUMA/PUMA_STAGE2_COLAB/INPUTS/RAW/01_training_dataset_tif_ROIs/training_set_primary_roi_053.tif","876.3391304347826","503.5405797101449","876.0999755859375","501.29998779296875","[[876.0999755859375, 501.29998779296875]]","0","tumor","train","gt"
"training_set_primary_roi_033:53","training_set_primary_roi_033","training_set_primary_roi_033","/content/drive/MyDrive/Research/PUMA/PUMA_STAGE2_COLAB/INPUTS/RAW/01_training_dataset_tif_ROIs/training_set_primary_roi_033.tif","885.7134502923976","172.2704678362573","884.1428833007812","170.89285278320312","[[884.1428833007812, 170.89285278320312]]","0","tumor","train","gt"
"training_set_primary_roi_043:40","training_set_primary_roi_043","training_set_primary_roi_043","/content/drive/MyDrive/Research/PUMA/PUMA_STAGE2_COLAB/INPUTS/RAW/01_training_dataset_tif_ROIs/training_set_primary_roi_043.tif","214.56479113384484","63.853367433930096","215.15625","63.453125","[[215.15625, 63.453125]]","0","tumor","train","gt"
"training_set_metastatic_roi_070:81","training_set_metastatic_roi_070","training_set_metastatic_roi_070","/content/drive/MyDrive/Research/PUMA/PUMA_STAGE2_COLAB/INPUTS/RAW/01_training_dataset_tif_ROIs/training_set_metastatic_roi_070.tif","515.4889799102789","997.3198751706651","515.5223999023438","996.5969848632812","[[515.5223999023438, 996.5969848632812]]","0","tumor","train","gt"
"training_set_metastatic_roi_063:418","training_set_metastatic_roi_063","training_set_metastatic_roi_063","/content/drive/MyDrive/Research/PUMA/PUMA_STAGE2_COLAB/INPUTS/RAW/01_training_dataset_tif_ROIs/training_set_metastatic_roi_063.tif","489.20830070477683","587.0177499347428","489.5853576660156","585.4634399414062","[[489.5853576660156, 585.4634399414062]]","0","tumor","train","gt"
"training_set_metastatic_roi_045:50","training_set_metastatic_roi_045","training_set_metastatic_roi_045","/content/drive/MyDrive/Research/PUMA/PUMA_STAGE2_COLAB/INPUTS/RAW/01_training_dataset_tif_ROIs/training_set_metastatic_roi_045.tif","180.4434622467772","807.4062615101288","180.7941131591797","807.9117431640625","[[180.7941131591797, 807.9117431640625]]","0","tumor","train","gt"
"training_set_metastatic_roi_011:313","training_set_metastatic_roi_011","training_set_metastatic_roi_011","/content/drive/MyDrive/Research/PUMA/PUMA_STAGE2_COLAB/INPUTS/RAW/01_training_dataset_tif_ROIs/training_set_metastatic_roi_011.tif","589.3662864385299","4.652724968314322","591.7692260742188","4.692307472229004","[[591.7692260742188, 4.692307472229004]]","0","tumor","train","gt"
"training_set_primary_roi_093:450","training_set_primary_roi_093","training_set_primary_roi_093","/content/drive/MyDrive/Research/PUMA/PUMA_STAGE2_COLAB/INPUTS/RAW/01_training_dataset_tif_ROIs/training_set_primary_roi_093.tif","831.5160784313725","830.6905882352942","831.076904296875","828.6923217773438","[[831.076904296875, 828.6923217773438]]","0","tumor","train","gt"
"training_set_metastatic_roi_100:194","training_set_metastatic_roi_100","training_set_metastatic_roi_100","/content/drive/MyDrive/Research/PUMA/PUMA_STAGE2_COLAB/INPUTS/RAW/01_training_dataset_tif_ROIs/training_set_metastatic_roi_100.tif","721.7099083619703","822.0564146620848","721.9199829101562","821.8200073242188","[[721.9199829101562, 821.8200073242188]]","0","tumor","train","gt"
"training_set_primary_roi_049:107","training_set_primary_roi_049","training_set_primary_roi_049","/content/drive/MyDrive/Research/PUMA/PUMA_STAGE2_COLAB/INPUTS/RAW/01_training_dataset_tif_ROIs/training_set_primary_roi_049.tif","425.2932960893855","265.8370577281192","426.3333435058594","266.1666564941406","[[426.3333435058594, 266.1666564941406]]","0","tumor","train","gt"
"training_set_primary_roi_030:12","training_set_primary_roi_030","training_set_primary_roi_030","/content/drive/MyDrive/Research/PUMA/PUMA_STAGE2_COLAB/INPUTS/RAW/01_training_dataset_tif_ROIs/training_set_primary_roi_030.tif","238.2133863485752","71.97713717693837","238.14894104003906","71.0","[[238.14894104003906, 71.0]]","0","tumor","train","gt"
"training_set_metastatic_roi_014:117","training_set_metastatic_roi_014","training_set_metastatic_roi_014","/content/drive/MyDrive/Research/PUMA/PUMA_STAGE2_COLAB/INPUTS/RAW/01_training_dataset_tif_ROIs/training_set_metastatic_roi_014.tif","561.5532055518837","290.91694205772194","560.1707153320312","289.5853576660156","[[560.1707153320312, 289.5853576660156]]","0","tumor","train","gt"
"training_set_metastatic_roi_043:42","training_set_metastatic_roi_043","training_set_metastatic_roi_043","/content/drive/MyDrive/Research/PUMA/PUMA_STAGE2_COLAB/INPUTS/RAW/01_training_dataset_tif_ROIs/training_set_metastatic_roi_043.tif","36.5019330504479","287.2281942479962","38.58333206176758","285.4666748046875","[[38.58333206176758, 285.4666748046875]]","0","tumor","train","gt"
"training_set_primary_roi_028:223","training_set_primary_roi_028","training_set_primary_roi_028","/content/drive/MyDrive/Research/PUMA/PUMA_STAGE2_COLAB/INPUTS/RAW/01_training_dataset_tif_ROIs/training_set_primary_roi_028.tif","412.36422136422135","974.5821535821536","409.06976318359375","971.7674560546875","[[409.06976318359375, 971.7674560546875]]","0","tumor","train","gt"
"training_set_metastatic_roi_005:113","training_set_metastatic_roi_005","training_set_metastatic_roi_005","/content/drive/MyDrive/Research/PUMA/PUMA_STAGE2_COLAB/INPUTS/RAW/01_training_dataset_tif_ROIs/training_set_metastatic_roi_005.tif","46.794441111777644","154.89002199560088","46.9375","154.3541717529297","[[46.9375, 154.3541717529297]]","0","tumor","train","gt"
"training_set_metastatic_roi_055:590","training_set_metastatic_roi_055","training_set_metastatic_roi_055","/content/drive/MyDrive/Research/PUMA/PUMA_STAGE2_COLAB/INPUTS/RAW/01_training_dataset_tif_ROIs/training_set_metastatic_roi_055.tif","925.5119322555813","594.0916089299461","926.28125","594.625","[[926.28125, 594.625]]","0","tumor","train","gt"
"training_set_metastatic_roi_042:37","training_set_metastatic_roi_042","training_set_metastatic_roi_042","/content/drive/MyDrive/Research/PUMA/PUMA_STAGE2_COLAB/INPUTS/RAW/01_training_dataset_tif_ROIs/training_set_metastatic_roi_042.tif","875.4252032520325","630.5644986449864","876.5306396484375","632.4081420898438","[[876.5306396484375, 632.4081420898438]]","0","tumor","train","gt"
"training_set_metastatic_roi_064:55","training_set_metastatic_roi_064","training_set_metastatic_roi_064","/content/drive/MyDrive/Research/PUMA/PUMA_STAGE2_COLAB/INPUTS/RAW/01_training_dataset_tif_ROIs/training_set_metastatic_roi_064.tif","476.5795822300676","862.5191232715504","478.6129150390625","863.1451416015625","[[478.6129150390625, 863.1451416015625]]","0","tumor","train","gt"
"training_set_metastatic_roi_057:245","training_set_metastatic_roi_057","training_set_metastatic_roi_057","/content/drive/MyDrive/Research/PUMA/PUMA_STAGE2_COLAB/INPUTS/RAW/01_training_dataset_tif_ROIs/training_set_metastatic_roi_057.tif","471.6823432343234","324.5998349834984","472.5813903808594","322.20928955078125","[[472.5813903808594, 322.20928955078125]]","0","tumor","train","gt"
"training_set_primary_roi_097:433","training_set_primary_roi_097","training_set_primary_roi_097","/content/drive/MyDrive/Research/PUMA/PUMA_STAGE2_COLAB/INPUTS/RAW/01_training_dataset_tif_ROIs/training_set_primary_roi_097.tif","616.2760736196319","725.4758009543286","615.3333129882812","724.066650390625","[[615.3333129882812, 724.066650390625]]","0","tumor","train","gt"
"training_set_metastatic_roi_099:198","training_set_metastatic_roi_099","training_set_metastatic_roi_099","/content/drive/MyDrive/Research/PUMA/PUMA_STAGE2_COLAB/INPUTS/RAW/01_training_dataset_tif_ROIs/training_set_metastatic_roi_099.tif","428.5563882940757","782.8215560314062","429.5714416503906","781.7999877929688","[[429.5714416503906, 781.7999877929688]]","0","tumor","train","gt"
"training_set_primary_roi_017:37","training_set_primary_roi_017","training_set_primary_roi_017","/content/drive/MyDrive/Research/PUMA/PUMA_STAGE2_COLAB/INPUTS/RAW/01_training_dataset_tif_ROIs/training_set_primary_roi_017.tif","175.89521030877705","109.81813761244833","175.96153259277344","109.26923370361328","[[175.96153259277344, 109.26923370361328]]","0","tumor","train","gt"
"training_set_metastatic_roi_073:348","training_set_metastatic_roi_073","training_set_metastatic_roi_073","/content/drive/MyDrive/Research/PUMA/PUMA_STAGE2_COLAB/INPUTS/RAW/01_training_dataset_tif_ROIs/training_set_metastatic_roi_073.tif","1003.2104283054003","14.082867783985103","1003.047607421875","15.095237731933594","[[1003.047607421875, 15.095237731933594]]","0","tumor","train","gt"
"training_set_primary_roi_090:102","training_set_primary_roi_090","training_set_primary_roi_090","/content/drive/MyDrive/Research/PUMA/PUMA_STAGE2_COLAB/INPUTS/RAW/01_training_dataset_tif_ROIs/training_set_primary_roi_090.tif","975.4314765694077","93.07957559681698","976.5184936523438","93.03704071044922","[[976.5184936523438, 93.03704071044922]]","0","tumor","train","gt"
"training_set_primary_roi_103:230","training_set_primary_roi_103","training_set_primary_roi_103","/content/drive/MyDrive/Research/PUMA/PUMA_STAGE2_COLAB/INPUTS/RAW/01_training_dataset_tif_ROIs/training_set_primary_roi_103.tif","756.5","821.1875","756.0526123046875","820.1578979492188","[[756.0526123046875, 820.1578979492188]]","0","tumor","train","gt"
"training_set_metastatic_roi_012:161","training_set_metastatic_roi_012","training_set_metastatic_roi_012","/content/drive/MyDrive/Research/PUMA/PUMA_STAGE2_COLAB/INPUTS/RAW/01_training_dataset_tif_ROIs/training_set_metastatic_roi_012.tif","882.6973094170404","848.5470852017937","881.0","847.8200073242188","[[881.0, 847.8200073242188]]","0","tumor","train","gt"
"training_set_metastatic_roi_091:11","training_set_metastatic_roi_091","training_set_metastatic_roi_091","/content/drive/MyDrive/Research/PUMA/PUMA_STAGE2_COLAB/INPUTS/RAW/01_training_dataset_tif_ROIs/training_set_metastatic_roi_091.tif","739.256116207951","936.3652905198776","738.2711791992188","936.203369140625","[[738.2711791992188, 936.203369140625]]","0","tumor","train","gt"
"training_set_metastatic_roi_006:118","training_set_metastatic_roi_006","training_set_metastatic_roi_006","/content/drive/MyDrive/Research/PUMA/PUMA_STAGE2_COLAB/INPUTS/RAW/01_training_dataset_tif_ROIs/training_set_metastatic_roi_006.tif","923.4924793789423","42.15332362930616","923.5416870117188","42.75","[[923.5416870117188, 42.75]]","0","tumor","train","gt"
"training_set_primary_roi_100:335","training_set_primary_roi_100","training_set_primary_roi_100","/content/drive/MyDrive/Research/PUMA/PUMA_STAGE2_COLAB/INPUTS/RAW/01_training_dataset_tif_ROIs/training_set_primary_roi_100.tif","453.4826311899483","876.0064055186007","452.7884521484375","875.25","[[452.7884521484375, 875.25]]","0","tumor","train","gt"
"training_set_metastatic_roi_024:120","training_set_metastatic_roi_024","training_set_metastatic_roi_024","/content/drive/MyDrive/Research/PUMA/PUMA_STAGE2_COLAB/INPUTS/RAW/01_training_dataset_tif_ROIs/training_set_metastatic_roi_024.tif","439.237978810106","175.41062211355612","437.78125","173.28125","[[437.78125, 173.28125]]","0","tumor","train","gt"
"training_set_primary_roi_089:71","training_set_primary_roi_089","training_set_primary_roi_089","/content/drive/MyDrive/Research/PUMA/PUMA_STAGE2_COLAB/INPUTS/RAW/01_training_dataset_tif_ROIs/training_set_primary_roi_089.tif","371.5766758494031","373.74380165289256","370.862060546875","374.32757568359375","[[370.862060546875, 374.32757568359375]]","0","tumor","train","gt"
"training_set_metastatic_roi_075:61","training_set_metastatic_roi_075","training_set_metastatic_roi_075","/content/drive/MyDrive/Research/PUMA/PUMA_STAGE2_COLAB/INPUTS/RAW/01_training_dataset_tif_ROIs/training_set_metastatic_roi_075.tif","641.3122403323745","757.2777245126238","641.4791870117188","757.9375","[[641.4791870117188, 757.9375]]","0","tumor","train","gt"
"training_set_primary_roi_084:394","training_set_primary_roi_084","training_set_primary_roi_084","/content/drive/MyDrive/Research/PUMA/PUMA_STAGE2_COLAB/INPUTS/RAW/01_training_dataset_tif_ROIs/training_set_primary_roi_084.tif","81.66194290408708","907.0457999589238","82.16981506347656","908.4151000976562","[[82.16981506347656, 908.4151000976562]]","0","tumor","train","gt"
"training_set_primary_roi_047:633","training_set_primary_roi_047","training_set_primary_roi_047","/content/drive/MyDrive/Research/PUMA/PUMA_STAGE2_COLAB/INPUTS/RAW/01_training_dataset_tif_ROIs/training_set_primary_roi_047.tif","937.5779569892474","144.9462365591398","938.2000122070312","142.6999969482422","[[938.2000122070312, 142.6999969482422]]","0","tumor","train","gt"
"training_set_primary_roi_031:147","training_set_primary_roi_031","training_set_primary_roi_031","/content/drive/MyDrive/Research/PUMA/PUMA_STAGE2_COLAB/INPUTS/RAW/01_training_dataset_tif_ROIs/training_set_primary_roi_031.tif","998.179012345679","351.53277990634314","999.2916870117188","349.0","[[999.2916870117188, 349.0]]","0","tumor","train","gt"
"training_set_primary_roi_048:492","training_set_primary_roi_048","training_set_primary_roi_048","/content/drive/MyDrive/Research/PUMA/PUMA_STAGE2_COLAB/INPUTS/RAW/01_training_dataset_tif_ROIs/training_set_primary_roi_048.tif","773.8382476832351","651.5433866891323","773.4545288085938","650.272705078125","[[773.4545288085938, 650.272705078125]]","0","tumor","train","gt"
"training_set_metastatic_roi_007:232","training_set_metastatic_roi_007","training_set_metastatic_roi_007","/content/drive/MyDrive/Research/PUMA/PUMA_STAGE2_COLAB/INPUTS/RAW/01_training_dataset_tif_ROIs/training_set_metastatic_roi_007.tif","138.56019656019657","673.2942942942943","137.86045837402344","673.1395263671875","[[137.86045837402344, 673.1395263671875]]","0","tumor","train","gt"
"training_set_primary_roi_001:2","training_set_primary_roi_001","training_set_primary_roi_001","/content/drive/MyDrive/Research/PUMA/PUMA_STAGE2_COLAB/INPUTS/RAW/01_training_dataset_tif_ROIs/training_set_primary_roi_001.tif","354.9426974143955","3.774283717679944","356.4375","4.9375","[[356.4375, 4.9375]]","0","tumor","train","gt"
"training_set_primary_roi_056:232","training_set_primary_roi_056","training_set_primary_roi_056","/content/drive/MyDrive/Research/PUMA/PUMA_STAGE2_COLAB/INPUTS/RAW/01_training_dataset_tif_ROIs/training_set_primary_roi_056.tif","669.9517485613103","540.5774679061532","667.1666870117188","539.4444580078125","[[667.1666870117188, 539.4444580078125]]","0","tumor","train","gt"
"training_set_primary_roi_061:519","training_set_primary_roi_061","training_set_primary_roi_061","/content/drive/MyDrive/Research/PUMA/PUMA_STAGE2_COLAB/INPUTS/RAW/01_training_dataset_tif_ROIs/training_set_primary_roi_061.tif","674.8085230589609","1016.312317571512","673.8947143554688","1014.2105102539062","[[673.8947143554688, 1014.2105102539062]]","0","tumor","train","gt"
"training_set_primary_roi_094:184","training_set_primary_roi_094","training_set_primary_roi_094","/content/drive/MyDrive/Research/PUMA/PUMA_STAGE2_COLAB/INPUTS/RAW/01_training_dataset_tif_ROIs/training_set_primary_roi_094.tif","195.51378055122206","320.0949904662853","196.26922607421875","319.6538391113281","[[196.26922607421875, 319.6538391113281]]","0","tumor","train","gt"
"training_set_primary_roi_005:407","training_set_primary_roi_005","training_set_primary_roi_005","/content/drive/MyDrive/Research/PUMA/PUMA_STAGE2_COLAB/INPUTS/RAW/01_training_dataset_tif_ROIs/training_set_primary_roi_005.tif","587.3209336250912","984.1597374179431","585.9091186523438","983.6363525390625","[[585.9091186523438, 983.6363525390625]]","0","tumor","train","gt"
"training_set_primary_roi_063:369","training_set_primary_roi_063","training_set_primary_roi_063","/content/drive/MyDrive/Research/PUMA/PUMA_STAGE2_COLAB/INPUTS/RAW/01_training_dataset_tif_ROIs/training_set_primary_roi_063.tif","532.0688405797101","740.7912486064661","533.6041870117188","740.1458129882812","[[533.6041870117188, 740.1458129882812]]","0","tumor","train","gt"
"training_set_metastatic_roi_052:335","training_set_metastatic_roi_052","training_set_metastatic_roi_052","/content/drive/MyDrive/Research/PUMA/PUMA_STAGE2_COLAB/INPUTS/RAW/01_training_dataset_tif_ROIs/training_set_metastatic_roi_052.tif","737.9036402569593","217.20128479657387","738.4615478515625","216.7179412841797","[[738.4615478515625, 216.7179412841797]]","0","tumor","train","gt"
"training_set_primary_roi_023:32","training_set_primary_roi_023","training_set_primary_roi_023","/content/drive/MyDrive/Research/PUMA/PUMA_STAGE2_COLAB/INPUTS/RAW/01_training_dataset_tif_ROIs/training_set_primary_roi_023.tif","1016.3108581436077","77.24372446001168","1012.7026977539062","78.10810852050781","[[1012.7026977539062, 78.10810852050781]]","0","tumor","train","gt"
"training_set_primary_roi_045:495","training_set_primary_roi_045","training_set_primary_roi_045","/content/drive/MyDrive/Research/PUMA/PUMA_STAGE2_COLAB/INPUTS/RAW/01_training_dataset_tif_ROIs/training_set_primary_roi_045.tif","4.811827956989248","957.3602150537633","6.349999904632568","958.25","[[6.349999904632568, 958.25]]","0","tumor","train","gt"
"training_set_metastatic_roi_016:6","training_set_metastatic_roi_016","training_set_metastatic_roi_016","/content/drive/MyDrive/Research/PUMA/PUMA_STAGE2_COLAB/INPUTS/RAW/01_training_dataset_tif_ROIs/training_set_metastatic_roi_016.tif","969.1174751607247","613.1654003506721","968.0238037109375","613.5238037109375","[[968.0238037109375, 613.5238037109375]]","0","tumor","train","gt"
"training_set_primary_roi_041:319","training_set_primary_roi_041","training_set_primary_roi_041","/content/drive/MyDrive/Research/PUMA/PUMA_STAGE2_COLAB/INPUTS/RAW/01_training_dataset_tif_ROIs/training_set_primary_roi_041.tif","654.1532908704883","605.5859872611464","654.9697265625","605.2120971679688","[[654.9697265625, 605.2120971679688]]","0","tumor","train","gt"
"training_set_metastatic_roi_004:422","training_set_metastatic_roi_004","training_set_metastatic_roi_004","/content/drive/MyDrive/Research/PUMA/PUMA_STAGE2_COLAB/INPUTS/RAW/01_training_dataset_tif_ROIs/training_set_metastatic_roi_004.tif","331.7647058823529","759.2121212121212","332.74468994140625","758.9786987304688","[[332.74468994140625, 758.9786987304688]]","0","tumor","train","gt"
"training_set_metastatic_roi_003:48","training_set_metastatic_roi_003","training_set_metastatic_roi_003","/content/drive/MyDrive/Research/PUMA/PUMA_STAGE2_COLAB/INPUTS/RAW/01_training_dataset_tif_ROIs/training_set_metastatic_roi_003.tif","628.1063848524878","117.01884632320564","628.686767578125","117.13253021240234","[[628.686767578125, 117.13253021240234]]","0","tumor","train","gt"
"training_set_primary_roi_051:66","training_set_primary_roi_051","training_set_primary_roi_051","/content/drive/MyDrive/Research/PUMA/PUMA_STAGE2_COLAB/INPUTS/RAW/01_training_dataset_tif_ROIs/training_set_primary_roi_051.tif","501.06334371754934","322.52855659397716","502.3125","320.375","[[502.3125, 320.375]]","0","tumor","train","gt"
"training_set_primary_roi_055:35","training_set_primary_roi_055","training_set_primary_roi_055","/content/drive/MyDrive/Research/PUMA/PUMA_STAGE2_COLAB/INPUTS/RAW/01_training_dataset_tif_ROIs/training_set_primary_roi_055.tif","350.46489954006296","132.22718470104093","347.8571472167969","130.57142639160156","[[347.8571472167969, 130.57142639160156]]","0","tumor","train","gt"
"training_set_primary_roi_026:181","training_set_primary_roi_026","training_set_primary_roi_026","/content/drive/MyDrive/Research/PUMA/PUMA_STAGE2_COLAB/INPUTS/RAW/01_training_dataset_tif_ROIs/training_set_primary_roi_026.tif","677.5676937441643","731.445751633987","677.9508056640625","729.8032836914062","[[677.9508056640625, 729.8032836914062]]","0","tumor","train","gt"
"training_set_metastatic_roi_027:107","training_set_metastatic_roi_027","training_set_metastatic_roi_027","/content/drive/MyDrive/Research/PUMA/PUMA_STAGE2_COLAB/INPUTS/RAW/01_training_dataset_tif_ROIs/training_set_metastatic_roi_027.tif","671.0810120705664","253.6058495821727","671.5999755859375","252.64999389648438","[[671.5999755859375, 252.64999389648438]]","0","tumor","train","gt"
"training_set_metastatic_roi_060:49","training_set_metastatic_roi_060","training_set_metastatic_roi_060","/content/drive/MyDrive/Research/PUMA/PUMA_STAGE2_COLAB/INPUTS/RAW/01_training_dataset_tif_ROIs/training_set_metastatic_roi_060.tif","680.9529946929492","719.8511498610058","681.7346801757812","720.0408325195312","[[681.7346801757812, 720.0408325195312]]","0","tumor","train","gt"
"training_set_metastatic_roi_028:305","training_set_metastatic_roi_028","training_set_metastatic_roi_028","/content/drive/MyDrive/Research/PUMA/PUMA_STAGE2_COLAB/INPUTS/RAW/01_training_dataset_tif_ROIs/training_set_metastatic_roi_028.tif","326.35440302539166","157.27552674230145","327.8055419921875","156.9166717529297","[[327.8055419921875, 156.9166717529297]]","0","tumor","train","gt"
"training_set_metastatic_roi_069:203","training_set_metastatic_roi_069","training_set_metastatic_roi_069","/content/drive/MyDrive/Research/PUMA/PUMA_STAGE2_COLAB/INPUTS/RAW/01_training_dataset_tif_ROIs/training_set_metastatic_roi_069.tif","258.41217798594846","373.8251366120219","258.9583435058594","375.4583435058594","[[258.9583435058594, 375.4583435058594]]","0","tumor","train","gt"
"training_set_primary_roi_074:339","training_set_primary_roi_074","training_set_primary_roi_074","/content/drive/MyDrive/Research/PUMA/PUMA_STAGE2_COLAB/INPUTS/RAW/01_training_dataset_tif_ROIs/training_set_primary_roi_074.tif","668.3770180436848","976.2345679012345","668.566650390625","975.9666748046875","[[668.566650390625, 975.9666748046875]]","0","tumor","train","gt"
"training_set_primary_roi_099:504","training_set_primary_roi_099","training_set_primary_roi_099","/content/drive/MyDrive/Research/PUMA/PUMA_STAGE2_COLAB/INPUTS/RAW/01_training_dataset_tif_ROIs/training_set_primary_roi_099.tif","682.7987828818217","244.92736552807224","683.0714111328125","244.57142639160156","[[683.0714111328125, 244.57142639160156]]","0","tumor","train","gt"
"training_set_primary_roi_004:318","training_set_primary_roi_004","training_set_primary_roi_004","/content/drive/MyDrive/Research/PUMA/PUMA_STAGE2_COLAB/INPUTS/RAW/01_training_dataset_tif_ROIs/training_set_primary_roi_004.tif","1014.0441882804995","921.4530899775856","1014.4000244140625","922.0","[[1014.4000244140625, 922.0]]","0","tumor","train","gt"
"training_set_metastatic_roi_092:29","training_set_metastatic_roi_092","training_set_metastatic_roi_092","/content/drive/MyDrive/Research/PUMA/PUMA_STAGE2_COLAB/INPUTS/RAW/01_training_dataset_tif_ROIs/training_set_metastatic_roi_092.tif","25.796685460447634","389.85870493763883","26.14545440673828","390.5454406738281","[[26.14545440673828, 390.5454406738281]]","0","tumor","train","gt"
"training_set_primary_roi_053:342","training_set_primary_roi_053","training_set_primary_roi_053","/content/drive/MyDrive/Research/PUMA/PUMA_STAGE2_COLAB/INPUTS/RAW/01_training_dataset_tif_ROIs/training_set_primary_roi_053.tif","510.60148656375077","744.1720983419096","509.0769348144531","743.2307739257812","[[509.0769348144531, 743.2307739257812]]","0","tumor","train","gt"
"training_set_primary_roi_033:262","training_set_primary_roi_033","training_set_primary_roi_033","/content/drive/MyDrive/Research/PUMA/PUMA_STAGE2_COLAB/INPUTS/RAW/01_training_dataset_tif_ROIs/training_set_primary_roi_033.tif","991.1351819757366","786.2928942807625","990.6896362304688","786.2413940429688","[[990.6896362304688, 786.2413940429688]]","0","tumor","train","gt"
"training_set_primary_roi_043:552","training_set_primary_roi_043","training_set_primary_roi_043","/content/drive/MyDrive/Research/PUMA/PUMA_STAGE2_COLAB/INPUTS/RAW/01_training_dataset_tif_ROIs/training_set_primary_roi_043.tif","155.12498601320354","981.4303457536085","154.61904907226562","980.6825561523438","[[154.61904907226562, 980.6825561523438]]","0","tumor","train","gt"
"training_set_metastatic_roi_070:173","training_set_metastatic_roi_070","training_set_metastatic_roi_070","/content/drive/MyDrive/Research/PUMA/PUMA_STAGE2_COLAB/INPUTS/RAW/01_training_dataset_tif_ROIs/training_set_metastatic_roi_070.tif","884.1285529715763","951.0928079242033","883.4081420898438","953.0612182617188","[[883.4081420898438, 953.0612182617188]]","0","tumor","train","gt"
"training_set_metastatic_roi_063:486","training_set_metastatic_roi_063","training_set_metastatic_roi_063","/content/drive/MyDrive/Research/PUMA/PUMA_STAGE2_COLAB/INPUTS/RAW/01_training_dataset_tif_ROIs/training_set_metastatic_roi_063.tif","547.8282340311325","961.0670960815888","546.953125","960.25","[[546.953125, 960.25]]","0","tumor","train","gt"
"training_set_metastatic_roi_045:203","training_set_metastatic_roi_045","training_set_metastatic_roi_045","/content/drive/MyDrive/Research/PUMA/PUMA_STAGE2_COLAB/INPUTS/RAW/01_training_dataset_tif_ROIs/training_set_metastatic_roi_045.tif","861.0466786355476","914.6517055655296","862.3142700195312","915.3142700195312","[[862.3142700195312, 915.3142700195312]]","0","tumor","train","gt"
"training_set_metastatic_roi_011:374","training_set_metastatic_roi_011","training_set_metastatic_roi_011","/content/drive/MyDrive/Research/PUMA/PUMA_STAGE2_COLAB/INPUTS/RAW/01_training_dataset_tif_ROIs/training_set_metastatic_roi_011.tif","803.7425149700599","120.90219560878245","803.3636474609375","120.2727279663086","[[803.3636474609375, 120.2727279663086]]","0","tumor","train","gt"
"training_set_primary_roi_093:277","training_set_primary_roi_093","training_set_primary_roi_093","/content/drive/MyDrive/Research/PUMA/PUMA_STAGE2_COLAB/INPUTS/RAW/01_training_dataset_tif_ROIs/training_set_primary_roi_093.tif","913.1137171286425","519.5628997867803","912.8333129882812","516.8333129882812","[[912.8333129882812, 516.8333129882812]]","0","tumor","train","gt"
"training_set_metastatic_roi_100:108","training_set_metastatic_roi_100","training_set_metastatic_roi_100","/content/drive/MyDrive/Research/PUMA/PUMA_STAGE2_COLAB/INPUTS/RAW/01_training_dataset_tif_ROIs/training_set_metastatic_roi_100.tif","633.1932220536166","440.3242286292362","631.8032836914062","441.672119140625","[[631.8032836914062, 441.672119140625]]","0","tumor","train","gt"
"training_set_primary_roi_049:323","training_set_primary_roi_049","training_set_primary_roi_049","/content/drive/MyDrive/Research/PUMA/PUMA_STAGE2_COLAB/INPUTS/RAW/01_training_dataset_tif_ROIs/training_set_primary_roi_049.tif","961.1551255940259","766.8852681602173","961.875","766.0625","[[961.875, 766.0625]]","0","tumor","train","gt"
"training_set_primary_roi_030:30","training_set_primary_roi_030","training_set_primary_roi_030","/content/drive/MyDrive/Research/PUMA/PUMA_STAGE2_COLAB/INPUTS/RAW/01_training_dataset_tif_ROIs/training_set_primary_roi_030.tif","129.37938975244677","171.43062751871042","130.36842346191406","171.63157653808594","[[130.36842346191406, 171.63157653808594]]","0","tumor","train","gt"
"training_set_metastatic_roi_014:280","training_set_metastatic_roi_014","training_set_metastatic_roi_014","/content/drive/MyDrive/Research/PUMA/PUMA_STAGE2_COLAB/INPUTS/RAW/01_training_dataset_tif_ROIs/training_set_metastatic_roi_014.tif","80.45151515151515","721.1093663911846","79.59459686279297","722.1621704101562","[[79.59459686279297, 722.1621704101562]]","0","tumor","train","gt"
"training_set_metastatic_roi_043:76","training_set_metastatic_roi_043","training_set_metastatic_roi_043","/content/drive/MyDrive/Research/PUMA/PUMA_STAGE2_COLAB/INPUTS/RAW/01_training_dataset_tif_ROIs/training_set_metastatic_roi_043.tif","615.8268546747968","446.2073170731707","615.8275756835938","448.7758483886719","[[615.8275756835938, 448.7758483886719]]","0","tumor","train","gt"
"training_set_primary_roi_028:23","training_set_primary_roi_028","training_set_primary_roi_028","/content/drive/MyDrive/Research/PUMA/PUMA_STAGE2_COLAB/INPUTS/RAW/01_training_dataset_tif_ROIs/training_set_primary_roi_028.tif","710.608393866021","75.1541565778854","712.75","75.36764526367188","[[712.75, 75.36764526367188]]","0","tumor","train","gt"
"training_set_metastatic_roi_005:52","training_set_metastatic_roi_005","training_set_metastatic_roi_005","/content/drive/MyDrive/Research/PUMA/PUMA_STAGE2_COLAB/INPUTS/RAW/01_training_dataset_tif_ROIs/training_set_metastatic_roi_005.tif","275.9200668098306","328.65926986399427","276.3399963378906","328.79998779296875","[[276.3399963378906, 328.79998779296875]]","0","tumor","train","gt"
"training_set_metastatic_roi_055:612","training_set_metastatic_roi_055","training_set_metastatic_roi_055","/content/drive/MyDrive/Research/PUMA/PUMA_STAGE2_COLAB/INPUTS/RAW/01_training_dataset_tif_ROIs/training_set_metastatic_roi_055.tif","306.6053370786517","631.4953183520599","308.16217041015625","628.6216430664062","[[308.16217041015625, 628.6216430664062]]","0","tumor","train","gt"
"training_set_metastatic_roi_042:290","training_set_metastatic_roi_042","training_set_metastatic_roi_042","/content/drive/MyDrive/Research/PUMA/PUMA_STAGE2_COLAB/INPUTS/RAW/01_training_dataset_tif_ROIs/training_set_metastatic_roi_042.tif","423.1426416720534","229.8552036199095","423.4857177734375","229.58570861816406","[[423.4857177734375, 229.58570861816406]]","0","tumor","train","gt"
"training_set_metastatic_roi_064:2","training_set_metastatic_roi_064","training_set_metastatic_roi_064","/content/drive/MyDrive/Research/PUMA/PUMA_STAGE2_COLAB/INPUTS/RAW/01_training_dataset_tif_ROIs/training_set_metastatic_roi_064.tif","820.166918809884","183.23936796100185","820.702392578125","185.48809814453125","[[820.702392578125, 185.48809814453125]]","0","tumor","train","gt"
"training_set_metastatic_roi_057:531","training_set_metastatic_roi_057","training_set_metastatic_roi_057","/content/drive/MyDrive/Research/PUMA/PUMA_STAGE2_COLAB/INPUTS/RAW/01_training_dataset_tif_ROIs/training_set_metastatic_roi_057.tif","111.03658536585365","822.0040650406504","111.22222137451172","821.7333374023438","[[111.22222137451172, 821.7333374023438]]","0","tumor","train","gt"
"training_set_primary_roi_097:85","training_set_primary_roi_097","training_set_primary_roi_097","/content/drive/MyDrive/Research/PUMA/PUMA_STAGE2_COLAB/INPUTS/RAW/01_training_dataset_tif_ROIs/training_set_primary_roi_097.tif","611.6362986780993","127.10075026795285","611.5454711914062","125.63636016845703","[[611.5454711914062, 125.63636016845703]]","0","tumor","train","gt"
"training_set_metastatic_roi_099:366","training_set_metastatic_roi_099","training_set_metastatic_roi_099","/content/drive/MyDrive/Research/PUMA/PUMA_STAGE2_COLAB/INPUTS/RAW/01_training_dataset_tif_ROIs/training_set_metastatic_roi_099.tif","798.085554866708","216.4178549287043","797.9065551757812","217.3738250732422","[[797.9065551757812, 217.3738250732422]]","0","tumor","train","gt"
"training_set_primary_roi_017:140","training_set_primary_roi_017","training_set_primary_roi_017","/content/drive/MyDrive/Research/PUMA/PUMA_STAGE2_COLAB/INPUTS/RAW/01_training_dataset_tif_ROIs/training_set_primary_roi_017.tif","6.217304625199362","525.8257575757575","9.0","524.8461303710938","[[9.0, 524.8461303710938]]","0","tumor","train","gt"
"training_set_metastatic_roi_073:578","training_set_metastatic_roi_073","training_set_metastatic_roi_073","/content/drive/MyDrive/Research/PUMA/PUMA_STAGE2_COLAB/INPUTS/RAW/01_training_dataset_tif_ROIs/training_set_metastatic_roi_073.tif","1016.7639455782313","603.8190476190475","1015.3333129882812","605.5","[[1015.3333129882812, 605.5]]","0","tumor","train","gt"
"training_set_primary_roi_090:233","training_set_primary_roi_090","training_set_primary_roi_090","/content/drive/MyDrive/Research/PUMA/PUMA_STAGE2_COLAB/INPUTS/RAW/01_training_dataset_tif_ROIs/training_set_primary_roi_090.tif","590.9442257217848","215.48228346456693","590.7777709960938","215.38888549804688","[[590.7777709960938, 215.38888549804688]]","0","tumor","train","gt"
"training_set_primary_roi_103:159","training_set_primary_roi_103","training_set_primary_roi_103","/content/drive/MyDrive/Research/PUMA/PUMA_STAGE2_COLAB/INPUTS/RAW/01_training_dataset_tif_ROIs/training_set_primary_roi_103.tif","905.2083333333334","517.1180555555555","905.0425415039062","516.9786987304688","[[905.0425415039062, 516.9786987304688]]","0","tumor","train","gt"
"training_set_metastatic_roi_012:120","training_set_metastatic_roi_012","training_set_metastatic_roi_012","/content/drive/MyDrive/Research/PUMA/PUMA_STAGE2_COLAB/INPUTS/RAW/01_training_dataset_tif_ROIs/training_set_metastatic_roi_012.tif","186.66148263348884","224.35458786936238","187.0270233154297","223.35134887695312","[[187.0270233154297, 223.35134887695312]]","0","tumor","train","gt"
"training_set_metastatic_roi_091:25","training_set_metastatic_roi_091","training_set_metastatic_roi_091","/content/drive/MyDrive/Research/PUMA/PUMA_STAGE2_COLAB/INPUTS/RAW/01_training_dataset_tif_ROIs/training_set_metastatic_roi_091.tif","456.4792306118273","793.3691426232862","457.4418640136719","794.3255615234375","[[457.4418640136719, 794.3255615234375]]","0","tumor","train","gt"
"training_set_metastatic_roi_006:191","training_set_metastatic_roi_006","training_set_metastatic_roi_006","/content/drive/MyDrive/Research/PUMA/PUMA_STAGE2_COLAB/INPUTS/RAW/01_training_dataset_tif_ROIs/training_set_metastatic_roi_006.tif","727.6712102437009","228.2812887236679","726.90625","228.9375","[[726.90625, 228.9375]]","0","tumor","train","gt"
"training_set_primary_roi_100:94","training_set_primary_roi_100","training_set_primary_roi_100","/content/drive/MyDrive/Research/PUMA/PUMA_STAGE2_COLAB/INPUTS/RAW/01_training_dataset_tif_ROIs/training_set_primary_roi_100.tif","393.101872659176","253.2419475655431","391.2173767089844","252.3913116455078","[[391.2173767089844, 252.3913116455078]]","0","tumor","train","gt"
"training_set_metastatic_roi_024:53","training_set_metastatic_roi_024","training_set_metastatic_roi_024","/content/drive/MyDrive/Research/PUMA/PUMA_STAGE2_COLAB/INPUTS/RAW/01_training_dataset_tif_ROIs/training_set_metastatic_roi_024.tif","9.441977501480165","754.5429248075785","12.939393997192383","755.5454711914062","[[12.939393997192383, 755.5454711914062]]","0","tumor","train","gt"
"training_set_primary_roi_089:27","training_set_primary_roi_089","training_set_primary_roi_089","/content/drive/MyDrive/Research/PUMA/PUMA_STAGE2_COLAB/INPUTS/RAW/01_training_dataset_tif_ROIs/training_set_primary_roi_089.tif","634.3275663206459","868.9761630142253","632.189208984375","868.810791015625","[[632.189208984375, 868.810791015625]]","0","tumor","train","gt"
"training_set_metastatic_roi_075:188","training_set_metastatic_roi_075","training_set_metastatic_roi_075","/content/drive/MyDrive/Research/PUMA/PUMA_STAGE2_COLAB/INPUTS/RAW/01_training_dataset_tif_ROIs/training_set_metastatic_roi_075.tif","896.0400502873563","663.1311063218391","895.276611328125","661.7872314453125","[[895.276611328125, 661.7872314453125]]","0","tumor","train","gt"
"training_set_primary_roi_084:68","training_set_primary_roi_084","training_set_primary_roi_084","/content/drive/MyDrive/Research/PUMA/PUMA_STAGE2_COLAB/INPUTS/RAW/01_training_dataset_tif_ROIs/training_set_primary_roi_084.tif","255.29589201877937","191.90950704225352","256.40277099609375","190.11111450195312","[[256.40277099609375, 190.11111450195312]]","0","tumor","train","gt"
"training_set_primary_roi_047:712","training_set_primary_roi_047","training_set_primary_roi_047","/content/drive/MyDrive/Research/PUMA/PUMA_STAGE2_COLAB/INPUTS/RAW/01_training_dataset_tif_ROIs/training_set_primary_roi_047.tif","965.8397239263803","654.0685071574643","965.8461303710938","653.7692260742188","[[965.8461303710938, 653.7692260742188]]","0","tumor","train","gt"
"training_set_primary_roi_031:106","training_set_primary_roi_031","training_set_primary_roi_031","/content/drive/MyDrive/Research/PUMA/PUMA_STAGE2_COLAB/INPUTS/RAW/01_training_dataset_tif_ROIs/training_set_primary_roi_031.tif","915.5759493670886","223.61415846225972","914.0999755859375","220.52000427246094","[[914.0999755859375, 220.52000427246094]]","0","tumor","train","gt"
"training_set_primary_roi_048:539","training_set_primary_roi_048","training_set_primary_roi_048","/content/drive/MyDrive/Research/PUMA/PUMA_STAGE2_COLAB/INPUTS/RAW/01_training_dataset_tif_ROIs/training_set_primary_roi_048.tif","891.6772546795236","730.8302136509737","887.8571166992188","731.0714111328125","[[887.8571166992188, 731.0714111328125]]","0","tumor","train","gt"
"training_set_metastatic_roi_007:103","training_set_metastatic_roi_007","training_set_metastatic_roi_007","/content/drive/MyDrive/Research/PUMA/PUMA_STAGE2_COLAB/INPUTS/RAW/01_training_dataset_tif_ROIs/training_set_metastatic_roi_007.tif","269.70935513169843","112.00136239782016","268.0392150878906","112.0","[[268.0392150878906, 112.0]]","0","tumor","train","gt"
"training_set_primary_roi_001:89","training_set_primary_roi_001","training_set_primary_roi_001","/content/drive/MyDrive/Research/PUMA/PUMA_STAGE2_COLAB/INPUTS/RAW/01_training_dataset_tif_ROIs/training_set_primary_roi_001.tif","344.55516840882694","214.4425087108014","343.1499938964844","213.64999389648438","[[343.1499938964844, 213.64999389648438]]","0","tumor","train","gt"
"training_set_primary_roi_056:248","training_set_primary_roi_056","training_set_primary_roi_056","/content/drive/MyDrive/Research/PUMA/PUMA_STAGE2_COLAB/INPUTS/RAW/01_training_dataset_tif_ROIs/training_set_primary_roi_056.tif","596.8628432127277","586.1551193225558","597.2222290039062","583.3333129882812","[[597.2222290039062, 583.3333129882812]]","0","tumor","train","gt"
"training_set_primary_roi_061:378","training_set_primary_roi_061","training_set_primary_roi_061","/content/drive/MyDrive/Research/PUMA/PUMA_STAGE2_COLAB/INPUTS/RAW/01_training_dataset_tif_ROIs/training_set_primary_roi_061.tif","101.96153846153847","766.7898351648352","101.375","767.375","[[101.375, 767.375]]","0","tumor","train","gt"
"training_set_primary_roi_094:191","training_set_primary_roi_094","training_set_primary_roi_094","/content/drive/MyDrive/Research/PUMA/PUMA_STAGE2_COLAB/INPUTS/RAW/01_training_dataset_tif_ROIs/training_set_primary_roi_094.tif","77.61440595028382","333.2225484439225","77.38461303710938","331.4615478515625","[[77.38461303710938, 331.4615478515625]]","0","tumor","train","gt"
"training_set_primary_roi_005:399","training_set_primary_roi_005","training_set_primary_roi_005","/content/drive/MyDrive/Research/PUMA/PUMA_STAGE2_COLAB/INPUTS/RAW/01_training_dataset_tif_ROIs/training_set_primary_roi_005.tif","197.74763406940062","949.5452155625657","197.0","948.4545288085938","[[197.0, 948.4545288085938]]","0","tumor","train","gt"
"training_set_primary_roi_063:458","training_set_primary_roi_063","training_set_primary_roi_063","/content/drive/MyDrive/Research/PUMA/PUMA_STAGE2_COLAB/INPUTS/RAW/01_training_dataset_tif_ROIs/training_set_primary_roi_063.tif","260.45037037037036","917.805925925926","260.20001220703125","916.5999755859375","[[260.20001220703125, 916.5999755859375]]","0","tumor","train","gt"
"training_set_metastatic_roi_052:369","training_set_metastatic_roi_052","training_set_metastatic_roi_052","/content/drive/MyDrive/Research/PUMA/PUMA_STAGE2_COLAB/INPUTS/RAW/01_training_dataset_tif_ROIs/training_set_metastatic_roi_052.tif","3.0428571428571427","199.42380952380952","3.3333332538604736","198.6666717529297","[[3.3333332538604736, 198.6666717529297]]","0","tumor","train","gt"
"training_set_primary_roi_023:209","training_set_primary_roi_023","training_set_primary_roi_023","/content/drive/MyDrive/Research/PUMA/PUMA_STAGE2_COLAB/INPUTS/RAW/01_training_dataset_tif_ROIs/training_set_primary_roi_023.tif","323.9905963870329","546.8408809700569","323.8070068359375","546.2280883789062","[[323.8070068359375, 546.2280883789062]]","0","tumor","train","gt"
"training_set_primary_roi_045:118","training_set_primary_roi_045","training_set_primary_roi_045","/content/drive/MyDrive/Research/PUMA/PUMA_STAGE2_COLAB/INPUTS/RAW/01_training_dataset_tif_ROIs/training_set_primary_roi_045.tif","267.49434290687554","133.84699738903393","265.7592468261719","132.70370483398438","[[265.7592468261719, 132.70370483398438]]","0","tumor","train","gt"
"training_set_metastatic_roi_016:104","training_set_metastatic_roi_016","training_set_metastatic_roi_016","/content/drive/MyDrive/Research/PUMA/PUMA_STAGE2_COLAB/INPUTS/RAW/01_training_dataset_tif_ROIs/training_set_metastatic_roi_016.tif","368.98039215686276","350.042194092827","368.85107421875","350.04254150390625","[[368.85107421875, 350.04254150390625]]","0","tumor","train","gt"
"training_set_primary_roi_041:267","training_set_primary_roi_041","training_set_primary_roi_041","/content/drive/MyDrive/Research/PUMA/PUMA_STAGE2_COLAB/INPUTS/RAW/01_training_dataset_tif_ROIs/training_set_primary_roi_041.tif","619.2359708193042","492.787317620651","620.0","490.4210510253906","[[620.0, 490.4210510253906]]","0","tumor","train","gt"
"training_set_metastatic_roi_004:554","training_set_metastatic_roi_004","training_set_metastatic_roi_004","/content/drive/MyDrive/Research/PUMA/PUMA_STAGE2_COLAB/INPUTS/RAW/01_training_dataset_tif_ROIs/training_set_metastatic_roi_004.tif","66.098543786156","999.6473169758629","67.7450942993164","997.7451171875","[[67.7450942993164, 997.7451171875]]","0","tumor","train","gt"
"training_set_metastatic_roi_003:158","training_set_metastatic_roi_003","training_set_metastatic_roi_003","/content/drive/MyDrive/Research/PUMA/PUMA_STAGE2_COLAB/INPUTS/RAW/01_training_dataset_tif_ROIs/training_set_metastatic_roi_003.tif","900.4526727953694","422.0762683009874","897.4000244140625","421.6000061035156","[[897.4000244140625, 421.6000061035156]]","0","tumor","train","gt"
"training_set_primary_roi_051:64","training_set_primary_roi_051","training_set_primary_roi_051","/content/drive/MyDrive/Research/PUMA/PUMA_STAGE2_COLAB/INPUTS/RAW/01_training_dataset_tif_ROIs/training_set_primary_roi_051.tif","95.72761904761904","287.73238095238094","95.7272720336914","286.7272644042969","[[95.7272720336914, 286.7272644042969]]","0","tumor","train","gt"
"training_set_primary_roi_055:62","training_set_primary_roi_055","training_set_primary_roi_055","/content/drive/MyDrive/Research/PUMA/PUMA_STAGE2_COLAB/INPUTS/RAW/01_training_dataset_tif_ROIs/training_set_primary_roi_055.tif","856.1341145833334","219.13368055555554","856.6666870117188","217.3333282470703","[[856.6666870117188, 217.3333282470703]]","0","tumor","train","gt"
"training_set_primary_roi_026:109","training_set_primary_roi_026","training_set_primary_roi_026","/content/drive/MyDrive/Research/PUMA/PUMA_STAGE2_COLAB/INPUTS/RAW/01_training_dataset_tif_ROIs/training_set_primary_roi_026.tif","885.7340350877193","389.62175438596495","884.9677124023438","387.5161437988281","[[884.9677124023438, 387.5161437988281]]","0","tumor","train","gt"
"training_set_metastatic_roi_027:423","training_set_metastatic_roi_027","training_set_metastatic_roi_027","/content/drive/MyDrive/Research/PUMA/PUMA_STAGE2_COLAB/INPUTS/RAW/01_training_dataset_tif_ROIs/training_set_metastatic_roi_027.tif","943.3410174880763","75.79941706412295","942.5806274414062","74.75806427001953","[[942.5806274414062, 74.75806427001953]]","0","tumor","train","gt"
"training_set_metastatic_roi_060:142","training_set_metastatic_roi_060","training_set_metastatic_roi_060","/content/drive/MyDrive/Research/PUMA/PUMA_STAGE2_COLAB/INPUTS/RAW/01_training_dataset_tif_ROIs/training_set_metastatic_roi_060.tif","468.0051282051282","263.85051282051285","467.4888916015625","263.4444580078125","[[467.4888916015625, 263.4444580078125]]","0","tumor","train","gt"
"training_set_metastatic_roi_028:67","training_set_metastatic_roi_028","training_set_metastatic_roi_028","/content/drive/MyDrive/Research/PUMA/PUMA_STAGE2_COLAB/INPUTS/RAW/01_training_dataset_tif_ROIs/training_set_metastatic_roi_028.tif","341.42973436161094","971.8256212510712","341.6571350097656","970.7714233398438","[[341.6571350097656, 970.7714233398438]]","0","tumor","train","gt"
"training_set_metastatic_roi_069:535","training_set_metastatic_roi_069","training_set_metastatic_roi_069","/content/drive/MyDrive/Research/PUMA/PUMA_STAGE2_COLAB/INPUTS/RAW/01_training_dataset_tif_ROIs/training_set_metastatic_roi_069.tif","586.3030821917808","405.396404109589","586.274169921875","404.6129150390625","[[586.274169921875, 404.6129150390625]]","0","tumor","train","gt"
"training_set_primary_roi_074:69","training_set_primary_roi_074","training_set_primary_roi_074","/content/drive/MyDrive/Research/PUMA/PUMA_STAGE2_COLAB/INPUTS/RAW/01_training_dataset_tif_ROIs/training_set_primary_roi_074.tif","464.03077537969625","590.9288569144685","462.7173767089844","591.3261108398438","[[462.7173767089844, 591.3261108398438]]","0","tumor","train","gt"
"training_set_primary_roi_099:22","training_set_primary_roi_099","training_set_primary_roi_099","/content/drive/MyDrive/Research/PUMA/PUMA_STAGE2_COLAB/INPUTS/RAW/01_training_dataset_tif_ROIs/training_set_primary_roi_099.tif","995.8671548117155","438.36889818688985","996.8485107421875","434.242431640625","[[996.8485107421875, 434.242431640625]]","0","tumor","train","gt"
"training_set_primary_roi_004:339","training_set_primary_roi_004","training_set_primary_roi_004","/content/drive/MyDrive/Research/PUMA/PUMA_STAGE2_COLAB/INPUTS/RAW/01_training_dataset_tif_ROIs/training_set_primary_roi_004.tif","421.72542372881355","985.9708474576271","419.19512939453125","985.9755859375","[[419.19512939453125, 985.9755859375]]","0","tumor","train","gt"
"training_set_metastatic_roi_092:190","training_set_metastatic_roi_092","training_set_metastatic_roi_092","/content/drive/MyDrive/Research/PUMA/PUMA_STAGE2_COLAB/INPUTS/RAW/01_training_dataset_tif_ROIs/training_set_metastatic_roi_092.tif","704.073987173471","769.017832003754","704.2908935546875","766.1818237304688","[[704.2908935546875, 766.1818237304688]]","0","tumor","train","gt"
"training_set_primary_roi_053:389","training_set_primary_roi_053","training_set_primary_roi_053","/content/drive/MyDrive/Research/PUMA/PUMA_STAGE2_COLAB/INPUTS/RAW/01_training_dataset_tif_ROIs/training_set_primary_roi_053.tif","947.1855482933914","856.1870007262164","946.7777709960938","855.6666870117188","[[946.7777709960938, 855.6666870117188]]","0","tumor","train","gt"
"training_set_primary_roi_033:75","training_set_primary_roi_033","training_set_primary_roi_033","/content/drive/MyDrive/Research/PUMA/PUMA_STAGE2_COLAB/INPUTS/RAW/01_training_dataset_tif_ROIs/training_set_primary_roi_033.tif","706.7414383561644","236.64897260273972","706.9512329101562","236.7073211669922","[[706.9512329101562, 236.7073211669922]]","0","tumor","train","gt"
"training_set_primary_roi_043:586","training_set_primary_roi_043","training_set_primary_roi_043","/content/drive/MyDrive/Research/PUMA/PUMA_STAGE2_COLAB/INPUTS/RAW/01_training_dataset_tif_ROIs/training_set_primary_roi_043.tif","238.328051441038","941.6534619359284","235.95384216308594","940.4000244140625","[[235.95384216308594, 940.4000244140625]]","0","tumor","train","gt"
"training_set_metastatic_roi_070:37","training_set_metastatic_roi_070","training_set_metastatic_roi_070","/content/drive/MyDrive/Research/PUMA/PUMA_STAGE2_COLAB/INPUTS/RAW/01_training_dataset_tif_ROIs/training_set_metastatic_roi_070.tif","920.7361013370866","643.9805301430918","920.5599975585938","643.8200073242188","[[920.5599975585938, 643.8200073242188]]","0","tumor","train","gt"
"training_set_metastatic_roi_063:40","training_set_metastatic_roi_063","training_set_metastatic_roi_063","/content/drive/MyDrive/Research/PUMA/PUMA_STAGE2_COLAB/INPUTS/RAW/01_training_dataset_tif_ROIs/training_set_metastatic_roi_063.tif","193.9548174745661","359.73967684021545","193.6999969482422","361.0","[[193.6999969482422, 361.0]]","0","tumor","train","gt"
"training_set_metastatic_roi_045:33","training_set_metastatic_roi_045","training_set_metastatic_roi_045","/content/drive/MyDrive/Research/PUMA/PUMA_STAGE2_COLAB/INPUTS/RAW/01_training_dataset_tif_ROIs/training_set_metastatic_roi_045.tif","948.4420677361854","984.7013269954446","947.3255615234375","986.4185791015625","[[947.3255615234375, 986.4185791015625]]","0","tumor","train","gt"
"training_set_metastatic_roi_011:310","training_set_metastatic_roi_011","training_set_metastatic_roi_011","/content/drive/MyDrive/Research/PUMA/PUMA_STAGE2_COLAB/INPUTS/RAW/01_training_dataset_tif_ROIs/training_set_metastatic_roi_011.tif","356.2689655172414","641.2724137931034","355.6511535644531","642.0232543945312","[[355.6511535644531, 642.0232543945312]]","0","tumor","train","gt"
"training_set_primary_roi_093:556","training_set_primary_roi_093","training_set_primary_roi_093","/content/drive/MyDrive/Research/PUMA/PUMA_STAGE2_COLAB/INPUTS/RAW/01_training_dataset_tif_ROIs/training_set_primary_roi_093.tif","57.97222222222222","1019.4814814814815","57.71428680419922","1018.1428833007812","[[57.71428680419922, 1018.1428833007812]]","0","tumor","train","gt"
"training_set_metastatic_roi_100:134","training_set_metastatic_roi_100","training_set_metastatic_roi_100","/content/drive/MyDrive/Research/PUMA/PUMA_STAGE2_COLAB/INPUTS/RAW/01_training_dataset_tif_ROIs/training_set_metastatic_roi_100.tif","270.73224043715845","532.7841530054644","269.67999267578125","532.760009765625","[[269.67999267578125, 532.760009765625]]","0","tumor","train","gt"
"training_set_primary_roi_049:397","training_set_primary_roi_049","training_set_primary_roi_049","/content/drive/MyDrive/Research/PUMA/PUMA_STAGE2_COLAB/INPUTS/RAW/01_training_dataset_tif_ROIs/training_set_primary_roi_049.tif","967.0132890365448","987.6659283868587","965.75","988.4166870117188","[[965.75, 988.4166870117188]]","0","tumor","train","gt"
"training_set_primary_roi_030:178","training_set_primary_roi_030","training_set_primary_roi_030","/content/drive/MyDrive/Research/PUMA/PUMA_STAGE2_COLAB/INPUTS/RAW/01_training_dataset_tif_ROIs/training_set_primary_roi_030.tif","98.00358905338717","886.7344100493494","98.78787994384766","887.9091186523438","[[98.78787994384766, 887.9091186523438]]","0","tumor","train","gt"
"training_set_metastatic_roi_014:355","training_set_metastatic_roi_014","training_set_metastatic_roi_014","/content/drive/MyDrive/Research/PUMA/PUMA_STAGE2_COLAB/INPUTS/RAW/01_training_dataset_tif_ROIs/training_set_metastatic_roi_014.tif","1005.1139888791337","913.2641205736026","1003.25","909.3666381835938","[[1003.25, 909.3666381835938]]","0","tumor","train","gt"
"training_set_metastatic_roi_043:48","training_set_metastatic_roi_043","training_set_metastatic_roi_043","/content/drive/MyDrive/Research/PUMA/PUMA_STAGE2_COLAB/INPUTS/RAW/01_training_dataset_tif_ROIs/training_set_metastatic_roi_043.tif","557.1162674650699","297.2989021956088","557.84375","296.15625","[[557.84375, 296.15625]]","0","tumor","train","gt"
"training_set_primary_roi_028:105","training_set_primary_roi_028","training_set_primary_roi_028","/content/drive/MyDrive/Research/PUMA/PUMA_STAGE2_COLAB/INPUTS/RAW/01_training_dataset_tif_ROIs/training_set_primary_roi_028.tif","99.81726907630522","406.23083242059147","99.70526123046875","405.92633056640625","[[99.70526123046875, 405.92633056640625]]","0","tumor","train","gt"
"training_set_metastatic_roi_005:64","training_set_metastatic_roi_005","training_set_metastatic_roi_005","/content/drive/MyDrive/Research/PUMA/PUMA_STAGE2_COLAB/INPUTS/RAW/01_training_dataset_tif_ROIs/training_set_metastatic_roi_005.tif","86.58877325764743","658.8806895826764","85.87692260742188","656.5076904296875","[[85.87692260742188, 656.5076904296875]]","0","tumor","train","gt"
"training_set_metastatic_roi_055:773","training_set_metastatic_roi_055","training_set_metastatic_roi_055","/content/drive/MyDrive/Research/PUMA/PUMA_STAGE2_COLAB/INPUTS/RAW/01_training_dataset_tif_ROIs/training_set_metastatic_roi_055.tif","478.58307849133536","804.6024464831804","478.7391357421875","805.2174072265625","[[478.7391357421875, 805.2174072265625]]","0","tumor","train","gt"
"training_set_metastatic_roi_042:345","training_set_metastatic_roi_042","training_set_metastatic_roi_042","/content/drive/MyDrive/Research/PUMA/PUMA_STAGE2_COLAB/INPUTS/RAW/01_training_dataset_tif_ROIs/training_set_metastatic_roi_042.tif","904.5049382716049","203.2895061728395","902.9459228515625","202.64865112304688","[[902.9459228515625, 202.64865112304688]]","0","tumor","train","gt"
"training_set_metastatic_roi_064:6","training_set_metastatic_roi_064","training_set_metastatic_roi_064","/content/drive/MyDrive/Research/PUMA/PUMA_STAGE2_COLAB/INPUTS/RAW/01_training_dataset_tif_ROIs/training_set_metastatic_roi_064.tif","734.2136212041426","259.4172371423556","733.5409545898438","258.2622985839844","[[733.5409545898438, 258.2622985839844]]","0","tumor","train","gt"
"training_set_metastatic_roi_057:282","training_set_metastatic_roi_057","training_set_metastatic_roi_057","/content/drive/MyDrive/Research/PUMA/PUMA_STAGE2_COLAB/INPUTS/RAW/01_training_dataset_tif_ROIs/training_set_metastatic_roi_057.tif","436.4682306940371","810.7776148582601","437.4482727050781","812.413818359375","[[437.4482727050781, 812.413818359375]]","0","tumor","train","gt"
"training_set_primary_roi_097:311","training_set_primary_roi_097","training_set_primary_roi_097","/content/drive/MyDrive/Research/PUMA/PUMA_STAGE2_COLAB/INPUTS/RAW/01_training_dataset_tif_ROIs/training_set_primary_roi_097.tif","405.58988764044943","509.7520599250936","405.79998779296875","509.1000061035156","[[405.79998779296875, 509.1000061035156]]","0","tumor","train","gt"
"training_set_metastatic_roi_099:153","training_set_metastatic_roi_099","training_set_metastatic_roi_099","/content/drive/MyDrive/Research/PUMA/PUMA_STAGE2_COLAB/INPUTS/RAW/01_training_dataset_tif_ROIs/training_set_metastatic_roi_099.tif","676.9240698557328","448.8466211085801","675.3947143554688","447.0","[[675.3947143554688, 447.0]]","0","tumor","train","gt"
"training_set_primary_roi_017:143","training_set_primary_roi_017","training_set_primary_roi_017","/content/drive/MyDrive/Research/PUMA/PUMA_STAGE2_COLAB/INPUTS/RAW/01_training_dataset_tif_ROIs/training_set_primary_roi_017.tif","50.41110404746769","536.4111040474677","52.12727355957031","532.654541015625","[[52.12727355957031, 532.654541015625]]","0","tumor","train","gt"
"training_set_metastatic_roi_073:103","training_set_metastatic_roi_073","training_set_metastatic_roi_073","/content/drive/MyDrive/Research/PUMA/PUMA_STAGE2_COLAB/INPUTS/RAW/01_training_dataset_tif_ROIs/training_set_metastatic_roi_073.tif","350.27702265372164","22.161488673139157","349.5454406738281","23.787878036499023","[[349.5454406738281, 23.787878036499023]]","0","tumor","train","gt"
"training_set_primary_roi_090:266","training_set_primary_roi_090","training_set_primary_roi_090","/content/drive/MyDrive/Research/PUMA/PUMA_STAGE2_COLAB/INPUTS/RAW/01_training_dataset_tif_ROIs/training_set_primary_roi_090.tif","727.2312423124231","274.9028290282903","726.6087036132812","273.13043212890625","[[726.6087036132812, 273.13043212890625]]","0","tumor","train","gt"
"training_set_primary_roi_103:299","training_set_primary_roi_103","training_set_primary_roi_103","/content/drive/MyDrive/Research/PUMA/PUMA_STAGE2_COLAB/INPUTS/RAW/01_training_dataset_tif_ROIs/training_set_primary_roi_103.tif","851.4017713365539","1012.2407407407408","852.0908813476562","1007.9818115234375","[[852.0908813476562, 1007.9818115234375]]","0","tumor","train","gt"
"training_set_metastatic_roi_012:10","training_set_metastatic_roi_012","training_set_metastatic_roi_012","/content/drive/MyDrive/Research/PUMA/PUMA_STAGE2_COLAB/INPUTS/RAW/01_training_dataset_tif_ROIs/training_set_metastatic_roi_012.tif","291.5950880594603","968.4514461140733","293.51922607421875","968.0384521484375","[[293.51922607421875, 968.0384521484375]]","0","tumor","train","gt"
"training_set_metastatic_roi_091:255","training_set_metastatic_roi_091","training_set_metastatic_roi_091","/content/drive/MyDrive/Research/PUMA/PUMA_STAGE2_COLAB/INPUTS/RAW/01_training_dataset_tif_ROIs/training_set_metastatic_roi_091.tif","633.6613651424785","443.02186878727633","633.4615478515625","441.76922607421875","[[633.4615478515625, 441.76922607421875]]","0","tumor","train","gt"
"training_set_primary_roi_053:471","training_set_primary_roi_053","training_set_primary_roi_053","/content/drive/MyDrive/Research/PUMA/PUMA_STAGE2_COLAB/INPUTS/RAW/01_training_dataset_tif_ROIs/training_set_primary_roi_053.tif","313.7816091954023","995.0387931034483","314.0909118652344","993.5454711914062","[[314.0909118652344, 993.5454711914062]]","1","lymphocyte","train","gt"
"training_set_metastatic_roi_064:255","training_set_metastatic_roi_064","training_set_metastatic_roi_064","/content/drive/MyDrive/Research/PUMA/PUMA_STAGE2_COLAB/INPUTS/RAW/01_training_dataset_tif_ROIs/training_set_metastatic_roi_064.tif","145.04454022988506","208.61997126436782","144.8275909423828","209.1724090576172","[[144.8275909423828, 209.1724090576172]]","1","lymphocyte","train","gt"
"training_set_primary_roi_099:226","training_set_primary_roi_099","training_set_primary_roi_099","/content/drive/MyDrive/Research/PUMA/PUMA_STAGE2_COLAB/INPUTS/RAW/01_training_dataset_tif_ROIs/training_set_primary_roi_099.tif","434.16580756013747","788.7517182130584","433.81817626953125","786.9545288085938","[[433.81817626953125, 786.9545288085938]]","1","lymphocyte","train","gt"
"training_set_primary_roi_063:311","training_set_primary_roi_063","training_set_primary_roi_063","/content/drive/MyDrive/Research/PUMA/PUMA_STAGE2_COLAB/INPUTS/RAW/01_training_dataset_tif_ROIs/training_set_primary_roi_063.tif","614.1959858323495","597.6391184573002","614.7692260742188","596.5640869140625","[[614.7692260742188, 596.5640869140625]]","1","lymphocyte","train","gt"
"training_set_primary_roi_097:34","training_set_primary_roi_097","training_set_primary_roi_097","/content/drive/MyDrive/Research/PUMA/PUMA_STAGE2_COLAB/INPUTS/RAW/01_training_dataset_tif_ROIs/training_set_primary_roi_097.tif","490.99406688241635","42.05339805825243","490.5","41.400001525878906","[[490.5, 41.400001525878906]]","1","lymphocyte","train","gt"
"training_set_primary_roi_089:185","training_set_primary_roi_089","training_set_primary_roi_089","/content/drive/MyDrive/Research/PUMA/PUMA_STAGE2_COLAB/INPUTS/RAW/01_training_dataset_tif_ROIs/training_set_primary_roi_089.tif","953.6641541038525","953.4639865996651","952.272705078125","953.0908813476562","[[952.272705078125, 953.0908813476562]]","1","lymphocyte","train","gt"
"training_set_metastatic_roi_012:75","training_set_metastatic_roi_012","training_set_metastatic_roi_012","/content/drive/MyDrive/Research/PUMA/PUMA_STAGE2_COLAB/INPUTS/RAW/01_training_dataset_tif_ROIs/training_set_metastatic_roi_012.tif","913.9465844889575","218.66409861325116","914.2608642578125","217.0869598388672","[[914.2608642578125, 217.0869598388672]]","1","lymphocyte","train","gt"
"training_set_metastatic_roi_042:102","training_set_metastatic_roi_042","training_set_metastatic_roi_042","/content/drive/MyDrive/Research/PUMA/PUMA_STAGE2_COLAB/INPUTS/RAW/01_training_dataset_tif_ROIs/training_set_metastatic_roi_042.tif","952.4858490566038","766.7997903563942","952.4193725585938","766.741943359375","[[952.4193725585938, 766.741943359375]]","1","lymphocyte","train","gt"
"training_set_primary_roi_084:206","training_set_primary_roi_084","training_set_primary_roi_084","/content/drive/MyDrive/Research/PUMA/PUMA_STAGE2_COLAB/INPUTS/RAW/01_training_dataset_tif_ROIs/training_set_primary_roi_084.tif","878.6342737722048","544.3427377220481","879.6097412109375","543.8780517578125","[[879.6097412109375, 543.8780517578125]]","1","lymphocyte","train","gt"
"training_set_metastatic_roi_075:214","training_set_metastatic_roi_075","training_set_metastatic_roi_075","/content/drive/MyDrive/Research/PUMA/PUMA_STAGE2_COLAB/INPUTS/RAW/01_training_dataset_tif_ROIs/training_set_metastatic_roi_075.tif","18.639939485627835","525.7947554210791","20.310344696044922","525.6551513671875","[[20.310344696044922, 525.6551513671875]]","1","lymphocyte","train","gt"
"training_set_primary_roi_023:29","training_set_primary_roi_023","training_set_primary_roi_023","/content/drive/MyDrive/Research/PUMA/PUMA_STAGE2_COLAB/INPUTS/RAW/01_training_dataset_tif_ROIs/training_set_primary_roi_023.tif","812.2171617161716","61.840264026402636","811.3076782226562","61.92307662963867","[[811.3076782226562, 61.92307662963867]]","1","lymphocyte","train","gt"
"training_set_metastatic_roi_011:368","training_set_metastatic_roi_011","training_set_metastatic_roi_011","/content/drive/MyDrive/Research/PUMA/PUMA_STAGE2_COLAB/INPUTS/RAW/01_training_dataset_tif_ROIs/training_set_metastatic_roi_011.tif","868.2506172839505","568.2666666666667","868.0540771484375","568.4865112304688","[[868.0540771484375, 568.4865112304688]]","1","lymphocyte","train","gt"
"training_set_metastatic_roi_016:159","training_set_metastatic_roi_016","training_set_metastatic_roi_016","/content/drive/MyDrive/Research/PUMA/PUMA_STAGE2_COLAB/INPUTS/RAW/01_training_dataset_tif_ROIs/training_set_metastatic_roi_016.tif","393.5980024968789","657.3458177278402","393.8947448730469","657.4736938476562","[[393.8947448730469, 657.4736938476562]]","1","lymphocyte","train","gt"
"training_set_primary_roi_056:27","training_set_primary_roi_056","training_set_primary_roi_056","/content/drive/MyDrive/Research/PUMA/PUMA_STAGE2_COLAB/INPUTS/RAW/01_training_dataset_tif_ROIs/training_set_primary_roi_056.tif","72.53089430894309","56.430623306233066","72.85713958740234","56.07143020629883","[[72.85713958740234, 56.07143020629883]]","1","lymphocyte","train","gt"
"training_set_primary_roi_043:211","training_set_primary_roi_043","training_set_primary_roi_043","/content/drive/MyDrive/Research/PUMA/PUMA_STAGE2_COLAB/INPUTS/RAW/01_training_dataset_tif_ROIs/training_set_primary_roi_043.tif","705.4658385093168","270.00931677018633","705.5925903320312","269.96295166015625","[[705.5925903320312, 269.96295166015625]]","1","lymphocyte","train","gt"
"training_set_metastatic_roi_052:80","training_set_metastatic_roi_052","training_set_metastatic_roi_052","/content/drive/MyDrive/Research/PUMA/PUMA_STAGE2_COLAB/INPUTS/RAW/01_training_dataset_tif_ROIs/training_set_metastatic_roi_052.tif","195.81171548117155","848.6115760111576","193.75","848.6785888671875","[[193.75, 848.6785888671875]]","1","lymphocyte","train","gt"
"training_set_primary_roi_049:290","training_set_primary_roi_049","training_set_primary_roi_049","/content/drive/MyDrive/Research/PUMA/PUMA_STAGE2_COLAB/INPUTS/RAW/01_training_dataset_tif_ROIs/training_set_primary_roi_049.tif","186.20551378446115","681.3458646616541","185.22222900390625","680.4444580078125","[[185.22222900390625, 680.4444580078125]]","1","lymphocyte","train","gt"
"training_set_primary_roi_026:118","training_set_primary_roi_026","training_set_primary_roi_026","/content/drive/MyDrive/Research/PUMA/PUMA_STAGE2_COLAB/INPUTS/RAW/01_training_dataset_tif_ROIs/training_set_primary_roi_026.tif","843.0425531914893","414.045390070922","842.5652465820312","413.6956481933594","[[842.5652465820312, 413.6956481933594]]","1","lymphocyte","train","gt"
"training_set_metastatic_roi_100:135","training_set_metastatic_roi_100","training_set_metastatic_roi_100","/content/drive/MyDrive/Research/PUMA/PUMA_STAGE2_COLAB/INPUTS/RAW/01_training_dataset_tif_ROIs/training_set_metastatic_roi_100.tif","63.51361502347417","548.5915492957746","62.60869598388672","548.3478393554688","[[62.60869598388672, 548.3478393554688]]","1","lymphocyte","train","gt"
"training_set_primary_roi_074:375","training_set_primary_roi_074","training_set_primary_roi_074","/content/drive/MyDrive/Research/PUMA/PUMA_STAGE2_COLAB/INPUTS/RAW/01_training_dataset_tif_ROIs/training_set_primary_roi_074.tif","938.0769230769231","188.84615384615384","938.3529663085938","187.94117736816406","[[938.3529663085938, 187.94117736816406]]","1","lymphocyte","train","gt"
"training_set_metastatic_roi_043:104","training_set_metastatic_roi_043","training_set_metastatic_roi_043","/content/drive/MyDrive/Research/PUMA/PUMA_STAGE2_COLAB/INPUTS/RAW/01_training_dataset_tif_ROIs/training_set_metastatic_roi_043.tif","919.3082287308229","558.4230590423059","918.9749755859375","557.9749755859375","[[918.9749755859375, 557.9749755859375]]","1","lymphocyte","train","gt"
"training_set_metastatic_roi_091:200","training_set_metastatic_roi_091","training_set_metastatic_roi_091","/content/drive/MyDrive/Research/PUMA/PUMA_STAGE2_COLAB/INPUTS/RAW/01_training_dataset_tif_ROIs/training_set_metastatic_roi_091.tif","191.9125475285171","21.415082382762993","191.9166717529297","21.20833396911621","[[191.9166717529297, 21.20833396911621]]","1","lymphocyte","train","gt"
"training_set_metastatic_roi_055:391","training_set_metastatic_roi_055","training_set_metastatic_roi_055","/content/drive/MyDrive/Research/PUMA/PUMA_STAGE2_COLAB/INPUTS/RAW/01_training_dataset_tif_ROIs/training_set_metastatic_roi_055.tif","422.06449771689495","354.67865296803654","424.1290283203125","353.6451721191406","[[424.1290283203125, 353.6451721191406]]","1","lymphocyte","train","gt"
"training_set_primary_roi_030:112","training_set_primary_roi_030","training_set_primary_roi_030","/content/drive/MyDrive/Research/PUMA/PUMA_STAGE2_COLAB/INPUTS/RAW/01_training_dataset_tif_ROIs/training_set_primary_roi_030.tif","806.995904995905","606.7420147420147","806.1613159179688","606.6129150390625","[[806.1613159179688, 606.6129150390625]]","1","lymphocyte","train","gt"
"training_set_primary_roi_028:80","training_set_primary_roi_028","training_set_primary_roi_028","/content/drive/MyDrive/Research/PUMA/PUMA_STAGE2_COLAB/INPUTS/RAW/01_training_dataset_tif_ROIs/training_set_primary_roi_028.tif","860.9106400665005","294.3906899418121","861.0","292.8518371582031","[[861.0, 292.8518371582031]]","1","lymphocyte","train","gt"
"training_set_metastatic_roi_005:90","training_set_metastatic_roi_005","training_set_metastatic_roi_005","/content/drive/MyDrive/Research/PUMA/PUMA_STAGE2_COLAB/INPUTS/RAW/01_training_dataset_tif_ROIs/training_set_metastatic_roi_005.tif","856.4846466888641","17.741398446170923","855.7380981445312","17.714284896850586","[[855.7380981445312, 17.714284896850586]]","1","lymphocyte","train","gt"
"training_set_primary_roi_001:178","training_set_primary_roi_001","training_set_primary_roi_001","/content/drive/MyDrive/Research/PUMA/PUMA_STAGE2_COLAB/INPUTS/RAW/01_training_dataset_tif_ROIs/training_set_primary_roi_001.tif","812.9432029795158","360.3445065176909","813.8148193359375","359.7037048339844","[[813.8148193359375, 359.7037048339844]]","1","lymphocyte","train","gt"
"training_set_primary_roi_005:101","training_set_primary_roi_005","training_set_primary_roi_005","/content/drive/MyDrive/Research/PUMA/PUMA_STAGE2_COLAB/INPUTS/RAW/01_training_dataset_tif_ROIs/training_set_primary_roi_005.tif","367.7442996742671","265.41802388707924","367.4166564941406","265.3333435058594","[[367.4166564941406, 265.3333435058594]]","1","lymphocyte","train","gt"
"training_set_primary_roi_100:58","training_set_primary_roi_100","training_set_primary_roi_100","/content/drive/MyDrive/Research/PUMA/PUMA_STAGE2_COLAB/INPUTS/RAW/01_training_dataset_tif_ROIs/training_set_primary_roi_100.tif","620.7726098191215","148.2674418604651","620.6153564453125","147.76922607421875","[[620.6153564453125, 147.76922607421875]]","1","lymphocyte","train","gt"
"training_set_metastatic_roi_027:201","training_set_metastatic_roi_027","training_set_metastatic_roi_027","/content/drive/MyDrive/Research/PUMA/PUMA_STAGE2_COLAB/INPUTS/RAW/01_training_dataset_tif_ROIs/training_set_metastatic_roi_027.tif","218.079561042524","529.9396433470507","219.42857360839844","529.3333129882812","[[219.42857360839844, 529.3333129882812]]","1","lymphocyte","train","gt"
"training_set_metastatic_roi_069:388","training_set_metastatic_roi_069","training_set_metastatic_roi_069","/content/drive/MyDrive/Research/PUMA/PUMA_STAGE2_COLAB/INPUTS/RAW/01_training_dataset_tif_ROIs/training_set_metastatic_roi_069.tif","705.3636010865348","770.1715172681413","706.1904907226562","769.3095092773438","[[706.1904907226562, 769.3095092773438]]","1","lymphocyte","train","gt"
"training_set_metastatic_roi_057:124","training_set_metastatic_roi_057","training_set_metastatic_roi_057","/content/drive/MyDrive/Research/PUMA/PUMA_STAGE2_COLAB/INPUTS/RAW/01_training_dataset_tif_ROIs/training_set_metastatic_roi_057.tif","35.0171568627451","992.3472222222223","35.08000183105469","992.0800170898438","[[35.08000183105469, 992.0800170898438]]","1","lymphocyte","train","gt"
"training_set_metastatic_roi_007:141","training_set_metastatic_roi_007","training_set_metastatic_roi_007","/content/drive/MyDrive/Research/PUMA/PUMA_STAGE2_COLAB/INPUTS/RAW/01_training_dataset_tif_ROIs/training_set_metastatic_roi_007.tif","529.7257174392936","831.7488962472406","529.9393920898438","831.3030395507812","[[529.9393920898438, 831.3030395507812]]","1","lymphocyte","train","gt"
"training_set_primary_roi_017:178","training_set_primary_roi_017","training_set_primary_roi_017","/content/drive/MyDrive/Research/PUMA/PUMA_STAGE2_COLAB/INPUTS/RAW/01_training_dataset_tif_ROIs/training_set_primary_roi_017.tif","812.7089129314786","632.8882019577537","812.3548583984375","629.3870849609375","[[812.3548583984375, 629.3870849609375]]","1","lymphocyte","train","gt"
"training_set_metastatic_roi_063:448","training_set_metastatic_roi_063","training_set_metastatic_roi_063","/content/drive/MyDrive/Research/PUMA/PUMA_STAGE2_COLAB/INPUTS/RAW/01_training_dataset_tif_ROIs/training_set_metastatic_roi_063.tif","946.8096846846847","424.30630630630634","947.0888671875","423.9333190917969","[[947.0888671875, 423.9333190917969]]","1","lymphocyte","train","gt"
"training_set_primary_roi_047:557","training_set_primary_roi_047","training_set_primary_roi_047","/content/drive/MyDrive/Research/PUMA/PUMA_STAGE2_COLAB/INPUTS/RAW/01_training_dataset_tif_ROIs/training_set_primary_roi_047.tif","578.7196261682243","1015.6473520249222","579.0","1013.111083984375","[[579.0, 1013.111083984375]]","1","lymphocyte","train","gt"
"training_set_metastatic_roi_073:320","training_set_metastatic_roi_073","training_set_metastatic_roi_073","/content/drive/MyDrive/Research/PUMA/PUMA_STAGE2_COLAB/INPUTS/RAW/01_training_dataset_tif_ROIs/training_set_metastatic_roi_073.tif","745.9487179487179","79.86965811965811","745.3043212890625","80.56521606445312","[[745.3043212890625, 80.56521606445312]]","1","lymphocyte","train","gt"
"training_set_primary_roi_031:360","training_set_primary_roi_031","training_set_primary_roi_031","/content/drive/MyDrive/Research/PUMA/PUMA_STAGE2_COLAB/INPUTS/RAW/01_training_dataset_tif_ROIs/training_set_primary_roi_031.tif","607.3508371385084","476.4353120243531","607.313720703125","476.92156982421875","[[607.313720703125, 476.92156982421875]]","1","lymphocyte","train","gt"
"training_set_metastatic_roi_004:78","training_set_metastatic_roi_004","training_set_metastatic_roi_004","/content/drive/MyDrive/Research/PUMA/PUMA_STAGE2_COLAB/INPUTS/RAW/01_training_dataset_tif_ROIs/training_set_metastatic_roi_004.tif","838.0418326693227","163.64010624169987","837.125","164.625","[[837.125, 164.625]]","1","lymphocyte","train","gt"
"training_set_primary_roi_045:266","training_set_primary_roi_045","training_set_primary_roi_045","/content/drive/MyDrive/Research/PUMA/PUMA_STAGE2_COLAB/INPUTS/RAW/01_training_dataset_tif_ROIs/training_set_primary_roi_045.tif","915.8361111111111","368.66547619047617","914.478271484375","370.0869445800781","[[914.478271484375, 370.0869445800781]]","1","lymphocyte","train","gt"
"training_set_primary_roi_033:357","training_set_primary_roi_033","training_set_primary_roi_033","/content/drive/MyDrive/Research/PUMA/PUMA_STAGE2_COLAB/INPUTS/RAW/01_training_dataset_tif_ROIs/training_set_primary_roi_033.tif","353.60989810771474","1002.1353711790393","353.9599914550781","1001.8800048828125","[[353.9599914550781, 1001.8800048828125]]","1","lymphocyte","train","gt"
"training_set_metastatic_roi_028:200","training_set_metastatic_roi_028","training_set_metastatic_roi_028","/content/drive/MyDrive/Research/PUMA/PUMA_STAGE2_COLAB/INPUTS/RAW/01_training_dataset_tif_ROIs/training_set_metastatic_roi_028.tif","756.2905759162304","468.0959860383944","757.3333129882812","467.23809814453125","[[757.3333129882812, 467.23809814453125]]","1","lymphocyte","train","gt"
"training_set_primary_roi_048:43","training_set_primary_roi_048","training_set_primary_roi_048","/content/drive/MyDrive/Research/PUMA/PUMA_STAGE2_COLAB/INPUTS/RAW/01_training_dataset_tif_ROIs/training_set_primary_roi_048.tif","282.4273428232503","68.67467378410439","284.71429443359375","67.0","[[284.71429443359375, 67.0]]","1","lymphocyte","train","gt"
"training_set_primary_roi_090:140","training_set_primary_roi_090","training_set_primary_roi_090","/content/drive/MyDrive/Research/PUMA/PUMA_STAGE2_COLAB/INPUTS/RAW/01_training_dataset_tif_ROIs/training_set_primary_roi_090.tif","393.68390804597703","465.3735632183908","394.3333435058594","464.3333435058594","[[394.3333435058594, 464.3333435058594]]","1","lymphocyte","train","gt"
"training_set_metastatic_roi_006:141","training_set_metastatic_roi_006","training_set_metastatic_roi_006","/content/drive/MyDrive/Research/PUMA/PUMA_STAGE2_COLAB/INPUTS/RAW/01_training_dataset_tif_ROIs/training_set_metastatic_roi_006.tif","272.59572400388726","892.8347910592807","273.1739196777344","892.2174072265625","[[273.1739196777344, 892.2174072265625]]","1","lymphocyte","train","gt"
"training_set_primary_roi_004:59","training_set_primary_roi_004","training_set_primary_roi_004","/content/drive/MyDrive/Research/PUMA/PUMA_STAGE2_COLAB/INPUTS/RAW/01_training_dataset_tif_ROIs/training_set_primary_roi_004.tif","812.5136402387042","199.67348678601874","811.40478515625","199.90475463867188","[[811.40478515625, 199.90475463867188]]","1","lymphocyte","train","gt"
"training_set_primary_roi_094:150","training_set_primary_roi_094","training_set_primary_roi_094","/content/drive/MyDrive/Research/PUMA/PUMA_STAGE2_COLAB/INPUTS/RAW/01_training_dataset_tif_ROIs/training_set_primary_roi_094.tif","103.00367647058823","258.06617647058823","103.2727279663086","257.18182373046875","[[103.2727279663086, 257.18182373046875]]","1","lymphocyte","train","gt"
"training_set_primary_roi_051:292","training_set_primary_roi_051","training_set_primary_roi_051","/content/drive/MyDrive/Research/PUMA/PUMA_STAGE2_COLAB/INPUTS/RAW/01_training_dataset_tif_ROIs/training_set_primary_roi_051.tif","871.59","911.1388888888889","871.0","909.25","[[871.0, 909.25]]","1","lymphocyte","train","gt"
"training_set_primary_roi_103:268","training_set_primary_roi_103","training_set_primary_roi_103","/content/drive/MyDrive/Research/PUMA/PUMA_STAGE2_COLAB/INPUTS/RAW/01_training_dataset_tif_ROIs/training_set_primary_roi_103.tif","187.15616797900262","919.2401574803149","186.2941131591797","918.4705810546875","[[186.2941131591797, 918.4705810546875]]","1","lymphocyte","train","gt"
"training_set_metastatic_roi_003:277","training_set_metastatic_roi_003","training_set_metastatic_roi_003","/content/drive/MyDrive/Research/PUMA/PUMA_STAGE2_COLAB/INPUTS/RAW/01_training_dataset_tif_ROIs/training_set_metastatic_roi_003.tif","594.6776805960479","741.9410430839002","594.3142700195312","740.2857055664062","[[594.3142700195312, 740.2857055664062]]","1","lymphocyte","train","gt"
"training_set_metastatic_roi_045:304","training_set_metastatic_roi_045","training_set_metastatic_roi_045","/content/drive/MyDrive/Research/PUMA/PUMA_STAGE2_COLAB/INPUTS/RAW/01_training_dataset_tif_ROIs/training_set_metastatic_roi_045.tif","886.8255813953489","882.922480620155","886.95556640625","882.6444702148438","[[886.95556640625, 882.6444702148438]]","1","lymphocyte","train","gt"
"training_set_metastatic_roi_092:68","training_set_metastatic_roi_092","training_set_metastatic_roi_092","/content/drive/MyDrive/Research/PUMA/PUMA_STAGE2_COLAB/INPUTS/RAW/01_training_dataset_tif_ROIs/training_set_metastatic_roi_092.tif","888.0722525804493","441.41347905282333","887.6206665039062","442.9310302734375","[[887.6206665039062, 442.9310302734375]]","1","lymphocyte","train","gt"
"training_set_primary_roi_093:551","training_set_primary_roi_093","training_set_primary_roi_093","/content/drive/MyDrive/Research/PUMA/PUMA_STAGE2_COLAB/INPUTS/RAW/01_training_dataset_tif_ROIs/training_set_primary_roi_093.tif","687.3369696969696","1014.8739393939393","687.6666870117188","1012.5555419921875","[[687.6666870117188, 1012.5555419921875]]","1","lymphocyte","train","gt"
"training_set_primary_roi_041:128","training_set_primary_roi_041","training_set_primary_roi_041","/content/drive/MyDrive/Research/PUMA/PUMA_STAGE2_COLAB/INPUTS/RAW/01_training_dataset_tif_ROIs/training_set_primary_roi_041.tif","824.7571743929359","217.84547461368652","826.0454711914062","217.86363220214844","[[826.0454711914062, 217.86363220214844]]","1","lymphocyte","train","gt"
"training_set_metastatic_roi_099:377","training_set_metastatic_roi_099","training_set_metastatic_roi_099","/content/drive/MyDrive/Research/PUMA/PUMA_STAGE2_COLAB/INPUTS/RAW/01_training_dataset_tif_ROIs/training_set_metastatic_roi_099.tif","367.3073237508556","484.14921286789865","367.45001220703125","483.625","[[367.45001220703125, 483.625]]","1","lymphocyte","train","gt"
"training_set_metastatic_roi_060:274","training_set_metastatic_roi_060","training_set_metastatic_roi_060","/content/drive/MyDrive/Research/PUMA/PUMA_STAGE2_COLAB/INPUTS/RAW/01_training_dataset_tif_ROIs/training_set_metastatic_roi_060.tif","2.403921568627451","128.13725490196077","3.0","127.86666870117188","[[3.0, 127.86666870117188]]","1","lymphocyte","train","gt"
"training_set_primary_roi_055:236","training_set_primary_roi_055","training_set_primary_roi_055","/content/drive/MyDrive/Research/PUMA/PUMA_STAGE2_COLAB/INPUTS/RAW/01_training_dataset_tif_ROIs/training_set_primary_roi_055.tif","295.7750257997936","584.4943240454076","295.3333435058594","582.6666870117188","[[295.3333435058594, 582.6666870117188]]","1","lymphocyte","train","gt"
"training_set_primary_roi_053:474","training_set_primary_roi_053","training_set_primary_roi_053","/content/drive/MyDrive/Research/PUMA/PUMA_STAGE2_COLAB/INPUTS/RAW/01_training_dataset_tif_ROIs/training_set_primary_roi_053.tif","31.806186868686872","1001.3096590909091","32.16666793823242","1000.8333129882812","[[32.16666793823242, 1000.8333129882812]]","1","lymphocyte","train","gt"
"training_set_metastatic_roi_064:514","training_set_metastatic_roi_064","training_set_metastatic_roi_064","/content/drive/MyDrive/Research/PUMA/PUMA_STAGE2_COLAB/INPUTS/RAW/01_training_dataset_tif_ROIs/training_set_metastatic_roi_064.tif","48.725087010607545","674.4220787824305","50.466590881347656","673.3104248046875","[[50.466590881347656, 673.3104248046875]]","1","lymphocyte","train","gt"
"training_set_primary_roi_099:508","training_set_primary_roi_099","training_set_primary_roi_099","/content/drive/MyDrive/Research/PUMA/PUMA_STAGE2_COLAB/INPUTS/RAW/01_training_dataset_tif_ROIs/training_set_primary_roi_099.tif","854.4603174603175","1021.9642857142857","854.8571166992188","1021.2142944335938","[[854.8571166992188, 1021.2142944335938]]","1","lymphocyte","train","gt"
"training_set_primary_roi_063:140","training_set_primary_roi_063","training_set_primary_roi_063","/content/drive/MyDrive/Research/PUMA/PUMA_STAGE2_COLAB/INPUTS/RAW/01_training_dataset_tif_ROIs/training_set_primary_roi_063.tif","597.4766977363515","240.31202840656903","596.5516967773438","239.0689697265625","[[596.5516967773438, 239.0689697265625]]","1","lymphocyte","train","gt"
"training_set_primary_roi_097:379","training_set_primary_roi_097","training_set_primary_roi_097","/content/drive/MyDrive/Research/PUMA/PUMA_STAGE2_COLAB/INPUTS/RAW/01_training_dataset_tif_ROIs/training_set_primary_roi_097.tif","434.9594494047619","621.9081101190476","435.3636474609375","620.0908813476562","[[435.3636474609375, 620.0908813476562]]","1","lymphocyte","train","gt"
"training_set_metastatic_roi_012:348","training_set_metastatic_roi_012","training_set_metastatic_roi_012","/content/drive/MyDrive/Research/PUMA/PUMA_STAGE2_COLAB/INPUTS/RAW/01_training_dataset_tif_ROIs/training_set_metastatic_roi_012.tif","883.2026748971194","202.97222222222223","881.4347534179688","202.30435180664062","[[881.4347534179688, 202.30435180664062]]","1","lymphocyte","train","gt"
"training_set_metastatic_roi_042:161","training_set_metastatic_roi_042","training_set_metastatic_roi_042","/content/drive/MyDrive/Research/PUMA/PUMA_STAGE2_COLAB/INPUTS/RAW/01_training_dataset_tif_ROIs/training_set_metastatic_roi_042.tif","51.6378896882494","456.68345323741005","51.68421173095703","456.3157958984375","[[51.68421173095703, 456.3157958984375]]","1","lymphocyte","train","gt"
"training_set_primary_roi_084:262","training_set_primary_roi_084","training_set_primary_roi_084","/content/drive/MyDrive/Research/PUMA/PUMA_STAGE2_COLAB/INPUTS/RAW/01_training_dataset_tif_ROIs/training_set_primary_roi_084.tif","584.9796380090497","648.8103318250378","585.7428588867188","649.2000122070312","[[585.7428588867188, 649.2000122070312]]","1","lymphocyte","train","gt"
"training_set_metastatic_roi_075:215","training_set_metastatic_roi_075","training_set_metastatic_roi_075","/content/drive/MyDrive/Research/PUMA/PUMA_STAGE2_COLAB/INPUTS/RAW/01_training_dataset_tif_ROIs/training_set_metastatic_roi_075.tif","111.63455657492354","749.559633027523","110.47618865966797","749.047607421875","[[110.47618865966797, 749.047607421875]]","1","lymphocyte","train","gt"
"training_set_primary_roi_023:60","training_set_primary_roi_023","training_set_primary_roi_023","/content/drive/MyDrive/Research/PUMA/PUMA_STAGE2_COLAB/INPUTS/RAW/01_training_dataset_tif_ROIs/training_set_primary_roi_023.tif","910.6570458404075","135.9881154499151","909.8919067382812","136.7567596435547","[[909.8919067382812, 136.7567596435547]]","1","lymphocyte","train","gt"
"training_set_metastatic_roi_011:111","training_set_metastatic_roi_011","training_set_metastatic_roi_011","/content/drive/MyDrive/Research/PUMA/PUMA_STAGE2_COLAB/INPUTS/RAW/01_training_dataset_tif_ROIs/training_set_metastatic_roi_011.tif","387.5093632958802","740.6997503121099","387.23529052734375","741.11767578125","[[387.23529052734375, 741.11767578125]]","1","lymphocyte","train","gt"
"training_set_metastatic_roi_016:256","training_set_metastatic_roi_016","training_set_metastatic_roi_016","/content/drive/MyDrive/Research/PUMA/PUMA_STAGE2_COLAB/INPUTS/RAW/01_training_dataset_tif_ROIs/training_set_metastatic_roi_016.tif","43.586754241926656","471.9425287356322","42.77777862548828","472.5","[[42.77777862548828, 472.5]]","1","lymphocyte","train","gt"
"training_set_primary_roi_056:15","training_set_primary_roi_056","training_set_primary_roi_056","/content/drive/MyDrive/Research/PUMA/PUMA_STAGE2_COLAB/INPUTS/RAW/01_training_dataset_tif_ROIs/training_set_primary_roi_056.tif","108.56592039800995","20.20771144278607","109.18181610107422","18.272727966308594","[[109.18181610107422, 18.272727966308594]]","1","lymphocyte","train","gt"
"training_set_primary_roi_043:592","training_set_primary_roi_043","training_set_primary_roi_043","/content/drive/MyDrive/Research/PUMA/PUMA_STAGE2_COLAB/INPUTS/RAW/01_training_dataset_tif_ROIs/training_set_primary_roi_043.tif","159.26411657559197","2.3934426229508197","158.35000610351562","3.0","[[158.35000610351562, 3.0]]","1","lymphocyte","train","gt"
"training_set_metastatic_roi_052:127","training_set_metastatic_roi_052","training_set_metastatic_roi_052","/content/drive/MyDrive/Research/PUMA/PUMA_STAGE2_COLAB/INPUTS/RAW/01_training_dataset_tif_ROIs/training_set_metastatic_roi_052.tif","245.3701784686241","738.3321819228555","244.78378295898438","738.45947265625","[[244.78378295898438, 738.45947265625]]","1","lymphocyte","train","gt"
"training_set_primary_roi_049:291","training_set_primary_roi_049","training_set_primary_roi_049","/content/drive/MyDrive/Research/PUMA/PUMA_STAGE2_COLAB/INPUTS/RAW/01_training_dataset_tif_ROIs/training_set_primary_roi_049.tif","213.53565768621237","686.83676703645","213.5","686.0999755859375","[[213.5, 686.0999755859375]]","1","lymphocyte","train","gt"
"training_set_primary_roi_026:63","training_set_primary_roi_026","training_set_primary_roi_026","/content/drive/MyDrive/Research/PUMA/PUMA_STAGE2_COLAB/INPUTS/RAW/01_training_dataset_tif_ROIs/training_set_primary_roi_026.tif","146.67578772802653","229.90630182421225","146.84210205078125","229.84210205078125","[[146.84210205078125, 229.84210205078125]]","1","lymphocyte","train","gt"
"training_set_primary_roi_074:468","training_set_primary_roi_074","training_set_primary_roi_074","/content/drive/MyDrive/Research/PUMA/PUMA_STAGE2_COLAB/INPUTS/RAW/01_training_dataset_tif_ROIs/training_set_primary_roi_074.tif","871.0692307692308","532.1538461538462","871.0","532.8666381835938","[[871.0, 532.8666381835938]]","1","lymphocyte","train","gt"
"training_set_metastatic_roi_043:179","training_set_metastatic_roi_043","training_set_metastatic_roi_043","/content/drive/MyDrive/Research/PUMA/PUMA_STAGE2_COLAB/INPUTS/RAW/01_training_dataset_tif_ROIs/training_set_metastatic_roi_043.tif","894.6270066100094","841.923984891407","894.8965454101562","841.413818359375","[[894.8965454101562, 841.413818359375]]","1","lymphocyte","train","gt"
"training_set_metastatic_roi_091:178","training_set_metastatic_roi_091","training_set_metastatic_roi_091","/content/drive/MyDrive/Research/PUMA/PUMA_STAGE2_COLAB/INPUTS/RAW/01_training_dataset_tif_ROIs/training_set_metastatic_roi_091.tif","129.5028386050284","86.63909164639091","128.8000030517578","86.4000015258789","[[128.8000030517578, 86.4000015258789]]","1","lymphocyte","train","gt"
"training_set_metastatic_roi_055:307","training_set_metastatic_roi_055","training_set_metastatic_roi_055","/content/drive/MyDrive/Research/PUMA/PUMA_STAGE2_COLAB/INPUTS/RAW/01_training_dataset_tif_ROIs/training_set_metastatic_roi_055.tif","605.3254480286738","272.28602150537637","605.0","271.67999267578125","[[605.0, 271.67999267578125]]","1","lymphocyte","train","gt"
"training_set_primary_roi_030:121","training_set_primary_roi_030","training_set_primary_roi_030","/content/drive/MyDrive/Research/PUMA/PUMA_STAGE2_COLAB/INPUTS/RAW/01_training_dataset_tif_ROIs/training_set_primary_roi_030.tif","803.0826446280992","644.7169421487604","801.933349609375","643.3778076171875","[[801.933349609375, 643.3778076171875]]","1","lymphocyte","train","gt"
"training_set_primary_roi_028:204","training_set_primary_roi_028","training_set_primary_roi_028","/content/drive/MyDrive/Research/PUMA/PUMA_STAGE2_COLAB/INPUTS/RAW/01_training_dataset_tif_ROIs/training_set_primary_roi_028.tif","67.02444794952682","867.8919558359621","66.34091186523438","868.8181762695312","[[66.34091186523438, 868.8181762695312]]","1","lymphocyte","train","gt"
"training_set_metastatic_roi_005:157","training_set_metastatic_roi_005","training_set_metastatic_roi_005","/content/drive/MyDrive/Research/PUMA/PUMA_STAGE2_COLAB/INPUTS/RAW/01_training_dataset_tif_ROIs/training_set_metastatic_roi_005.tif","814.793187347932","253.2257907542579","812.6785888671875","254.85714721679688","[[812.6785888671875, 254.85714721679688]]","1","lymphocyte","train","gt"
"training_set_primary_roi_001:324","training_set_primary_roi_001","training_set_primary_roi_001","/content/drive/MyDrive/Research/PUMA/PUMA_STAGE2_COLAB/INPUTS/RAW/01_training_dataset_tif_ROIs/training_set_primary_roi_001.tif","636.4033485540335","574.9048706240487","634.6956787109375","574.2174072265625","[[634.6956787109375, 574.2174072265625]]","1","lymphocyte","train","gt"
"training_set_primary_roi_005:292","training_set_primary_roi_005","training_set_primary_roi_005","/content/drive/MyDrive/Research/PUMA/PUMA_STAGE2_COLAB/INPUTS/RAW/01_training_dataset_tif_ROIs/training_set_primary_roi_005.tif","874.8975409836065","568.2377049180328","874.6666870117188","568.6666870117188","[[874.6666870117188, 568.6666870117188]]","1","lymphocyte","train","gt"
"training_set_primary_roi_100:412","training_set_primary_roi_100","training_set_primary_roi_100","/content/drive/MyDrive/Research/PUMA/PUMA_STAGE2_COLAB/INPUTS/RAW/01_training_dataset_tif_ROIs/training_set_primary_roi_100.tif","700.9953409572215","960.3583227445997","701.0999755859375","959.6375122070312","[[701.0999755859375, 959.6375122070312]]","1","lymphocyte","train","gt"
"training_set_metastatic_roi_027:271","training_set_metastatic_roi_027","training_set_metastatic_roi_027","/content/drive/MyDrive/Research/PUMA/PUMA_STAGE2_COLAB/INPUTS/RAW/01_training_dataset_tif_ROIs/training_set_metastatic_roi_027.tif","187.99015990159901","772.469864698647","186.95237731933594","771.5714111328125","[[186.95237731933594, 771.5714111328125]]","1","lymphocyte","train","gt"
"training_set_metastatic_roi_069:183","training_set_metastatic_roi_069","training_set_metastatic_roi_069","/content/drive/MyDrive/Research/PUMA/PUMA_STAGE2_COLAB/INPUTS/RAW/01_training_dataset_tif_ROIs/training_set_metastatic_roi_069.tif","561.9184455391352","329.0","562.6764526367188","327.73529052734375","[[562.6764526367188, 327.73529052734375]]","1","lymphocyte","train","gt"
"training_set_metastatic_roi_057:131","training_set_metastatic_roi_057","training_set_metastatic_roi_057","/content/drive/MyDrive/Research/PUMA/PUMA_STAGE2_COLAB/INPUTS/RAW/01_training_dataset_tif_ROIs/training_set_metastatic_roi_057.tif","680.325513196481","219.60117302052785","680.8076782226562","218.96153259277344","[[680.8076782226562, 218.96153259277344]]","1","lymphocyte","train","gt"
"training_set_metastatic_roi_007:227","training_set_metastatic_roi_007","training_set_metastatic_roi_007","/content/drive/MyDrive/Research/PUMA/PUMA_STAGE2_COLAB/INPUTS/RAW/01_training_dataset_tif_ROIs/training_set_metastatic_roi_007.tif","379.31716417910445","327.7910447761194","376.629638671875","326.629638671875","[[376.629638671875, 326.629638671875]]","1","lymphocyte","train","gt"
"training_set_primary_roi_017:73","training_set_primary_roi_017","training_set_primary_roi_017","/content/drive/MyDrive/Research/PUMA/PUMA_STAGE2_COLAB/INPUTS/RAW/01_training_dataset_tif_ROIs/training_set_primary_roi_017.tif","952.440404040404","225.46531986531986","952.2999877929688","224.60000610351562","[[952.2999877929688, 224.60000610351562]]","1","lymphocyte","train","gt"
"training_set_metastatic_roi_063:338","training_set_metastatic_roi_063","training_set_metastatic_roi_063","/content/drive/MyDrive/Research/PUMA/PUMA_STAGE2_COLAB/INPUTS/RAW/01_training_dataset_tif_ROIs/training_set_metastatic_roi_063.tif","518.6425269645608","560.316897791474","518.3666381835938","558.7333374023438","[[518.3666381835938, 558.7333374023438]]","1","lymphocyte","train","gt"
"training_set_primary_roi_047:454","training_set_primary_roi_047","training_set_primary_roi_047","/content/drive/MyDrive/Research/PUMA/PUMA_STAGE2_COLAB/INPUTS/RAW/01_training_dataset_tif_ROIs/training_set_primary_roi_047.tif","520.5918458781362","513.3508064516129","521.4000244140625","511.3999938964844","[[521.4000244140625, 511.3999938964844]]","1","lymphocyte","train","gt"
"training_set_metastatic_roi_073:364","training_set_metastatic_roi_073","training_set_metastatic_roi_073","/content/drive/MyDrive/Research/PUMA/PUMA_STAGE2_COLAB/INPUTS/RAW/01_training_dataset_tif_ROIs/training_set_metastatic_roi_073.tif","74.28044280442805","252.50676506765066","74.0","250.90625","[[74.0, 250.90625]]","1","lymphocyte","train","gt"
"training_set_primary_roi_031:75","training_set_primary_roi_031","training_set_primary_roi_031","/content/drive/MyDrive/Research/PUMA/PUMA_STAGE2_COLAB/INPUTS/RAW/01_training_dataset_tif_ROIs/training_set_primary_roi_031.tif","26.51732256979482","148.11839892364617","26.30769157409668","146.64102172851562","[[26.30769157409668, 146.64102172851562]]","1","lymphocyte","train","gt"
"training_set_metastatic_roi_004:389","training_set_metastatic_roi_004","training_set_metastatic_roi_004","/content/drive/MyDrive/Research/PUMA/PUMA_STAGE2_COLAB/INPUTS/RAW/01_training_dataset_tif_ROIs/training_set_metastatic_roi_004.tif","690.0161812297736","699.945792880259","690.5238037109375","699.5714111328125","[[690.5238037109375, 699.5714111328125]]","1","lymphocyte","train","gt"
"training_set_primary_roi_045:65","training_set_primary_roi_045","training_set_primary_roi_045","/content/drive/MyDrive/Research/PUMA/PUMA_STAGE2_COLAB/INPUTS/RAW/01_training_dataset_tif_ROIs/training_set_primary_roi_045.tif","786.8123419322205","63.22458270106222","788.6363525390625","61.227272033691406","[[788.6363525390625, 61.227272033691406]]","1","lymphocyte","train","gt"
"training_set_primary_roi_033:280","training_set_primary_roi_033","training_set_primary_roi_033","/content/drive/MyDrive/Research/PUMA/PUMA_STAGE2_COLAB/INPUTS/RAW/01_training_dataset_tif_ROIs/training_set_primary_roi_033.tif","700.4808409630383","852.1430993557137","701.1591186523438","852.727294921875","[[701.1591186523438, 852.727294921875]]","1","lymphocyte","train","gt"
"training_set_metastatic_roi_028:563","training_set_metastatic_roi_028","training_set_metastatic_roi_028","/content/drive/MyDrive/Research/PUMA/PUMA_STAGE2_COLAB/INPUTS/RAW/01_training_dataset_tif_ROIs/training_set_metastatic_roi_028.tif","764.4395833333333","321.5885416666667","763.8939208984375","320.1212158203125","[[763.8939208984375, 320.1212158203125]]","1","lymphocyte","train","gt"
"training_set_primary_roi_048:29","training_set_primary_roi_048","training_set_primary_roi_048","/content/drive/MyDrive/Research/PUMA/PUMA_STAGE2_COLAB/INPUTS/RAW/01_training_dataset_tif_ROIs/training_set_primary_roi_048.tif","211.91677617170387","42.42750766535261","211.60000610351562","41.20000076293945","[[211.60000610351562, 41.20000076293945]]","1","lymphocyte","train","gt"
"training_set_primary_roi_090:76","training_set_primary_roi_090","training_set_primary_roi_090","/content/drive/MyDrive/Research/PUMA/PUMA_STAGE2_COLAB/INPUTS/RAW/01_training_dataset_tif_ROIs/training_set_primary_roi_090.tif","595.8916349809886","1011.0494296577947","596.6857299804688","1010.8571166992188","[[596.6857299804688, 1010.8571166992188]]","1","lymphocyte","train","gt"
"training_set_metastatic_roi_006:220","training_set_metastatic_roi_006","training_set_metastatic_roi_006","/content/drive/MyDrive/Research/PUMA/PUMA_STAGE2_COLAB/INPUTS/RAW/01_training_dataset_tif_ROIs/training_set_metastatic_roi_006.tif","30.40192926045016","815.4555198285102","30.210525512695312","817.0526123046875","[[30.210525512695312, 817.0526123046875]]","1","lymphocyte","train","gt"
"training_set_primary_roi_004:157","training_set_primary_roi_004","training_set_primary_roi_004","/content/drive/MyDrive/Research/PUMA/PUMA_STAGE2_COLAB/INPUTS/RAW/01_training_dataset_tif_ROIs/training_set_primary_roi_004.tif","259.0702614379085","544.9550653594771","260.0","545.9629516601562","[[260.0, 545.9629516601562]]","1","lymphocyte","train","gt"
"training_set_primary_roi_094:98","training_set_primary_roi_094","training_set_primary_roi_094","/content/drive/MyDrive/Research/PUMA/PUMA_STAGE2_COLAB/INPUTS/RAW/01_training_dataset_tif_ROIs/training_set_primary_roi_094.tif","154.5581947743468","166.49247822644497","154.10000610351562","164.6999969482422","[[154.10000610351562, 164.6999969482422]]","1","lymphocyte","train","gt"
"training_set_primary_roi_051:325","training_set_primary_roi_051","training_set_primary_roi_051","/content/drive/MyDrive/Research/PUMA/PUMA_STAGE2_COLAB/INPUTS/RAW/01_training_dataset_tif_ROIs/training_set_primary_roi_051.tif","443.6162570888469","957.3787019533711","442.8999938964844","956.5999755859375","[[442.8999938964844, 956.5999755859375]]","1","lymphocyte","train","gt"
"training_set_primary_roi_103:333","training_set_primary_roi_103","training_set_primary_roi_103","/content/drive/MyDrive/Research/PUMA/PUMA_STAGE2_COLAB/INPUTS/RAW/01_training_dataset_tif_ROIs/training_set_primary_roi_103.tif","126.35645933014354","882.8157894736842","125.8484878540039","882.242431640625","[[125.8484878540039, 882.242431640625]]","1","lymphocyte","train","gt"
"training_set_metastatic_roi_003:85","training_set_metastatic_roi_003","training_set_metastatic_roi_003","/content/drive/MyDrive/Research/PUMA/PUMA_STAGE2_COLAB/INPUTS/RAW/01_training_dataset_tif_ROIs/training_set_metastatic_roi_003.tif","785.4973241590213","215.34327217125383","786.5","215.1842041015625","[[786.5, 215.1842041015625]]","1","lymphocyte","train","gt"
"training_set_metastatic_roi_045:185","training_set_metastatic_roi_045","training_set_metastatic_roi_045","/content/drive/MyDrive/Research/PUMA/PUMA_STAGE2_COLAB/INPUTS/RAW/01_training_dataset_tif_ROIs/training_set_metastatic_roi_045.tif","317.67215363511656","899.9375857338821","318.10345458984375","900.9310302734375","[[318.10345458984375, 900.9310302734375]]","1","lymphocyte","train","gt"
"training_set_metastatic_roi_092:189","training_set_metastatic_roi_092","training_set_metastatic_roi_092","/content/drive/MyDrive/Research/PUMA/PUMA_STAGE2_COLAB/INPUTS/RAW/01_training_dataset_tif_ROIs/training_set_metastatic_roi_092.tif","616.6380952380953","571.9809523809524","616.3529663085938","572.2941284179688","[[616.3529663085938, 572.2941284179688]]","1","lymphocyte","train","gt"
"training_set_primary_roi_093:316","training_set_primary_roi_093","training_set_primary_roi_093","/content/drive/MyDrive/Research/PUMA/PUMA_STAGE2_COLAB/INPUTS/RAW/01_training_dataset_tif_ROIs/training_set_primary_roi_093.tif","355.6099732858415","589.406945681211","354.4166564941406","588.75","[[354.4166564941406, 588.75]]","1","lymphocyte","train","gt"
"training_set_primary_roi_041:38","training_set_primary_roi_041","training_set_primary_roi_041","/content/drive/MyDrive/Research/PUMA/PUMA_STAGE2_COLAB/INPUTS/RAW/01_training_dataset_tif_ROIs/training_set_primary_roi_041.tif","234.80607315389923","53.3264320220842","234.1923065185547","53.38461685180664","[[234.1923065185547, 53.38461685180664]]","1","lymphocyte","train","gt"
"training_set_metastatic_roi_099:219","training_set_metastatic_roi_099","training_set_metastatic_roi_099","/content/drive/MyDrive/Research/PUMA/PUMA_STAGE2_COLAB/INPUTS/RAW/01_training_dataset_tif_ROIs/training_set_metastatic_roi_099.tif","863.190586419753","907.3657407407408","863.8214111328125","905.8928833007812","[[863.8214111328125, 905.8928833007812]]","1","lymphocyte","train","gt"
"training_set_primary_roi_055:199","training_set_primary_roi_055","training_set_primary_roi_055","/content/drive/MyDrive/Research/PUMA/PUMA_STAGE2_COLAB/INPUTS/RAW/01_training_dataset_tif_ROIs/training_set_primary_roi_055.tif","487.73205741626793","533.0055821371611","488.0769348144531","531.4615478515625","[[488.0769348144531, 531.4615478515625]]","1","lymphocyte","train","gt"
"training_set_metastatic_roi_064:345","training_set_metastatic_roi_064","training_set_metastatic_roi_064","/content/drive/MyDrive/Research/PUMA/PUMA_STAGE2_COLAB/INPUTS/RAW/01_training_dataset_tif_ROIs/training_set_metastatic_roi_064.tif","540.9089026915113","589.8835978835979","541.2083129882812","590.0","[[541.2083129882812, 590.0]]","2","plasma_cell","train","gt"
"training_set_primary_roi_033:307","training_set_primary_roi_033","training_set_primary_roi_033","/content/drive/MyDrive/Research/PUMA/PUMA_STAGE2_COLAB/INPUTS/RAW/01_training_dataset_tif_ROIs/training_set_primary_roi_033.tif","569.3512154233026","913.5378597373568","569.1153564453125","911.1346435546875","[[569.1153564453125, 911.1346435546875]]","2","plasma_cell","train","gt"
"training_set_metastatic_roi_027:366","training_set_metastatic_roi_027","training_set_metastatic_roi_027","/content/drive/MyDrive/Research/PUMA/PUMA_STAGE2_COLAB/INPUTS/RAW/01_training_dataset_tif_ROIs/training_set_metastatic_roi_027.tif","975.2528455284553","968.4724661246613","976.4500122070312","966.2100219726562","[[976.4500122070312, 966.2100219726562]]","2","plasma_cell","train","gt"
"training_set_metastatic_roi_057:504","training_set_metastatic_roi_057","training_set_metastatic_roi_057","/content/drive/MyDrive/Research/PUMA/PUMA_STAGE2_COLAB/INPUTS/RAW/01_training_dataset_tif_ROIs/training_set_metastatic_roi_057.tif","567.1368010543006","496.36930343769274","566.1819458007812","497.04022216796875","[[566.1819458007812, 497.04022216796875]]","2","plasma_cell","train","gt"
"training_set_metastatic_roi_055:632","training_set_metastatic_roi_055","training_set_metastatic_roi_055","/content/drive/MyDrive/Research/PUMA/PUMA_STAGE2_COLAB/INPUTS/RAW/01_training_dataset_tif_ROIs/training_set_metastatic_roi_055.tif","79.77649122807019","658.3554385964912","79.10810852050781","657.810791015625","[[79.10810852050781, 657.810791015625]]","2","plasma_cell","train","gt"
"training_set_primary_roi_049:364","training_set_primary_roi_049","training_set_primary_roi_049","/content/drive/MyDrive/Research/PUMA/PUMA_STAGE2_COLAB/INPUTS/RAW/01_training_dataset_tif_ROIs/training_set_primary_roi_049.tif","221.63883089770354","870.3340292275574","221.55555725097656","869.4444580078125","[[221.55555725097656, 869.4444580078125]]","2","plasma_cell","train","gt"
"training_set_primary_roi_048:416","training_set_primary_roi_048","training_set_primary_roi_048","/content/drive/MyDrive/Research/PUMA/PUMA_STAGE2_COLAB/INPUTS/RAW/01_training_dataset_tif_ROIs/training_set_primary_roi_048.tif","514.6402877697842","557.9262589928057","515.3333129882812","556.3333129882812","[[515.3333129882812, 556.3333129882812]]","2","plasma_cell","train","gt"
"training_set_primary_roi_100:140","training_set_primary_roi_100","training_set_primary_roi_100","/content/drive/MyDrive/Research/PUMA/PUMA_STAGE2_COLAB/INPUTS/RAW/01_training_dataset_tif_ROIs/training_set_primary_roi_100.tif","871.9086312748284","390.23690863127484","872.3513793945312","390.4053955078125","[[872.3513793945312, 390.4053955078125]]","2","plasma_cell","train","gt"
"training_set_metastatic_roi_014:459","training_set_metastatic_roi_014","training_set_metastatic_roi_014","/content/drive/MyDrive/Research/PUMA/PUMA_STAGE2_COLAB/INPUTS/RAW/01_training_dataset_tif_ROIs/training_set_metastatic_roi_014.tif","953.474054629841","841.4825001902153","955.2454833984375","838.3181762695312","[[955.2454833984375, 838.3181762695312]]","2","plasma_cell","train","gt"
"training_set_metastatic_roi_007:105","training_set_metastatic_roi_007","training_set_metastatic_roi_007","/content/drive/MyDrive/Research/PUMA/PUMA_STAGE2_COLAB/INPUTS/RAW/01_training_dataset_tif_ROIs/training_set_metastatic_roi_007.tif","618.2271859488354","735.4799541809851","618.8928833007812","733.75","[[618.8928833007812, 733.75]]","2","plasma_cell","train","gt"
"training_set_primary_roi_055:373","training_set_primary_roi_055","training_set_primary_roi_055","/content/drive/MyDrive/Research/PUMA/PUMA_STAGE2_COLAB/INPUTS/RAW/01_training_dataset_tif_ROIs/training_set_primary_roi_055.tif","362.6955128205128","774.6304240631164","363.20001220703125","774.4666748046875","[[363.20001220703125, 774.4666748046875]]","2","plasma_cell","train","gt"
"training_set_primary_roi_041:28","training_set_primary_roi_041","training_set_primary_roi_041","/content/drive/MyDrive/Research/PUMA/PUMA_STAGE2_COLAB/INPUTS/RAW/01_training_dataset_tif_ROIs/training_set_primary_roi_041.tif","962.7","44.81784511784512","960.138916015625","44.05555725097656","[[960.138916015625, 44.05555725097656]]","2","plasma_cell","train","gt"
"training_set_metastatic_roi_043:223","training_set_metastatic_roi_043","training_set_metastatic_roi_043","/content/drive/MyDrive/Research/PUMA/PUMA_STAGE2_COLAB/INPUTS/RAW/01_training_dataset_tif_ROIs/training_set_metastatic_roi_043.tif","953.8961823674815","889.4634715737435","956.6414794921875","889.6509399414062","[[956.6414794921875, 889.6509399414062]]","2","plasma_cell","train","gt"
"training_set_metastatic_roi_016:237","training_set_metastatic_roi_016","training_set_metastatic_roi_016","/content/drive/MyDrive/Research/PUMA/PUMA_STAGE2_COLAB/INPUTS/RAW/01_training_dataset_tif_ROIs/training_set_metastatic_roi_016.tif","174.96315944591808","754.3311229000884","175.0","754.0350952148438","[[175.0, 754.0350952148438]]","2","plasma_cell","train","gt"
"training_set_metastatic_roi_073:745","training_set_metastatic_roi_073","training_set_metastatic_roi_073","/content/drive/MyDrive/Research/PUMA/PUMA_STAGE2_COLAB/INPUTS/RAW/01_training_dataset_tif_ROIs/training_set_metastatic_roi_073.tif","664.6749881122207","573.4037089871612","664.7944946289062","571.890380859375","[[664.7944946289062, 571.890380859375]]","2","plasma_cell","train","gt"
"training_set_primary_roi_017:321","training_set_primary_roi_017","training_set_primary_roi_017","/content/drive/MyDrive/Research/PUMA/PUMA_STAGE2_COLAB/INPUTS/RAW/01_training_dataset_tif_ROIs/training_set_primary_roi_017.tif","881.7617370892019","324.0176056338028","883.6724243164062","325.25860595703125","[[883.6724243164062, 325.25860595703125]]","2","plasma_cell","train","gt"
"training_set_metastatic_roi_028:600","training_set_metastatic_roi_028","training_set_metastatic_roi_028","/content/drive/MyDrive/Research/PUMA/PUMA_STAGE2_COLAB/INPUTS/RAW/01_training_dataset_tif_ROIs/training_set_metastatic_roi_028.tif","21.832535206744282","191.90147464204472","20.468355178833008","191.5020294189453","[[20.468355178833008, 191.5020294189453]]","2","plasma_cell","train","gt"
"training_set_metastatic_roi_027:365","training_set_metastatic_roi_027","training_set_metastatic_roi_027","/content/drive/MyDrive/Research/PUMA/PUMA_STAGE2_COLAB/INPUTS/RAW/01_training_dataset_tif_ROIs/training_set_metastatic_roi_027.tif","946.9108491180863","1003.0551610118167","944.7777099609375","1004.4931030273438","[[944.7777099609375, 1004.4931030273438]]","2","plasma_cell","train","gt"
"training_set_metastatic_roi_057:289","training_set_metastatic_roi_057","training_set_metastatic_roi_057","/content/drive/MyDrive/Research/PUMA/PUMA_STAGE2_COLAB/INPUTS/RAW/01_training_dataset_tif_ROIs/training_set_metastatic_roi_057.tif","888.4924092409241","632.2145214521452","888.26318359375","631.7105102539062","[[888.26318359375, 631.7105102539062]]","2","plasma_cell","train","gt"
"training_set_metastatic_roi_055:665","training_set_metastatic_roi_055","training_set_metastatic_roi_055","/content/drive/MyDrive/Research/PUMA/PUMA_STAGE2_COLAB/INPUTS/RAW/01_training_dataset_tif_ROIs/training_set_metastatic_roi_055.tif","91.43849206349206","688.2751322751324","90.55172729492188","686.6896362304688","[[90.55172729492188, 686.6896362304688]]","2","plasma_cell","train","gt"
"training_set_primary_roi_048:468","training_set_primary_roi_048","training_set_primary_roi_048","/content/drive/MyDrive/Research/PUMA/PUMA_STAGE2_COLAB/INPUTS/RAW/01_training_dataset_tif_ROIs/training_set_primary_roi_048.tif","502.8314485729672","617.182014001077","502.0","615.5","[[502.0, 615.5]]","2","plasma_cell","train","gt"
"training_set_metastatic_roi_014:473","training_set_metastatic_roi_014","training_set_metastatic_roi_014","/content/drive/MyDrive/Research/PUMA/PUMA_STAGE2_COLAB/INPUTS/RAW/01_training_dataset_tif_ROIs/training_set_metastatic_roi_014.tif","306.35659287776707","117.83734359961501","305.0793762207031","120.22222137451172","[[305.0793762207031, 120.22222137451172]]","2","plasma_cell","train","gt"
"training_set_metastatic_roi_007:142","training_set_metastatic_roi_007","training_set_metastatic_roi_007","/content/drive/MyDrive/Research/PUMA/PUMA_STAGE2_COLAB/INPUTS/RAW/01_training_dataset_tif_ROIs/training_set_metastatic_roi_007.tif","180.97493992447647","81.76622039134912","180.54286193847656","80.57142639160156","[[180.54286193847656, 80.57142639160156]]","2","plasma_cell","train","gt"
"training_set_primary_roi_055:424","training_set_primary_roi_055","training_set_primary_roi_055","/content/drive/MyDrive/Research/PUMA/PUMA_STAGE2_COLAB/INPUTS/RAW/01_training_dataset_tif_ROIs/training_set_primary_roi_055.tif","937.1248111211846","849.1154427319432","936.6428833007812","849.2142944335938","[[936.6428833007812, 849.2142944335938]]","2","plasma_cell","train","gt"
"training_set_metastatic_roi_043:158","training_set_metastatic_roi_043","training_set_metastatic_roi_043","/content/drive/MyDrive/Research/PUMA/PUMA_STAGE2_COLAB/INPUTS/RAW/01_training_dataset_tif_ROIs/training_set_metastatic_roi_043.tif","901.0570342205323","777.280608365019","901.978271484375","775.0869750976562","[[901.978271484375, 775.0869750976562]]","2","plasma_cell","train","gt"
"training_set_metastatic_roi_016:373","training_set_metastatic_roi_016","training_set_metastatic_roi_016","/content/drive/MyDrive/Research/PUMA/PUMA_STAGE2_COLAB/INPUTS/RAW/01_training_dataset_tif_ROIs/training_set_metastatic_roi_016.tif","251.7350892468437","715.3327528660571","251.31394958496094","714.2092895507812","[[251.31394958496094, 714.2092895507812]]","2","plasma_cell","train","gt"
"training_set_metastatic_roi_073:746","training_set_metastatic_roi_073","training_set_metastatic_roi_073","/content/drive/MyDrive/Research/PUMA/PUMA_STAGE2_COLAB/INPUTS/RAW/01_training_dataset_tif_ROIs/training_set_metastatic_roi_073.tif","413.82254853160777","556.3912394225983","413.1309509277344","557.1428833007812","[[413.1309509277344, 557.1428833007812]]","2","plasma_cell","train","gt"
"training_set_metastatic_roi_028:594","training_set_metastatic_roi_028","training_set_metastatic_roi_028","/content/drive/MyDrive/Research/PUMA/PUMA_STAGE2_COLAB/INPUTS/RAW/01_training_dataset_tif_ROIs/training_set_metastatic_roi_028.tif","556.6574478408539","887.8859776807375","555.5","886.1578979492188","[[555.5, 886.1578979492188]]","2","plasma_cell","train","gt"
"training_set_metastatic_roi_027:233","training_set_metastatic_roi_027","training_set_metastatic_roi_027","/content/drive/MyDrive/Research/PUMA/PUMA_STAGE2_COLAB/INPUTS/RAW/01_training_dataset_tif_ROIs/training_set_metastatic_roi_027.tif","76.71621621621621","634.7651222651223","76.86111450195312","634.75","[[76.86111450195312, 634.75]]","2","plasma_cell","train","gt"
"training_set_metastatic_roi_057:304","training_set_metastatic_roi_057","training_set_metastatic_roi_057","/content/drive/MyDrive/Research/PUMA/PUMA_STAGE2_COLAB/INPUTS/RAW/01_training_dataset_tif_ROIs/training_set_metastatic_roi_057.tif","789.662100456621","63.66118721461187","789.5925903320312","65.48148345947266","[[789.5925903320312, 65.48148345947266]]","2","plasma_cell","train","gt"
"training_set_metastatic_roi_014:458","training_set_metastatic_roi_014","training_set_metastatic_roi_014","/content/drive/MyDrive/Research/PUMA/PUMA_STAGE2_COLAB/INPUTS/RAW/01_training_dataset_tif_ROIs/training_set_metastatic_roi_014.tif","736.4557913351016","907.3457117595049","735.137939453125","907.8275756835938","[[735.137939453125, 907.8275756835938]]","2","plasma_cell","train","gt"
"training_set_metastatic_roi_007:117","training_set_metastatic_roi_007","training_set_metastatic_roi_007","/content/drive/MyDrive/Research/PUMA/PUMA_STAGE2_COLAB/INPUTS/RAW/01_training_dataset_tif_ROIs/training_set_metastatic_roi_007.tif","264.4425874342309","209.94862271742494","264.3255920410156","208.8372039794922","[[264.3255920410156, 208.8372039794922]]","2","plasma_cell","train","gt"
"training_set_metastatic_roi_043:229","training_set_metastatic_roi_043","training_set_metastatic_roi_043","/content/drive/MyDrive/Research/PUMA/PUMA_STAGE2_COLAB/INPUTS/RAW/01_training_dataset_tif_ROIs/training_set_metastatic_roi_043.tif","993.9667836257311","915.607485380117","994.6734619140625","915.3265380859375","[[994.6734619140625, 915.3265380859375]]","2","plasma_cell","train","gt"
"training_set_metastatic_roi_016:371","training_set_metastatic_roi_016","training_set_metastatic_roi_016","/content/drive/MyDrive/Research/PUMA/PUMA_STAGE2_COLAB/INPUTS/RAW/01_training_dataset_tif_ROIs/training_set_metastatic_roi_016.tif","11.087991718426501","697.9824016563148","10.82608699798584","697.6087036132812","[[10.82608699798584, 697.6087036132812]]","2","plasma_cell","train","gt"
"training_set_metastatic_roi_028:602","training_set_metastatic_roi_028","training_set_metastatic_roi_028","/content/drive/MyDrive/Research/PUMA/PUMA_STAGE2_COLAB/INPUTS/RAW/01_training_dataset_tif_ROIs/training_set_metastatic_roi_028.tif","84.0099785584694","885.1232063334983","85.91345977783203","885.8076782226562","[[85.91345977783203, 885.8076782226562]]","2","plasma_cell","train","gt"
"training_set_metastatic_roi_057:350","training_set_metastatic_roi_057","training_set_metastatic_roi_057","/content/drive/MyDrive/Research/PUMA/PUMA_STAGE2_COLAB/INPUTS/RAW/01_training_dataset_tif_ROIs/training_set_metastatic_roi_057.tif","692.3033333333333","570.45","692.5","570.7692260742188","[[692.5, 570.7692260742188]]","2","plasma_cell","train","gt"
"training_set_metastatic_roi_043:166","training_set_metastatic_roi_043","training_set_metastatic_roi_043","/content/drive/MyDrive/Research/PUMA/PUMA_STAGE2_COLAB/INPUTS/RAW/01_training_dataset_tif_ROIs/training_set_metastatic_roi_043.tif","911.0353779002986","816.574546289915","912.9622802734375","816.9056396484375","[[912.9622802734375, 816.9056396484375]]","2","plasma_cell","train","gt"
"training_set_metastatic_roi_016:296","training_set_metastatic_roi_016","training_set_metastatic_roi_016","/content/drive/MyDrive/Research/PUMA/PUMA_STAGE2_COLAB/INPUTS/RAW/01_training_dataset_tif_ROIs/training_set_metastatic_roi_016.tif","99.62817362817363","743.1691236691237","99.65853881835938","743.0975341796875","[[99.65853881835938, 743.0975341796875]]","2","plasma_cell","train","gt"
"training_set_metastatic_roi_028:631","training_set_metastatic_roi_028","training_set_metastatic_roi_028","/content/drive/MyDrive/Research/PUMA/PUMA_STAGE2_COLAB/INPUTS/RAW/01_training_dataset_tif_ROIs/training_set_metastatic_roi_028.tif","332.06269241533727","381.4662748390708","333.1647033691406","382.4705810546875","[[333.1647033691406, 382.4705810546875]]","2","plasma_cell","train","gt"
"training_set_metastatic_roi_057:581","training_set_metastatic_roi_057","training_set_metastatic_roi_057","/content/drive/MyDrive/Research/PUMA/PUMA_STAGE2_COLAB/INPUTS/RAW/01_training_dataset_tif_ROIs/training_set_metastatic_roi_057.tif","766.7907009345794","513.1542867543883","766.8881225585938","513.473876953125","[[766.8881225585938, 513.473876953125]]","2","plasma_cell","train","gt"
"training_set_metastatic_roi_016:370","training_set_metastatic_roi_016","training_set_metastatic_roi_016","/content/drive/MyDrive/Research/PUMA/PUMA_STAGE2_COLAB/INPUTS/RAW/01_training_dataset_tif_ROIs/training_set_metastatic_roi_016.tif","8.127792672028596","794.0","9.800000190734863","793.4500122070312","[[9.800000190734863, 793.4500122070312]]","2","plasma_cell","train","gt"
"training_set_metastatic_roi_028:601","training_set_metastatic_roi_028","training_set_metastatic_roi_028","/content/drive/MyDrive/Research/PUMA/PUMA_STAGE2_COLAB/INPUTS/RAW/01_training_dataset_tif_ROIs/training_set_metastatic_roi_028.tif","70.04360257326663","166.33547772218253","68.30000305175781","168.0","[[68.30000305175781, 168.0]]","2","plasma_cell","train","gt"
"training_set_metastatic_roi_057:495","training_set_metastatic_roi_057","training_set_metastatic_roi_057","/content/drive/MyDrive/Research/PUMA/PUMA_STAGE2_COLAB/INPUTS/RAW/01_training_dataset_tif_ROIs/training_set_metastatic_roi_057.tif","728.6231647634584","404.2672648178358","729.3204956054688","404.6025695800781","[[729.3204956054688, 404.6025695800781]]","2","plasma_cell","train","gt"
"training_set_metastatic_roi_016:372","training_set_metastatic_roi_016","training_set_metastatic_roi_016","/content/drive/MyDrive/Research/PUMA/PUMA_STAGE2_COLAB/INPUTS/RAW/01_training_dataset_tif_ROIs/training_set_metastatic_roi_016.tif","8.774264382960036","759.5880544576197","10.448275566101074","757.862060546875","[[10.448275566101074, 757.862060546875]]","2","plasma_cell","train","gt"
"training_set_metastatic_roi_028:632","training_set_metastatic_roi_028","training_set_metastatic_roi_028","/content/drive/MyDrive/Research/PUMA/PUMA_STAGE2_COLAB/INPUTS/RAW/01_training_dataset_tif_ROIs/training_set_metastatic_roi_028.tif","220.67289466558353","357.5727051177904","223.28334045410156","357.5","[[223.28334045410156, 357.5]]","2","plasma_cell","train","gt"
"training_set_metastatic_roi_057:324","training_set_metastatic_roi_057","training_set_metastatic_roi_057","/content/drive/MyDrive/Research/PUMA/PUMA_STAGE2_COLAB/INPUTS/RAW/01_training_dataset_tif_ROIs/training_set_metastatic_roi_057.tif","399.6727642276423","896.2621951219512","400.42425537109375","896.3030395507812","[[400.42425537109375, 896.3030395507812]]","2","plasma_cell","train","gt"
"training_set_metastatic_roi_057:517","training_set_metastatic_roi_057","training_set_metastatic_roi_057","/content/drive/MyDrive/Research/PUMA/PUMA_STAGE2_COLAB/INPUTS/RAW/01_training_dataset_tif_ROIs/training_set_metastatic_roi_057.tif","400.19890510948903","935.3643552311436","399.11627197265625","933.18603515625","[[399.11627197265625, 933.18603515625]]","2","plasma_cell","train","gt"
"training_set_metastatic_roi_057:60","training_set_metastatic_roi_057","training_set_metastatic_roi_057","/content/drive/MyDrive/Research/PUMA/PUMA_STAGE2_COLAB/INPUTS/RAW/01_training_dataset_tif_ROIs/training_set_metastatic_roi_057.tif","736.4173789173789","142.7673314339981","735.9697265625","141.5454559326172","[[735.9697265625, 141.5454559326172]]","2","plasma_cell","train","gt"
"training_set_metastatic_roi_057:344","training_set_metastatic_roi_057","training_set_metastatic_roi_057","/content/drive/MyDrive/Research/PUMA/PUMA_STAGE2_COLAB/INPUTS/RAW/01_training_dataset_tif_ROIs/training_set_metastatic_roi_057.tif","804.5507575757575","514.6818181818181","803.727294921875","513.727294921875","[[803.727294921875, 513.727294921875]]","2","plasma_cell","train","gt"
"training_set_metastatic_roi_057:524","training_set_metastatic_roi_057","training_set_metastatic_roi_057","/content/drive/MyDrive/Research/PUMA/PUMA_STAGE2_COLAB/INPUTS/RAW/01_training_dataset_tif_ROIs/training_set_metastatic_roi_057.tif","83.13681027966743","772.1972789115646","82.33333587646484","772.0","[[82.33333587646484, 772.0]]","2","plasma_cell","train","gt"
"training_set_metastatic_roi_057:338","training_set_metastatic_roi_057","training_set_metastatic_roi_057","/content/drive/MyDrive/Research/PUMA/PUMA_STAGE2_COLAB/INPUTS/RAW/01_training_dataset_tif_ROIs/training_set_metastatic_roi_057.tif","841.8","428.9641577060932","840.8148193359375","428.59259033203125","[[840.8148193359375, 428.59259033203125]]","2","plasma_cell","train","gt"
"training_set_metastatic_roi_057:493","training_set_metastatic_roi_057","training_set_metastatic_roi_057","/content/drive/MyDrive/Research/PUMA/PUMA_STAGE2_COLAB/INPUTS/RAW/01_training_dataset_tif_ROIs/training_set_metastatic_roi_057.tif","770.545853926414","322.3720483250961","770.6029663085938","321.75","[[770.6029663085938, 321.75]]","2","plasma_cell","train","gt"
"training_set_metastatic_roi_057:570","training_set_metastatic_roi_057","training_set_metastatic_roi_057","/content/drive/MyDrive/Research/PUMA/PUMA_STAGE2_COLAB/INPUTS/RAW/01_training_dataset_tif_ROIs/training_set_metastatic_roi_057.tif","865.6000998956508","293.758774009108","867.356201171875","291.8235168457031","[[867.356201171875, 291.8235168457031]]","2","plasma_cell","train","gt"
"training_set_metastatic_roi_057:267","training_set_metastatic_roi_057","training_set_metastatic_roi_057","/content/drive/MyDrive/Research/PUMA/PUMA_STAGE2_COLAB/INPUTS/RAW/01_training_dataset_tif_ROIs/training_set_metastatic_roi_057.tif","887.0041101520757","439.1709823263461","887.7105102539062","438.84210205078125","[[887.7105102539062, 438.84210205078125]]","2","plasma_cell","train","gt"
"training_set_metastatic_roi_057:569","training_set_metastatic_roi_057","training_set_metastatic_roi_057","/content/drive/MyDrive/Research/PUMA/PUMA_STAGE2_COLAB/INPUTS/RAW/01_training_dataset_tif_ROIs/training_set_metastatic_roi_057.tif","900.8702190443764","283.586709794575","900.4769897460938","282.61492919921875","[[900.4769897460938, 282.61492919921875]]","2","plasma_cell","train","gt"
"training_set_metastatic_roi_057:99","training_set_metastatic_roi_057","training_set_metastatic_roi_057","/content/drive/MyDrive/Research/PUMA/PUMA_STAGE2_COLAB/INPUTS/RAW/01_training_dataset_tif_ROIs/training_set_metastatic_roi_057.tif","920.6500777604977","977.0502851218248","919.5833129882812","976.0277709960938","[[919.5833129882812, 976.0277709960938]]","2","plasma_cell","train","gt"
"training_set_metastatic_roi_057:397","training_set_metastatic_roi_057","training_set_metastatic_roi_057","/content/drive/MyDrive/Research/PUMA/PUMA_STAGE2_COLAB/INPUTS/RAW/01_training_dataset_tif_ROIs/training_set_metastatic_roi_057.tif","854.8105590062112","654.8612836438924","854.2999877929688","653.5999755859375","[[854.2999877929688, 653.5999755859375]]","2","plasma_cell","train","gt"
"training_set_metastatic_roi_057:507","training_set_metastatic_roi_057","training_set_metastatic_roi_057","/content/drive/MyDrive/Research/PUMA/PUMA_STAGE2_COLAB/INPUTS/RAW/01_training_dataset_tif_ROIs/training_set_metastatic_roi_057.tif","462.2678843226788","441.39817351598174","461.79071044921875","440.88372802734375","[[461.79071044921875, 440.88372802734375]]","2","plasma_cell","train","gt"
"training_set_metastatic_roi_057:39","training_set_metastatic_roi_057","training_set_metastatic_roi_057","/content/drive/MyDrive/Research/PUMA/PUMA_STAGE2_COLAB/INPUTS/RAW/01_training_dataset_tif_ROIs/training_set_metastatic_roi_057.tif","707.8719107896324","857.1952983725135","708.7428588867188","855.7999877929688","[[708.7428588867188, 855.7999877929688]]","2","plasma_cell","train","gt"
"training_set_metastatic_roi_057:577","training_set_metastatic_roi_057","training_set_metastatic_roi_057","/content/drive/MyDrive/Research/PUMA/PUMA_STAGE2_COLAB/INPUTS/RAW/01_training_dataset_tif_ROIs/training_set_metastatic_roi_057.tif","989.6606724003127","83.58144383633046","990.8729858398438","84.69841003417969","[[990.8729858398438, 84.69841003417969]]","2","plasma_cell","train","gt"
"training_set_metastatic_roi_057:373","training_set_metastatic_roi_057","training_set_metastatic_roi_057","/content/drive/MyDrive/Research/PUMA/PUMA_STAGE2_COLAB/INPUTS/RAW/01_training_dataset_tif_ROIs/training_set_metastatic_roi_057.tif","790.7990867579908","829.0403348554034","792.0869750976562","829.2174072265625","[[792.0869750976562, 829.2174072265625]]","2","plasma_cell","train","gt"
"training_set_metastatic_roi_057:472","training_set_metastatic_roi_057","training_set_metastatic_roi_057","/content/drive/MyDrive/Research/PUMA/PUMA_STAGE2_COLAB/INPUTS/RAW/01_training_dataset_tif_ROIs/training_set_metastatic_roi_057.tif","796.2925659472422","304.81534772182255","795.3043212890625","305.34783935546875","[[795.3043212890625, 305.34783935546875]]","2","plasma_cell","train","gt"
"training_set_metastatic_roi_057:265","training_set_metastatic_roi_057","training_set_metastatic_roi_057","/content/drive/MyDrive/Research/PUMA/PUMA_STAGE2_COLAB/INPUTS/RAW/01_training_dataset_tif_ROIs/training_set_metastatic_roi_057.tif","580.0588512241055","766.6497175141243","580.5999755859375","765.4000244140625","[[580.5999755859375, 765.4000244140625]]","2","plasma_cell","train","gt"
"training_set_metastatic_roi_057:321","training_set_metastatic_roi_057","training_set_metastatic_roi_057","/content/drive/MyDrive/Research/PUMA/PUMA_STAGE2_COLAB/INPUTS/RAW/01_training_dataset_tif_ROIs/training_set_metastatic_roi_057.tif","977.6770186335403","542.5434782608696","976.3939208984375","541.9091186523438","[[976.3939208984375, 541.9091186523438]]","2","plasma_cell","train","gt"
"training_set_metastatic_roi_057:601","training_set_metastatic_roi_057","training_set_metastatic_roi_057","/content/drive/MyDrive/Research/PUMA/PUMA_STAGE2_COLAB/INPUTS/RAW/01_training_dataset_tif_ROIs/training_set_metastatic_roi_057.tif","520.4444444444445","1004.3634992458522","520.5","1003.0999755859375","[[520.5, 1003.0999755859375]]","2","plasma_cell","train","gt"
"training_set_metastatic_roi_057:232","training_set_metastatic_roi_057","training_set_metastatic_roi_057","/content/drive/MyDrive/Research/PUMA/PUMA_STAGE2_COLAB/INPUTS/RAW/01_training_dataset_tif_ROIs/training_set_metastatic_roi_057.tif","532.37106918239","697.3229559748428","530.5484008789062","695.48388671875","[[530.5484008789062, 695.48388671875]]","2","plasma_cell","train","gt"
"training_set_metastatic_roi_057:551","training_set_metastatic_roi_057","training_set_metastatic_roi_057","/content/drive/MyDrive/Research/PUMA/PUMA_STAGE2_COLAB/INPUTS/RAW/01_training_dataset_tif_ROIs/training_set_metastatic_roi_057.tif","826.7551655327208","499.4378020543514","827.1768188476562","500.09356689453125","[[827.1768188476562, 500.09356689453125]]","2","plasma_cell","train","gt"
"training_set_metastatic_roi_057:415","training_set_metastatic_roi_057","training_set_metastatic_roi_057","/content/drive/MyDrive/Research/PUMA/PUMA_STAGE2_COLAB/INPUTS/RAW/01_training_dataset_tif_ROIs/training_set_metastatic_roi_057.tif","896.1479642502483","88.46871896722939","895.7777709960938","87.62222290039062","[[895.7777709960938, 87.62222290039062]]","2","plasma_cell","train","gt"
"training_set_metastatic_roi_057:578","training_set_metastatic_roi_057","training_set_metastatic_roi_057","/content/drive/MyDrive/Research/PUMA/PUMA_STAGE2_COLAB/INPUTS/RAW/01_training_dataset_tif_ROIs/training_set_metastatic_roi_057.tif","759.5442942942943","348.43280780780776","759.4199829101562","348.260009765625","[[759.4199829101562, 348.260009765625]]","2","plasma_cell","train","gt"
"training_set_metastatic_roi_057:579","training_set_metastatic_roi_057","training_set_metastatic_roi_057","/content/drive/MyDrive/Research/PUMA/PUMA_STAGE2_COLAB/INPUTS/RAW/01_training_dataset_tif_ROIs/training_set_metastatic_roi_057.tif","698.4293506834911","382.83070452155624","698.8380126953125","384.16900634765625","[[698.8380126953125, 384.16900634765625]]","2","plasma_cell","train","gt"
"training_set_metastatic_roi_057:506","training_set_metastatic_roi_057","training_set_metastatic_roi_057","/content/drive/MyDrive/Research/PUMA/PUMA_STAGE2_COLAB/INPUTS/RAW/01_training_dataset_tif_ROIs/training_set_metastatic_roi_057.tif","527.1409608091024","496.51320410169967","528.2681274414062","496.52899169921875","[[528.2681274414062, 496.52899169921875]]","2","plasma_cell","train","gt"
"training_set_metastatic_roi_057:132","training_set_metastatic_roi_057","training_set_metastatic_roi_057","/content/drive/MyDrive/Research/PUMA/PUMA_STAGE2_COLAB/INPUTS/RAW/01_training_dataset_tif_ROIs/training_set_metastatic_roi_057.tif","508.5376344086021","735.9415867480384","509.2162170410156","733.3783569335938","[[509.2162170410156, 733.3783569335938]]","2","plasma_cell","train","gt"
"training_set_metastatic_roi_055:425","training_set_metastatic_roi_055","training_set_metastatic_roi_055","/content/drive/MyDrive/Research/PUMA/PUMA_STAGE2_COLAB/INPUTS/RAW/01_training_dataset_tif_ROIs/training_set_metastatic_roi_055.tif","566.979393939394","388.16242424242427","567.2000122070312","387.29998779296875","[[567.2000122070312, 387.29998779296875]]","3","histiocyte","train","gt"
"training_set_primary_roi_055:521","training_set_primary_roi_055","training_set_primary_roi_055","/content/drive/MyDrive/Research/PUMA/PUMA_STAGE2_COLAB/INPUTS/RAW/01_training_dataset_tif_ROIs/training_set_primary_roi_055.tif","712.1017510648368","551.5863700899196","712.0555419921875","550.5","[[712.0555419921875, 550.5]]","3","histiocyte","train","gt"
"training_set_primary_roi_041:156","training_set_primary_roi_041","training_set_primary_roi_041","/content/drive/MyDrive/Research/PUMA/PUMA_STAGE2_COLAB/INPUTS/RAW/01_training_dataset_tif_ROIs/training_set_primary_roi_041.tif","739.1429728635075","273.5257189145403","739.6571655273438","273.22857666015625","[[739.6571655273438, 273.22857666015625]]","3","histiocyte","train","gt"
"training_set_primary_roi_033:299","training_set_primary_roi_033","training_set_primary_roi_033","/content/drive/MyDrive/Research/PUMA/PUMA_STAGE2_COLAB/INPUTS/RAW/01_training_dataset_tif_ROIs/training_set_primary_roi_033.tif","203.06261510128914","887.8424098921336","203.132080078125","887.4716796875","[[203.132080078125, 887.4716796875]]","3","histiocyte","train","gt"
"training_set_primary_roi_001:556","training_set_primary_roi_001","training_set_primary_roi_001","/content/drive/MyDrive/Research/PUMA/PUMA_STAGE2_COLAB/INPUTS/RAW/01_training_dataset_tif_ROIs/training_set_primary_roi_001.tif","199.5304347826087","932.6626811594202","200.82000732421875","929.8599853515625","[[200.82000732421875, 929.8599853515625]]","3","histiocyte","train","gt"
"training_set_primary_roi_100:77","training_set_primary_roi_100","training_set_primary_roi_100","/content/drive/MyDrive/Research/PUMA/PUMA_STAGE2_COLAB/INPUTS/RAW/01_training_dataset_tif_ROIs/training_set_primary_roi_100.tif","618.6557863501483","215.58580613254205","617.2884521484375","213.5","[[617.2884521484375, 213.5]]","3","histiocyte","train","gt"
"training_set_primary_roi_099:484","training_set_primary_roi_099","training_set_primary_roi_099","/content/drive/MyDrive/Research/PUMA/PUMA_STAGE2_COLAB/INPUTS/RAW/01_training_dataset_tif_ROIs/training_set_primary_roi_099.tif","132.80361417023116","795.2089283940104","131.09524536132812","793.9840698242188","[[131.09524536132812, 793.9840698242188]]","3","histiocyte","train","gt"
"training_set_metastatic_roi_091:110","training_set_metastatic_roi_091","training_set_metastatic_roi_091","/content/drive/MyDrive/Research/PUMA/PUMA_STAGE2_COLAB/INPUTS/RAW/01_training_dataset_tif_ROIs/training_set_metastatic_roi_091.tif","260.67296511627904","453.81831395348837","259.6190490722656","453.9285583496094","[[259.6190490722656, 453.9285583496094]]","3","histiocyte","train","gt"
"training_set_metastatic_roi_043:57","training_set_metastatic_roi_043","training_set_metastatic_roi_043","/content/drive/MyDrive/Research/PUMA/PUMA_STAGE2_COLAB/INPUTS/RAW/01_training_dataset_tif_ROIs/training_set_metastatic_roi_043.tif","1002.4063093880654","338.4773850247055","1004.219482421875","338.8780517578125","[[1004.219482421875, 338.8780517578125]]","3","histiocyte","train","gt"
"training_set_metastatic_roi_092:51","training_set_metastatic_roi_092","training_set_metastatic_roi_092","/content/drive/MyDrive/Research/PUMA/PUMA_STAGE2_COLAB/INPUTS/RAW/01_training_dataset_tif_ROIs/training_set_metastatic_roi_092.tif","305.45254048017864","848.321328866555","305.9024353027344","850.0487670898438","[[305.9024353027344, 850.0487670898438]]","3","histiocyte","train","gt"
"training_set_primary_roi_074:303","training_set_primary_roi_074","training_set_primary_roi_074","/content/drive/MyDrive/Research/PUMA/PUMA_STAGE2_COLAB/INPUTS/RAW/01_training_dataset_tif_ROIs/training_set_primary_roi_074.tif","884.4252981795354","295.77840552416825","885.4571533203125","296.3428649902344","[[885.4571533203125, 296.3428649902344]]","3","histiocyte","train","gt"
"training_set_primary_roi_084:200","training_set_primary_roi_084","training_set_primary_roi_084","/content/drive/MyDrive/Research/PUMA/PUMA_STAGE2_COLAB/INPUTS/RAW/01_training_dataset_tif_ROIs/training_set_primary_roi_084.tif","788.948538011696","529.8169590643275","790.7999877929688","529.1333618164062","[[790.7999877929688, 529.1333618164062]]","3","histiocyte","train","gt"
"training_set_metastatic_roi_052:446","training_set_metastatic_roi_052","training_set_metastatic_roi_052","/content/drive/MyDrive/Research/PUMA/PUMA_STAGE2_COLAB/INPUTS/RAW/01_training_dataset_tif_ROIs/training_set_metastatic_roi_052.tif","671.8657074340528","736.6911270983213","671.38232421875","735.2352905273438","[[671.38232421875, 735.2352905273438]]","3","histiocyte","train","gt"
"training_set_primary_roi_030:159","training_set_primary_roi_030","training_set_primary_roi_030","/content/drive/MyDrive/Research/PUMA/PUMA_STAGE2_COLAB/INPUTS/RAW/01_training_dataset_tif_ROIs/training_set_primary_roi_030.tif","950.0132802124834","798.4780876494024","949.27587890625","798.862060546875","[[949.27587890625, 798.862060546875]]","3","histiocyte","train","gt"
"training_set_primary_roi_053:382","training_set_primary_roi_053","training_set_primary_roi_053","/content/drive/MyDrive/Research/PUMA/PUMA_STAGE2_COLAB/INPUTS/RAW/01_training_dataset_tif_ROIs/training_set_primary_roi_053.tif","744.5358620689656","838.9137931034483","744.0","839.1818237304688","[[744.0, 839.1818237304688]]","3","histiocyte","train","gt"
"training_set_primary_roi_090:428","training_set_primary_roi_090","training_set_primary_roi_090","/content/drive/MyDrive/Research/PUMA/PUMA_STAGE2_COLAB/INPUTS/RAW/01_training_dataset_tif_ROIs/training_set_primary_roi_090.tif","1010.328407224959","853.8556181093127","1008.5277709960938","852.0694580078125","[[1008.5277709960938, 852.0694580078125]]","3","histiocyte","train","gt"
"training_set_primary_roi_026:206","training_set_primary_roi_026","training_set_primary_roi_026","/content/drive/MyDrive/Research/PUMA/PUMA_STAGE2_COLAB/INPUTS/RAW/01_training_dataset_tif_ROIs/training_set_primary_roi_026.tif","274.8050019538882","862.4970691676436","275.7674560546875","862.5581665039062","[[275.7674560546875, 862.5581665039062]]","3","histiocyte","train","gt"
"training_set_primary_roi_051:342","training_set_primary_roi_051","training_set_primary_roi_051","/content/drive/MyDrive/Research/PUMA/PUMA_STAGE2_COLAB/INPUTS/RAW/01_training_dataset_tif_ROIs/training_set_primary_roi_051.tif","797.3712467137125","1006.4556524145564","797.1764526367188","1000.941162109375","[[797.1764526367188, 1000.941162109375]]","3","histiocyte","train","gt"
"training_set_primary_roi_031:29","training_set_primary_roi_031","training_set_primary_roi_031","/content/drive/MyDrive/Research/PUMA/PUMA_STAGE2_COLAB/INPUTS/RAW/01_training_dataset_tif_ROIs/training_set_primary_roi_031.tif","406.73527037933815","55.256658595641646","405.5208435058594","56.27083206176758","[[405.5208435058594, 56.27083206176758]]","3","histiocyte","train","gt"
"training_set_primary_roi_047:173","training_set_primary_roi_047","training_set_primary_roi_047","/content/drive/MyDrive/Research/PUMA/PUMA_STAGE2_COLAB/INPUTS/RAW/01_training_dataset_tif_ROIs/training_set_primary_roi_047.tif","450.6926242481798","430.3497942386831","450.0","428.70001220703125","[[450.0, 428.70001220703125]]","3","histiocyte","train","gt"
"training_set_primary_roi_048:264","training_set_primary_roi_048","training_set_primary_roi_048","/content/drive/MyDrive/Research/PUMA/PUMA_STAGE2_COLAB/INPUTS/RAW/01_training_dataset_tif_ROIs/training_set_primary_roi_048.tif","463.86331300813004","386.5975609756098","463.75","384.8333435058594","[[463.75, 384.8333435058594]]","3","histiocyte","train","gt"
"training_set_metastatic_roi_005:210","training_set_metastatic_roi_005","training_set_metastatic_roi_005","/content/drive/MyDrive/Research/PUMA/PUMA_STAGE2_COLAB/INPUTS/RAW/01_training_dataset_tif_ROIs/training_set_metastatic_roi_005.tif","179.1309872922776","64.53616813294232","178.974365234375","64.30769348144531","[[178.974365234375, 64.30769348144531]]","3","histiocyte","train","gt"
"training_set_metastatic_roi_042:402","training_set_metastatic_roi_042","training_set_metastatic_roi_042","/content/drive/MyDrive/Research/PUMA/PUMA_STAGE2_COLAB/INPUTS/RAW/01_training_dataset_tif_ROIs/training_set_metastatic_roi_042.tif","743.5645472061657","952.5960179833012","743.272705078125","952.977294921875","[[743.272705078125, 952.977294921875]]","3","histiocyte","train","gt"
"training_set_metastatic_roi_027:311","training_set_metastatic_roi_027","training_set_metastatic_roi_027","/content/drive/MyDrive/Research/PUMA/PUMA_STAGE2_COLAB/INPUTS/RAW/01_training_dataset_tif_ROIs/training_set_metastatic_roi_027.tif","182.99496296296297","921.314962962963","184.093017578125","920.3953247070312","[[184.093017578125, 920.3953247070312]]","3","histiocyte","train","gt"
"training_set_primary_roi_017:52","training_set_primary_roi_017","training_set_primary_roi_017","/content/drive/MyDrive/Research/PUMA/PUMA_STAGE2_COLAB/INPUTS/RAW/01_training_dataset_tif_ROIs/training_set_primary_roi_017.tif","771.6190476190476","156.745883400089","771.9755859375","158.56097412109375","[[771.9755859375, 158.56097412109375]]","3","histiocyte","train","gt"
"training_set_primary_roi_103:306","training_set_primary_roi_103","training_set_primary_roi_103","/content/drive/MyDrive/Research/PUMA/PUMA_STAGE2_COLAB/INPUTS/RAW/01_training_dataset_tif_ROIs/training_set_primary_roi_103.tif","637.900289017341","294.51734104046244","637.539306640625","293.8426818847656","[[637.539306640625, 293.8426818847656]]","3","histiocyte","train","gt"
"training_set_metastatic_roi_064:444","training_set_metastatic_roi_064","training_set_metastatic_roi_064","/content/drive/MyDrive/Research/PUMA/PUMA_STAGE2_COLAB/INPUTS/RAW/01_training_dataset_tif_ROIs/training_set_metastatic_roi_064.tif","199.92638036809817","562.959100204499","199.07408142089844","562.0370483398438","[[199.07408142089844, 562.0370483398438]]","3","histiocyte","train","gt"
"training_set_primary_roi_023:346","training_set_primary_roi_023","training_set_primary_roi_023","/content/drive/MyDrive/Research/PUMA/PUMA_STAGE2_COLAB/INPUTS/RAW/01_training_dataset_tif_ROIs/training_set_primary_roi_023.tif","190.7601246105919","868.2059968847352","191.11764526367188","868.9607543945312","[[191.11764526367188, 868.9607543945312]]","3","histiocyte","train","gt"
"training_set_metastatic_roi_028:614","training_set_metastatic_roi_028","training_set_metastatic_roi_028","/content/drive/MyDrive/Research/PUMA/PUMA_STAGE2_COLAB/INPUTS/RAW/01_training_dataset_tif_ROIs/training_set_metastatic_roi_028.tif","738.6174242424242","352.3715034965035","736.0238037109375","349.9761962890625","[[736.0238037109375, 349.9761962890625]]","3","histiocyte","train","gt"
"training_set_primary_roi_049:101","training_set_primary_roi_049","training_set_primary_roi_049","/content/drive/MyDrive/Research/PUMA/PUMA_STAGE2_COLAB/INPUTS/RAW/01_training_dataset_tif_ROIs/training_set_primary_roi_049.tif","753.2759022118743","245.3405122235157","753.7333374023438","244.6666717529297","[[753.7333374023438, 244.6666717529297]]","3","histiocyte","train","gt"
"training_set_metastatic_roi_016:316","training_set_metastatic_roi_016","training_set_metastatic_roi_016","/content/drive/MyDrive/Research/PUMA/PUMA_STAGE2_COLAB/INPUTS/RAW/01_training_dataset_tif_ROIs/training_set_metastatic_roi_016.tif","446.96165191740414","726.2497541789577","447.0526428222656","726.0526123046875","[[447.0526428222656, 726.0526123046875]]","3","histiocyte","train","gt"
"training_set_primary_roi_005:309","training_set_primary_roi_005","training_set_primary_roi_005","/content/drive/MyDrive/Research/PUMA/PUMA_STAGE2_COLAB/INPUTS/RAW/01_training_dataset_tif_ROIs/training_set_primary_roi_005.tif","961.8241975308642","607.1975308641975","961.4000244140625","606.7999877929688","[[961.4000244140625, 606.7999877929688]]","3","histiocyte","train","gt"
"training_set_primary_roi_043:455","training_set_primary_roi_043","training_set_primary_roi_043","/content/drive/MyDrive/Research/PUMA/PUMA_STAGE2_COLAB/INPUTS/RAW/01_training_dataset_tif_ROIs/training_set_primary_roi_043.tif","533.4708141321045","704.173835125448","533.1463623046875","704.0","[[533.1463623046875, 704.0]]","3","histiocyte","train","gt"
"training_set_primary_roi_045:117","training_set_primary_roi_045","training_set_primary_roi_045","/content/drive/MyDrive/Research/PUMA/PUMA_STAGE2_COLAB/INPUTS/RAW/01_training_dataset_tif_ROIs/training_set_primary_roi_045.tif","998.0779902512187","124.28458942632172","996.8919067382812","123.72972869873047","[[996.8919067382812, 123.72972869873047]]","3","histiocyte","train","gt"
"training_set_primary_roi_004:70","training_set_primary_roi_004","training_set_primary_roi_004","/content/drive/MyDrive/Research/PUMA/PUMA_STAGE2_COLAB/INPUTS/RAW/01_training_dataset_tif_ROIs/training_set_primary_roi_004.tif","363.7607174103237","214.4365704286964","363.4666748046875","214.11111450195312","[[363.4666748046875, 214.11111450195312]]","3","histiocyte","train","gt"
"training_set_primary_roi_063:63","training_set_primary_roi_063","training_set_primary_roi_063","/content/drive/MyDrive/Research/PUMA/PUMA_STAGE2_COLAB/INPUTS/RAW/01_training_dataset_tif_ROIs/training_set_primary_roi_063.tif","522.2751937984497","100.51582687338501","521.2174072265625","97.8043441772461","[[521.2174072265625, 97.8043441772461]]","3","histiocyte","train","gt"
"training_set_metastatic_roi_007:104","training_set_metastatic_roi_007","training_set_metastatic_roi_007","/content/drive/MyDrive/Research/PUMA/PUMA_STAGE2_COLAB/INPUTS/RAW/01_training_dataset_tif_ROIs/training_set_metastatic_roi_007.tif","271.05293405928614","249.7168784029038","270.20928955078125","251.18605041503906","[[270.20928955078125, 251.18605041503906]]","3","histiocyte","train","gt"
"training_set_metastatic_roi_055:221","training_set_metastatic_roi_055","training_set_metastatic_roi_055","/content/drive/MyDrive/Research/PUMA/PUMA_STAGE2_COLAB/INPUTS/RAW/01_training_dataset_tif_ROIs/training_set_metastatic_roi_055.tif","710.8590909090909","186.3042424242424","711.5581665039062","186.39535522460938","[[711.5581665039062, 186.39535522460938]]","3","histiocyte","train","gt"
"training_set_primary_roi_055:234","training_set_primary_roi_055","training_set_primary_roi_055","/content/drive/MyDrive/Research/PUMA/PUMA_STAGE2_COLAB/INPUTS/RAW/01_training_dataset_tif_ROIs/training_set_primary_roi_055.tif","342.85851726089413","585.4742501414827","341.875","583.5","[[341.875, 583.5]]","3","histiocyte","train","gt"
"training_set_primary_roi_041:344","training_set_primary_roi_041","training_set_primary_roi_041","/content/drive/MyDrive/Research/PUMA/PUMA_STAGE2_COLAB/INPUTS/RAW/01_training_dataset_tif_ROIs/training_set_primary_roi_041.tif","860.6698412698413","664.137037037037","859.6756591796875","664.1080932617188","[[859.6756591796875, 664.1080932617188]]","3","histiocyte","train","gt"
"training_set_primary_roi_033:297","training_set_primary_roi_033","training_set_primary_roi_033","/content/drive/MyDrive/Research/PUMA/PUMA_STAGE2_COLAB/INPUTS/RAW/01_training_dataset_tif_ROIs/training_set_primary_roi_033.tif","403.3455114822547","880.4690327070285","402.89129638671875","880.021728515625","[[402.89129638671875, 880.021728515625]]","3","histiocyte","train","gt"
"training_set_primary_roi_001:266","training_set_primary_roi_001","training_set_primary_roi_001","/content/drive/MyDrive/Research/PUMA/PUMA_STAGE2_COLAB/INPUTS/RAW/01_training_dataset_tif_ROIs/training_set_primary_roi_001.tif","28.9991789819376","496.7816091954023","28.878787994384766","495.9090881347656","[[28.878787994384766, 495.9090881347656]]","3","histiocyte","train","gt"
"training_set_primary_roi_100:18","training_set_primary_roi_100","training_set_primary_roi_100","/content/drive/MyDrive/Research/PUMA/PUMA_STAGE2_COLAB/INPUTS/RAW/01_training_dataset_tif_ROIs/training_set_primary_roi_100.tif","481.2510775862069","63.92816091954023","481.6136474609375","64.59091186523438","[[481.6136474609375, 64.59091186523438]]","3","histiocyte","train","gt"
"training_set_primary_roi_099:347","training_set_primary_roi_099","training_set_primary_roi_099","/content/drive/MyDrive/Research/PUMA/PUMA_STAGE2_COLAB/INPUTS/RAW/01_training_dataset_tif_ROIs/training_set_primary_roi_099.tif","330.94894894894895","820.978978978979","329.868408203125","821.2894897460938","[[329.868408203125, 821.2894897460938]]","3","histiocyte","train","gt"
"training_set_metastatic_roi_091:184","training_set_metastatic_roi_091","training_set_metastatic_roi_091","/content/drive/MyDrive/Research/PUMA/PUMA_STAGE2_COLAB/INPUTS/RAW/01_training_dataset_tif_ROIs/training_set_metastatic_roi_091.tif","553.9823232323233","205.55555555555554","552.5999755859375","205.67999267578125","[[552.5999755859375, 205.67999267578125]]","3","histiocyte","train","gt"
"training_set_metastatic_roi_043:110","training_set_metastatic_roi_043","training_set_metastatic_roi_043","/content/drive/MyDrive/Research/PUMA/PUMA_STAGE2_COLAB/INPUTS/RAW/01_training_dataset_tif_ROIs/training_set_metastatic_roi_043.tif","978.5972396486826","580.473860309494","979.0203857421875","580.6326293945312","[[979.0203857421875, 580.6326293945312]]","3","histiocyte","train","gt"
"training_set_metastatic_roi_092:202","training_set_metastatic_roi_092","training_set_metastatic_roi_092","/content/drive/MyDrive/Research/PUMA/PUMA_STAGE2_COLAB/INPUTS/RAW/01_training_dataset_tif_ROIs/training_set_metastatic_roi_092.tif","31.32851985559567","974.0348977135982","31.83333396911621","974.2666625976562","[[31.83333396911621, 974.2666625976562]]","3","histiocyte","train","gt"
"training_set_primary_roi_074:187","training_set_primary_roi_074","training_set_primary_roi_074","/content/drive/MyDrive/Research/PUMA/PUMA_STAGE2_COLAB/INPUTS/RAW/01_training_dataset_tif_ROIs/training_set_primary_roi_074.tif","481.8336172629188","770.633730834753","479.6285705566406","769.3428344726562","[[479.6285705566406, 769.3428344726562]]","3","histiocyte","train","gt"
"training_set_primary_roi_084:407","training_set_primary_roi_084","training_set_primary_roi_084","/content/drive/MyDrive/Research/PUMA/PUMA_STAGE2_COLAB/INPUTS/RAW/01_training_dataset_tif_ROIs/training_set_primary_roi_084.tif","874.810829817159","925.4767932489451","873.1190185546875","924.7857055664062","[[873.1190185546875, 924.7857055664062]]","3","histiocyte","train","gt"
"training_set_metastatic_roi_052:451","training_set_metastatic_roi_052","training_set_metastatic_roi_052","/content/drive/MyDrive/Research/PUMA/PUMA_STAGE2_COLAB/INPUTS/RAW/01_training_dataset_tif_ROIs/training_set_metastatic_roi_052.tif","602.9113475177305","695.218085106383","602.8297729492188","695.3404541015625","[[602.8297729492188, 695.3404541015625]]","3","histiocyte","train","gt"
"training_set_primary_roi_030:110","training_set_primary_roi_030","training_set_primary_roi_030","/content/drive/MyDrive/Research/PUMA/PUMA_STAGE2_COLAB/INPUTS/RAW/01_training_dataset_tif_ROIs/training_set_primary_roi_030.tif","941.3333333333334","608.9343406080956","938.9215698242188","609.11767578125","[[938.9215698242188, 609.11767578125]]","3","histiocyte","train","gt"
"training_set_primary_roi_053:181","training_set_primary_roi_053","training_set_primary_roi_053","/content/drive/MyDrive/Research/PUMA/PUMA_STAGE2_COLAB/INPUTS/RAW/01_training_dataset_tif_ROIs/training_set_primary_roi_053.tif","480.4395527603075","399.60214302352665","480.6153869628906","397.76922607421875","[[480.6153869628906, 397.76922607421875]]","3","histiocyte","train","gt"
"training_set_primary_roi_090:357","training_set_primary_roi_090","training_set_primary_roi_090","/content/drive/MyDrive/Research/PUMA/PUMA_STAGE2_COLAB/INPUTS/RAW/01_training_dataset_tif_ROIs/training_set_primary_roi_090.tif","575.4585741811175","392.1791907514451","575.137939453125","391.10345458984375","[[575.137939453125, 391.10345458984375]]","3","histiocyte","train","gt"
"training_set_primary_roi_026:35","training_set_primary_roi_026","training_set_primary_roi_026","/content/drive/MyDrive/Research/PUMA/PUMA_STAGE2_COLAB/INPUTS/RAW/01_training_dataset_tif_ROIs/training_set_primary_roi_026.tif","748.5738142952572","104.1816967267869","750.7777709960938","103.81481170654297","[[750.7777709960938, 103.81481170654297]]","3","histiocyte","train","gt"
"training_set_primary_roi_051:282","training_set_primary_roi_051","training_set_primary_roi_051","/content/drive/MyDrive/Research/PUMA/PUMA_STAGE2_COLAB/INPUTS/RAW/01_training_dataset_tif_ROIs/training_set_primary_roi_051.tif","512.695796920516","895.8676654182273","513.0","894.9166870117188","[[513.0, 894.9166870117188]]","3","histiocyte","train","gt"
"training_set_primary_roi_031:118","training_set_primary_roi_031","training_set_primary_roi_031","/content/drive/MyDrive/Research/PUMA/PUMA_STAGE2_COLAB/INPUTS/RAW/01_training_dataset_tif_ROIs/training_set_primary_roi_031.tif","73.88603603603603","248.3475225225225","73.3859634399414","248.96490478515625","[[73.3859634399414, 248.96490478515625]]","3","histiocyte","train","gt"
"training_set_primary_roi_047:63","training_set_primary_roi_047","training_set_primary_roi_047","/content/drive/MyDrive/Research/PUMA/PUMA_STAGE2_COLAB/INPUTS/RAW/01_training_dataset_tif_ROIs/training_set_primary_roi_047.tif","567.0268948655257","564.4963325183375","567.5","561.5","[[567.5, 561.5]]","3","histiocyte","train","gt"
"training_set_primary_roi_048:89","training_set_primary_roi_048","training_set_primary_roi_048","/content/drive/MyDrive/Research/PUMA/PUMA_STAGE2_COLAB/INPUTS/RAW/01_training_dataset_tif_ROIs/training_set_primary_roi_048.tif","123.05824039653037","137.77447335811647","123.75","135.5","[[123.75, 135.5]]","3","histiocyte","train","gt"
"training_set_metastatic_roi_005:216","training_set_metastatic_roi_005","training_set_metastatic_roi_005","/content/drive/MyDrive/Research/PUMA/PUMA_STAGE2_COLAB/INPUTS/RAW/01_training_dataset_tif_ROIs/training_set_metastatic_roi_005.tif","387.26616915422886","18.063610518834402","386.89794921875","18.571428298950195","[[386.89794921875, 18.571428298950195]]","3","histiocyte","train","gt"
"training_set_metastatic_roi_042:400","training_set_metastatic_roi_042","training_set_metastatic_roi_042","/content/drive/MyDrive/Research/PUMA/PUMA_STAGE2_COLAB/INPUTS/RAW/01_training_dataset_tif_ROIs/training_set_metastatic_roi_042.tif","807.7143956889914","962.8541185527329","807.5999755859375","962.0428466796875","[[807.5999755859375, 962.0428466796875]]","3","histiocyte","train","gt"
"training_set_metastatic_roi_027:341","training_set_metastatic_roi_027","training_set_metastatic_roi_027","/content/drive/MyDrive/Research/PUMA/PUMA_STAGE2_COLAB/INPUTS/RAW/01_training_dataset_tif_ROIs/training_set_metastatic_roi_027.tif","672.6095238095238","1008.1111111111112","673.1142578125","1007.914306640625","[[673.1142578125, 1007.914306640625]]","3","histiocyte","train","gt"
"training_set_primary_roi_017:291","training_set_primary_roi_017","training_set_primary_roi_017","/content/drive/MyDrive/Research/PUMA/PUMA_STAGE2_COLAB/INPUTS/RAW/01_training_dataset_tif_ROIs/training_set_primary_roi_017.tif","332.35868253147095","985.1788239351613","330.80328369140625","984.098388671875","[[330.80328369140625, 984.098388671875]]","3","histiocyte","train","gt"
"training_set_primary_roi_103:308","training_set_primary_roi_103","training_set_primary_roi_103","/content/drive/MyDrive/Research/PUMA/PUMA_STAGE2_COLAB/INPUTS/RAW/01_training_dataset_tif_ROIs/training_set_primary_roi_103.tif","658.2416267942584","646.6698564593302","657.90478515625","647.7619018554688","[[657.90478515625, 647.7619018554688]]","3","histiocyte","train","gt"
"training_set_metastatic_roi_064:656","training_set_metastatic_roi_064","training_set_metastatic_roi_064","/content/drive/MyDrive/Research/PUMA/PUMA_STAGE2_COLAB/INPUTS/RAW/01_training_dataset_tif_ROIs/training_set_metastatic_roi_064.tif","71.60044642857143","876.821056547619","72.8125","877.03125","[[72.8125, 877.03125]]","3","histiocyte","train","gt"
"training_set_primary_roi_023:283","training_set_primary_roi_023","training_set_primary_roi_023","/content/drive/MyDrive/Research/PUMA/PUMA_STAGE2_COLAB/INPUTS/RAW/01_training_dataset_tif_ROIs/training_set_primary_roi_023.tif","174.34325068870524","731.334435261708","173.8000030517578","730.5","[[173.8000030517578, 730.5]]","3","histiocyte","train","gt"
"training_set_primary_roi_049:289","training_set_primary_roi_049","training_set_primary_roi_049","/content/drive/MyDrive/Research/PUMA/PUMA_STAGE2_COLAB/INPUTS/RAW/01_training_dataset_tif_ROIs/training_set_primary_roi_049.tif","614.2050314465408","691.8963522012579","615.0833129882812","691.0833129882812","[[615.0833129882812, 691.0833129882812]]","3","histiocyte","train","gt"
"training_set_metastatic_roi_016:190","training_set_metastatic_roi_016","training_set_metastatic_roi_016","/content/drive/MyDrive/Research/PUMA/PUMA_STAGE2_COLAB/INPUTS/RAW/01_training_dataset_tif_ROIs/training_set_metastatic_roi_016.tif","353.4363502575423","605.7457689477557","352.3428649902344","605.8285522460938","[[352.3428649902344, 605.8285522460938]]","3","histiocyte","train","gt"
"training_set_primary_roi_005:319","training_set_primary_roi_005","training_set_primary_roi_005","/content/drive/MyDrive/Research/PUMA/PUMA_STAGE2_COLAB/INPUTS/RAW/01_training_dataset_tif_ROIs/training_set_primary_roi_005.tif","553.068870523416","620.2727272727273","552.7000122070312","619.7999877929688","[[552.7000122070312, 619.7999877929688]]","3","histiocyte","train","gt"
"training_set_primary_roi_043:123","training_set_primary_roi_043","training_set_primary_roi_043","/content/drive/MyDrive/Research/PUMA/PUMA_STAGE2_COLAB/INPUTS/RAW/01_training_dataset_tif_ROIs/training_set_primary_roi_043.tif","210.27816091954023","160.11091954022987","209.7916717529297","161.375","[[209.7916717529297, 161.375]]","3","histiocyte","train","gt"
"training_set_primary_roi_045:554","training_set_primary_roi_045","training_set_primary_roi_045","/content/drive/MyDrive/Research/PUMA/PUMA_STAGE2_COLAB/INPUTS/RAW/01_training_dataset_tif_ROIs/training_set_primary_roi_045.tif","943.7286689419795","156.36006825938566","943.8507690429688","156.6865692138672","[[943.8507690429688, 156.6865692138672]]","3","histiocyte","train","gt"
"training_set_primary_roi_004:115","training_set_primary_roi_004","training_set_primary_roi_004","/content/drive/MyDrive/Research/PUMA/PUMA_STAGE2_COLAB/INPUTS/RAW/01_training_dataset_tif_ROIs/training_set_primary_roi_004.tif","8.065370070232307","387.9945975148568","8.0","388.1499938964844","[[8.0, 388.1499938964844]]","3","histiocyte","train","gt"
"training_set_primary_roi_063:271","training_set_primary_roi_063","training_set_primary_roi_063","/content/drive/MyDrive/Research/PUMA/PUMA_STAGE2_COLAB/INPUTS/RAW/01_training_dataset_tif_ROIs/training_set_primary_roi_063.tif","720.5503409546732","515.0954673084636","719.022216796875","514.5999755859375","[[719.022216796875, 514.5999755859375]]","3","histiocyte","train","gt"
"training_set_primary_roi_074:444","training_set_primary_roi_074","training_set_primary_roi_074","/content/drive/MyDrive/Research/PUMA/PUMA_STAGE2_COLAB/INPUTS/RAW/01_training_dataset_tif_ROIs/training_set_primary_roi_074.tif","205.06307297396407","1002.1756508984231","203.88311767578125","1002.467529296875","[[203.88311767578125, 1002.467529296875]]","4","melanophage","train","gt"
"training_set_metastatic_roi_028:525","training_set_metastatic_roi_028","training_set_metastatic_roi_028","/content/drive/MyDrive/Research/PUMA/PUMA_STAGE2_COLAB/INPUTS/RAW/01_training_dataset_tif_ROIs/training_set_metastatic_roi_028.tif","68.40889830508475","73.83686440677967","68.19047546386719","73.0952377319336","[[68.19047546386719, 73.0952377319336]]","4","melanophage","train","gt"
"training_set_primary_roi_041:135","training_set_primary_roi_041","training_set_primary_roi_041","/content/drive/MyDrive/Research/PUMA/PUMA_STAGE2_COLAB/INPUTS/RAW/01_training_dataset_tif_ROIs/training_set_primary_roi_041.tif","428.353461421165","239.7816407441293","427.6383056640625","238.574462890625","[[427.6383056640625, 238.574462890625]]","4","melanophage","train","gt"
"training_set_primary_roi_089:254","training_set_primary_roi_089","training_set_primary_roi_089","/content/drive/MyDrive/Research/PUMA/PUMA_STAGE2_COLAB/INPUTS/RAW/01_training_dataset_tif_ROIs/training_set_primary_roi_089.tif","967.5998531571219","908.0914096916299","969.3939208984375","908.1514892578125","[[969.3939208984375, 908.1514892578125]]","4","melanophage","train","gt"
"training_set_metastatic_roi_092:166","training_set_metastatic_roi_092","training_set_metastatic_roi_092","/content/drive/MyDrive/Research/PUMA/PUMA_STAGE2_COLAB/INPUTS/RAW/01_training_dataset_tif_ROIs/training_set_metastatic_roi_092.tif","481.33659217877096","525.2662942271882","480.74359130859375","525.5384521484375","[[480.74359130859375, 525.5384521484375]]","4","melanophage","train","gt"
"training_set_primary_roi_031:347","training_set_primary_roi_031","training_set_primary_roi_031","/content/drive/MyDrive/Research/PUMA/PUMA_STAGE2_COLAB/INPUTS/RAW/01_training_dataset_tif_ROIs/training_set_primary_roi_031.tif","599.9922336129232","643.8763591177385","600.0","643.6414794921875","[[600.0, 643.6414794921875]]","4","melanophage","train","gt"
"training_set_primary_roi_023:433","training_set_primary_roi_023","training_set_primary_roi_023","/content/drive/MyDrive/Research/PUMA/PUMA_STAGE2_COLAB/INPUTS/RAW/01_training_dataset_tif_ROIs/training_set_primary_roi_023.tif","313.30257974329646","664.7205489897065","319.75","669.701416015625","[[319.75, 669.701416015625]]","4","melanophage","train","gt"
"training_set_primary_roi_047:474","training_set_primary_roi_047","training_set_primary_roi_047","/content/drive/MyDrive/Research/PUMA/PUMA_STAGE2_COLAB/INPUTS/RAW/01_training_dataset_tif_ROIs/training_set_primary_roi_047.tif","462.50217864923746","54.63870733478577","463.5833435058594","51.58333206176758","[[463.5833435058594, 51.58333206176758]]","4","melanophage","train","gt"
"training_set_primary_roi_053:414","training_set_primary_roi_053","training_set_primary_roi_053","/content/drive/MyDrive/Research/PUMA/PUMA_STAGE2_COLAB/INPUTS/RAW/01_training_dataset_tif_ROIs/training_set_primary_roi_053.tif","374.29160146061554","917.2527386541472","375.047607421875","916.3809814453125","[[375.047607421875, 916.3809814453125]]","4","melanophage","train","gt"
"training_set_primary_roi_090:302","training_set_primary_roi_090","training_set_primary_roi_090","/content/drive/MyDrive/Research/PUMA/PUMA_STAGE2_COLAB/INPUTS/RAW/01_training_dataset_tif_ROIs/training_set_primary_roi_090.tif","251.8279569892473","853.4936461388073","251.6086883544922","853.521728515625","[[251.6086883544922, 853.521728515625]]","4","melanophage","train","gt"
"training_set_primary_roi_017:76","training_set_primary_roi_017","training_set_primary_roi_017","/content/drive/MyDrive/Research/PUMA/PUMA_STAGE2_COLAB/INPUTS/RAW/01_training_dataset_tif_ROIs/training_set_primary_roi_017.tif","775.6253765727449","261.1607301080985","773.7069091796875","261.60345458984375","[[773.7069091796875, 261.60345458984375]]","4","melanophage","train","gt"
"training_set_primary_roi_043:420","training_set_primary_roi_043","training_set_primary_roi_043","/content/drive/MyDrive/Research/PUMA/PUMA_STAGE2_COLAB/INPUTS/RAW/01_training_dataset_tif_ROIs/training_set_primary_roi_043.tif","600.0839210155148","630.7350728725905","601.2888793945312","630.4888916015625","[[601.2888793945312, 630.4888916015625]]","4","melanophage","train","gt"
"training_set_primary_roi_001:378","training_set_primary_roi_001","training_set_primary_roi_001","/content/drive/MyDrive/Research/PUMA/PUMA_STAGE2_COLAB/INPUTS/RAW/01_training_dataset_tif_ROIs/training_set_primary_roi_001.tif","599.48556998557","670.3994708994709","599.1777954101562","669.977783203125","[[599.1777954101562, 669.977783203125]]","4","melanophage","train","gt"
"training_set_primary_roi_051:367","training_set_primary_roi_051","training_set_primary_roi_051","/content/drive/MyDrive/Research/PUMA/PUMA_STAGE2_COLAB/INPUTS/RAW/01_training_dataset_tif_ROIs/training_set_primary_roi_051.tif","1003.4916542720212","1010.6344405883325","1001.9285888671875","1007.2857055664062","[[1001.9285888671875, 1007.2857055664062]]","4","melanophage","train","gt"
"training_set_primary_roi_100:432","training_set_primary_roi_100","training_set_primary_roi_100","/content/drive/MyDrive/Research/PUMA/PUMA_STAGE2_COLAB/INPUTS/RAW/01_training_dataset_tif_ROIs/training_set_primary_roi_100.tif","573.7496177370031","235.75840978593274","571.9091186523438","234.90908813476562","[[571.9091186523438, 234.90908813476562]]","4","melanophage","train","gt"
"training_set_primary_roi_049:305","training_set_primary_roi_049","training_set_primary_roi_049","/content/drive/MyDrive/Research/PUMA/PUMA_STAGE2_COLAB/INPUTS/RAW/01_training_dataset_tif_ROIs/training_set_primary_roi_049.tif","739.2663454920853","730.3227804542327","738.5882568359375","727.8235473632812","[[738.5882568359375, 727.8235473632812]]","4","melanophage","train","gt"
"training_set_primary_roi_061:556","training_set_primary_roi_061","training_set_primary_roi_061","/content/drive/MyDrive/Research/PUMA/PUMA_STAGE2_COLAB/INPUTS/RAW/01_training_dataset_tif_ROIs/training_set_primary_roi_061.tif","601.4730524252817","805.3921280418095","600.620361328125","804.2036743164062","[[600.620361328125, 804.2036743164062]]","4","melanophage","train","gt"
"training_set_primary_roi_099:522","training_set_primary_roi_099","training_set_primary_roi_099","/content/drive/MyDrive/Research/PUMA/PUMA_STAGE2_COLAB/INPUTS/RAW/01_training_dataset_tif_ROIs/training_set_primary_roi_099.tif","306.2702479338843","106.18264462809917","306.26531982421875","105.18367004394531","[[306.26531982421875, 105.18367004394531]]","4","melanophage","train","gt"
"training_set_primary_roi_033:375","training_set_primary_roi_033","training_set_primary_roi_033","/content/drive/MyDrive/Research/PUMA/PUMA_STAGE2_COLAB/INPUTS/RAW/01_training_dataset_tif_ROIs/training_set_primary_roi_033.tif","653.3324786324787","855.874358974359","652.0120239257812","852.8795166015625","[[652.0120239257812, 852.8795166015625]]","4","melanophage","train","gt"
"training_set_primary_roi_048:636","training_set_primary_roi_048","training_set_primary_roi_048","/content/drive/MyDrive/Research/PUMA/PUMA_STAGE2_COLAB/INPUTS/RAW/01_training_dataset_tif_ROIs/training_set_primary_roi_048.tif","774.9631268436577","856.7514749262538","773.923095703125","856.4615478515625","[[773.923095703125, 856.4615478515625]]","4","melanophage","train","gt"
"training_set_metastatic_roi_042:395","training_set_metastatic_roi_042","training_set_metastatic_roi_042","/content/drive/MyDrive/Research/PUMA/PUMA_STAGE2_COLAB/INPUTS/RAW/01_training_dataset_tif_ROIs/training_set_metastatic_roi_042.tif","959.5726872246696","975.9026641493601","959.5844116210938","975.6233520507812","[[959.5844116210938, 975.6233520507812]]","4","melanophage","train","gt"
"training_set_metastatic_roi_043:112","training_set_metastatic_roi_043","training_set_metastatic_roi_043","/content/drive/MyDrive/Research/PUMA/PUMA_STAGE2_COLAB/INPUTS/RAW/01_training_dataset_tif_ROIs/training_set_metastatic_roi_043.tif","934.259649122807","588.4340852130326","932.5101928710938","589.0408325195312","[[932.5101928710938, 589.0408325195312]]","4","melanophage","train","gt"
"training_set_primary_roi_005:367","training_set_primary_roi_005","training_set_primary_roi_005","/content/drive/MyDrive/Research/PUMA/PUMA_STAGE2_COLAB/INPUTS/RAW/01_training_dataset_tif_ROIs/training_set_primary_roi_005.tif","979.3743356112376","782.7220956719818","976.0","780.7894897460938","[[976.0, 780.7894897460938]]","4","melanophage","train","gt"
"training_set_primary_roi_026:252","training_set_primary_roi_026","training_set_primary_roi_026","/content/drive/MyDrive/Research/PUMA/PUMA_STAGE2_COLAB/INPUTS/RAW/01_training_dataset_tif_ROIs/training_set_primary_roi_026.tif","386.5999877315667","361.1137897190529","384.80120849609375","359.777099609375","[[384.80120849609375, 359.777099609375]]","4","melanophage","train","gt"
"training_set_metastatic_roi_011:328","training_set_metastatic_roi_011","training_set_metastatic_roi_011","/content/drive/MyDrive/Research/PUMA/PUMA_STAGE2_COLAB/INPUTS/RAW/01_training_dataset_tif_ROIs/training_set_metastatic_roi_011.tif","162.21121228352078","390.4217104088556","161.53192138671875","386.0851135253906","[[161.53192138671875, 386.0851135253906]]","4","melanophage","train","gt"
"training_set_primary_roi_103:320","training_set_primary_roi_103","training_set_primary_roi_103","/content/drive/MyDrive/Research/PUMA/PUMA_STAGE2_COLAB/INPUTS/RAW/01_training_dataset_tif_ROIs/training_set_primary_roi_103.tif","641.8894389438943","701.9455445544554","641.6444702148438","701.7555541992188","[[641.6444702148438, 701.7555541992188]]","4","melanophage","train","gt"
"training_set_primary_roi_074:146","training_set_primary_roi_074","training_set_primary_roi_074","/content/drive/MyDrive/Research/PUMA/PUMA_STAGE2_COLAB/INPUTS/RAW/01_training_dataset_tif_ROIs/training_set_primary_roi_074.tif","387.44191919191917","946.131313131313","386.8484802246094","946.727294921875","[[386.8484802246094, 946.727294921875]]","4","melanophage","train","gt"
"training_set_metastatic_roi_028:526","training_set_metastatic_roi_028","training_set_metastatic_roi_028","/content/drive/MyDrive/Research/PUMA/PUMA_STAGE2_COLAB/INPUTS/RAW/01_training_dataset_tif_ROIs/training_set_metastatic_roi_028.tif","90.01346153846154","65.45961538461539","90.80769348144531","65.23076629638672","[[90.80769348144531, 65.23076629638672]]","4","melanophage","train","gt"
"training_set_primary_roi_041:133","training_set_primary_roi_041","training_set_primary_roi_041","/content/drive/MyDrive/Research/PUMA/PUMA_STAGE2_COLAB/INPUTS/RAW/01_training_dataset_tif_ROIs/training_set_primary_roi_041.tif","454.30265848670757","230.73578732106338","454.3055419921875","231.13888549804688","[[454.3055419921875, 231.13888549804688]]","4","melanophage","train","gt"
"training_set_metastatic_roi_092:28","training_set_metastatic_roi_092","training_set_metastatic_roi_092","/content/drive/MyDrive/Research/PUMA/PUMA_STAGE2_COLAB/INPUTS/RAW/01_training_dataset_tif_ROIs/training_set_metastatic_roi_092.tif","724.3657575757576","559.8163636363637","722.3713989257812","559.7999877929688","[[722.3713989257812, 559.7999877929688]]","4","melanophage","train","gt"
"training_set_primary_roi_031:70","training_set_primary_roi_031","training_set_primary_roi_031","/content/drive/MyDrive/Research/PUMA/PUMA_STAGE2_COLAB/INPUTS/RAW/01_training_dataset_tif_ROIs/training_set_primary_roi_031.tif","818.3905263157894","138.11789473684212","816.339599609375","137.867919921875","[[816.339599609375, 137.867919921875]]","4","melanophage","train","gt"
"training_set_primary_roi_053:142","training_set_primary_roi_053","training_set_primary_roi_053","/content/drive/MyDrive/Research/PUMA/PUMA_STAGE2_COLAB/INPUTS/RAW/01_training_dataset_tif_ROIs/training_set_primary_roi_053.tif","707.7025547445255","305.7153284671533","708.0908813476562","304.3636474609375","[[708.0908813476562, 304.3636474609375]]","4","melanophage","train","gt"
"training_set_primary_roi_090:182","training_set_primary_roi_090","training_set_primary_roi_090","/content/drive/MyDrive/Research/PUMA/PUMA_STAGE2_COLAB/INPUTS/RAW/01_training_dataset_tif_ROIs/training_set_primary_roi_090.tif","393.80380258899675","324.8503236245955","393.7209167480469","324.3488464355469","[[393.7209167480469, 324.3488464355469]]","4","melanophage","train","gt"
"training_set_primary_roi_043:591","training_set_primary_roi_043","training_set_primary_roi_043","/content/drive/MyDrive/Research/PUMA/PUMA_STAGE2_COLAB/INPUTS/RAW/01_training_dataset_tif_ROIs/training_set_primary_roi_043.tif","233.18676716917923","556.6353992183138","232.73684692382812","557.48681640625","[[232.73684692382812, 557.48681640625]]","4","melanophage","train","gt"
"training_set_primary_roi_001:328","training_set_primary_roi_001","training_set_primary_roi_001","/content/drive/MyDrive/Research/PUMA/PUMA_STAGE2_COLAB/INPUTS/RAW/01_training_dataset_tif_ROIs/training_set_primary_roi_001.tif","521.9857221306974","583.0807248764415","522.0344848632812","582.2413940429688","[[522.0344848632812, 582.2413940429688]]","4","melanophage","train","gt"
"training_set_primary_roi_051:398","training_set_primary_roi_051","training_set_primary_roi_051","/content/drive/MyDrive/Research/PUMA/PUMA_STAGE2_COLAB/INPUTS/RAW/01_training_dataset_tif_ROIs/training_set_primary_roi_051.tif","780.2349371478109","55.66579973992198","781.1153564453125","56.769229888916016","[[781.1153564453125, 56.769229888916016]]","4","melanophage","train","gt"
"training_set_primary_roi_049:437","training_set_primary_roi_049","training_set_primary_roi_049","/content/drive/MyDrive/Research/PUMA/PUMA_STAGE2_COLAB/INPUTS/RAW/01_training_dataset_tif_ROIs/training_set_primary_roi_049.tif","369.174154589372","910.3937198067632","369.3500061035156","909.3499755859375","[[369.3500061035156, 909.3499755859375]]","4","melanophage","train","gt"
"training_set_primary_roi_061:530","training_set_primary_roi_061","training_set_primary_roi_061","/content/drive/MyDrive/Research/PUMA/PUMA_STAGE2_COLAB/INPUTS/RAW/01_training_dataset_tif_ROIs/training_set_primary_roi_061.tif","342.44968833481744","136.6206589492431","342.1294250488281","135.55294799804688","[[342.1294250488281, 135.55294799804688]]","4","melanophage","train","gt"
"training_set_primary_roi_099:512","training_set_primary_roi_099","training_set_primary_roi_099","/content/drive/MyDrive/Research/PUMA/PUMA_STAGE2_COLAB/INPUTS/RAW/01_training_dataset_tif_ROIs/training_set_primary_roi_099.tif","310.6929460580913","164.0207468879668","310.7049255371094","163.63934326171875","[[310.7049255371094, 163.63934326171875]]","4","melanophage","train","gt"
"training_set_primary_roi_033:337","training_set_primary_roi_033","training_set_primary_roi_033","/content/drive/MyDrive/Research/PUMA/PUMA_STAGE2_COLAB/INPUTS/RAW/01_training_dataset_tif_ROIs/training_set_primary_roi_033.tif","801.7962657880286","960.8588687534323","800.4444580078125","961.6666870117188","[[800.4444580078125, 961.6666870117188]]","4","melanophage","train","gt"
"training_set_primary_roi_048:16","training_set_primary_roi_048","training_set_primary_roi_048","/content/drive/MyDrive/Research/PUMA/PUMA_STAGE2_COLAB/INPUTS/RAW/01_training_dataset_tif_ROIs/training_set_primary_roi_048.tif","558.2895559724827","14.57285803627267","558.0714111328125","14.285714149475098","[[558.0714111328125, 14.285714149475098]]","4","melanophage","train","gt"
"training_set_metastatic_roi_042:250","training_set_metastatic_roi_042","training_set_metastatic_roi_042","/content/drive/MyDrive/Research/PUMA/PUMA_STAGE2_COLAB/INPUTS/RAW/01_training_dataset_tif_ROIs/training_set_metastatic_roi_042.tif","982.4286759326993","855.1560594976835","983.720947265625","853.9534912109375","[[983.720947265625, 853.9534912109375]]","4","melanophage","train","gt"
"training_set_primary_roi_005:413","training_set_primary_roi_005","training_set_primary_roi_005","/content/drive/MyDrive/Research/PUMA/PUMA_STAGE2_COLAB/INPUTS/RAW/01_training_dataset_tif_ROIs/training_set_primary_roi_005.tif","870.0396065922382","1013.7328548644338","870.888916015625","1011.111083984375","[[870.888916015625, 1011.111083984375]]","4","melanophage","train","gt"
"training_set_primary_roi_026:255","training_set_primary_roi_026","training_set_primary_roi_026","/content/drive/MyDrive/Research/PUMA/PUMA_STAGE2_COLAB/INPUTS/RAW/01_training_dataset_tif_ROIs/training_set_primary_roi_026.tif","20.03682684381623","35.2879981834214","18.404821395874023","37.800537109375","[[18.404821395874023, 37.800537109375]]","4","melanophage","train","gt"
"training_set_metastatic_roi_011:316","training_set_metastatic_roi_011","training_set_metastatic_roi_011","/content/drive/MyDrive/Research/PUMA/PUMA_STAGE2_COLAB/INPUTS/RAW/01_training_dataset_tif_ROIs/training_set_metastatic_roi_011.tif","204.9465440926115","195.3524004085802","205.94285583496094","196.8000030517578","[[205.94285583496094, 196.8000030517578]]","4","melanophage","train","gt"
"training_set_primary_roi_074:78","training_set_primary_roi_074","training_set_primary_roi_074","/content/drive/MyDrive/Research/PUMA/PUMA_STAGE2_COLAB/INPUTS/RAW/01_training_dataset_tif_ROIs/training_set_primary_roi_074.tif","953.0152057245081","635.1583184257603","953.3076782226562","634.05126953125","[[953.3076782226562, 634.05126953125]]","4","melanophage","train","gt"
"training_set_metastatic_roi_028:421","training_set_metastatic_roi_028","training_set_metastatic_roi_028","/content/drive/MyDrive/Research/PUMA/PUMA_STAGE2_COLAB/INPUTS/RAW/01_training_dataset_tif_ROIs/training_set_metastatic_roi_028.tif","79.66849816849816","85.82234432234432","78.85185241699219","85.55555725097656","[[78.85185241699219, 85.55555725097656]]","4","melanophage","train","gt"
"training_set_primary_roi_041:73","training_set_primary_roi_041","training_set_primary_roi_041","/content/drive/MyDrive/Research/PUMA/PUMA_STAGE2_COLAB/INPUTS/RAW/01_training_dataset_tif_ROIs/training_set_primary_roi_041.tif","466.9148797920728","132.87881741390513","464.7368469238281","133.44737243652344","[[464.7368469238281, 133.44737243652344]]","4","melanophage","train","gt"
"training_set_metastatic_roi_092:243","training_set_metastatic_roi_092","training_set_metastatic_roi_092","/content/drive/MyDrive/Research/PUMA/PUMA_STAGE2_COLAB/INPUTS/RAW/01_training_dataset_tif_ROIs/training_set_metastatic_roi_092.tif","565.0969742063493","1013.9099702380952","564.9512329101562","1010.756103515625","[[564.9512329101562, 1010.756103515625]]","4","melanophage","train","gt"
"training_set_primary_roi_031:303","training_set_primary_roi_031","training_set_primary_roi_031","/content/drive/MyDrive/Research/PUMA/PUMA_STAGE2_COLAB/INPUTS/RAW/01_training_dataset_tif_ROIs/training_set_primary_roi_031.tif","983.5196347031964","957.3598173515982","983.5806274414062","958.3548583984375","[[983.5806274414062, 958.3548583984375]]","4","melanophage","train","gt"
"training_set_primary_roi_053:80","training_set_primary_roi_053","training_set_primary_roi_053","/content/drive/MyDrive/Research/PUMA/PUMA_STAGE2_COLAB/INPUTS/RAW/01_training_dataset_tif_ROIs/training_set_primary_roi_053.tif","931.61141359145","167.15345835854004","931.6944580078125","168.0","[[931.6944580078125, 168.0]]","4","melanophage","train","gt"
"training_set_primary_roi_090:261","training_set_primary_roi_090","training_set_primary_roi_090","/content/drive/MyDrive/Research/PUMA/PUMA_STAGE2_COLAB/INPUTS/RAW/01_training_dataset_tif_ROIs/training_set_primary_roi_090.tif","252.7591493570722","825.738377843719","252.75","827.2291870117188","[[252.75, 827.2291870117188]]","4","melanophage","train","gt"
"training_set_primary_roi_043:577","training_set_primary_roi_043","training_set_primary_roi_043","/content/drive/MyDrive/Research/PUMA/PUMA_STAGE2_COLAB/INPUTS/RAW/01_training_dataset_tif_ROIs/training_set_primary_roi_043.tif","969.7361932938855","469.88782051282055","971.8499755859375","468.01666259765625","[[971.8499755859375, 468.01666259765625]]","4","melanophage","train","gt"
"training_set_primary_roi_051:97","training_set_primary_roi_051","training_set_primary_roi_051","/content/drive/MyDrive/Research/PUMA/PUMA_STAGE2_COLAB/INPUTS/RAW/01_training_dataset_tif_ROIs/training_set_primary_roi_051.tif","922.7767123287671","437.18538812785386","922.8333129882812","434.4166564941406","[[922.8333129882812, 434.4166564941406]]","4","melanophage","train","gt"
"training_set_primary_roi_049:354","training_set_primary_roi_049","training_set_primary_roi_049","/content/drive/MyDrive/Research/PUMA/PUMA_STAGE2_COLAB/INPUTS/RAW/01_training_dataset_tif_ROIs/training_set_primary_roi_049.tif","709.1310909874946","835.4993531694696","709.1052856445312","834.6842041015625","[[709.1052856445312, 834.6842041015625]]","4","melanophage","train","gt"
"training_set_primary_roi_099:370","training_set_primary_roi_099","training_set_primary_roi_099","/content/drive/MyDrive/Research/PUMA/PUMA_STAGE2_COLAB/INPUTS/RAW/01_training_dataset_tif_ROIs/training_set_primary_roi_099.tif","305.9512372634643","62.0","305.78570556640625","62.39285659790039","[[305.78570556640625, 62.39285659790039]]","4","melanophage","train","gt"
"training_set_primary_roi_033:345","training_set_primary_roi_033","training_set_primary_roi_033","/content/drive/MyDrive/Research/PUMA/PUMA_STAGE2_COLAB/INPUTS/RAW/01_training_dataset_tif_ROIs/training_set_primary_roi_033.tif","261.748437924477","987.3439282803586","261.31109619140625","987.0888671875","[[261.31109619140625, 987.0888671875]]","4","melanophage","train","gt"
"training_set_primary_roi_048:608","training_set_primary_roi_048","training_set_primary_roi_048","/content/drive/MyDrive/Research/PUMA/PUMA_STAGE2_COLAB/INPUTS/RAW/01_training_dataset_tif_ROIs/training_set_primary_roi_048.tif","784.5403100775193","816.9635658914729","783.75","815.3333129882812","[[783.75, 815.3333129882812]]","4","melanophage","train","gt"
"training_set_metastatic_roi_042:163","training_set_metastatic_roi_042","training_set_metastatic_roi_042","/content/drive/MyDrive/Research/PUMA/PUMA_STAGE2_COLAB/INPUTS/RAW/01_training_dataset_tif_ROIs/training_set_metastatic_roi_042.tif","694.915293040293","1011.6382783882783","695.5454711914062","1010.9091186523438","[[695.5454711914062, 1010.9091186523438]]","4","melanophage","train","gt"
"training_set_primary_roi_005:10","training_set_primary_roi_005","training_set_primary_roi_005","/content/drive/MyDrive/Research/PUMA/PUMA_STAGE2_COLAB/INPUTS/RAW/01_training_dataset_tif_ROIs/training_set_primary_roi_005.tif","357.59662576687117","28.848670756646214","357.6666564941406","27.55555534362793","[[357.6666564941406, 27.55555534362793]]","4","melanophage","train","gt"
"training_set_primary_roi_026:114","training_set_primary_roi_026","training_set_primary_roi_026","/content/drive/MyDrive/Research/PUMA/PUMA_STAGE2_COLAB/INPUTS/RAW/01_training_dataset_tif_ROIs/training_set_primary_roi_026.tif","438.1314814814815","402.12438271604935","440.4888916015625","399.28887939453125","[[440.4888916015625, 399.28887939453125]]","4","melanophage","train","gt"
"training_set_metastatic_roi_011:231","training_set_metastatic_roi_011","training_set_metastatic_roi_011","/content/drive/MyDrive/Research/PUMA/PUMA_STAGE2_COLAB/INPUTS/RAW/01_training_dataset_tif_ROIs/training_set_metastatic_roi_011.tif","654.3921568627451","266.5778711484594","652.6153564453125","267.20513916015625","[[652.6153564453125, 267.20513916015625]]","4","melanophage","train","gt"
"training_set_primary_roi_074:427","training_set_primary_roi_074","training_set_primary_roi_074","/content/drive/MyDrive/Research/PUMA/PUMA_STAGE2_COLAB/INPUTS/RAW/01_training_dataset_tif_ROIs/training_set_primary_roi_074.tif","562.8757396449704","21.875739644970412","562.6885375976562","21.47541046142578","[[562.6885375976562, 21.47541046142578]]","4","melanophage","train","gt"
"training_set_primary_roi_041:36","training_set_primary_roi_041","training_set_primary_roi_041","/content/drive/MyDrive/Research/PUMA/PUMA_STAGE2_COLAB/INPUTS/RAW/01_training_dataset_tif_ROIs/training_set_primary_roi_041.tif","95.43160690571048","54.79714475431607","93.9142837524414","55.400001525878906","[[93.9142837524414, 55.400001525878906]]","4","melanophage","train","gt"
"training_set_metastatic_roi_092:183","training_set_metastatic_roi_092","training_set_metastatic_roi_092","/content/drive/MyDrive/Research/PUMA/PUMA_STAGE2_COLAB/INPUTS/RAW/01_training_dataset_tif_ROIs/training_set_metastatic_roi_092.tif","1004.9068432671081","456.2362030905077","1004.8163452148438","455.346923828125","[[1004.8163452148438, 455.346923828125]]","4","melanophage","train","gt"
"training_set_primary_roi_031:326","training_set_primary_roi_031","training_set_primary_roi_031","/content/drive/MyDrive/Research/PUMA/PUMA_STAGE2_COLAB/INPUTS/RAW/01_training_dataset_tif_ROIs/training_set_primary_roi_031.tif","734.6939759036145","906.2530120481928","734.52685546875","903.279541015625","[[734.52685546875, 903.279541015625]]","4","melanophage","train","gt"
"training_set_primary_roi_053:8","training_set_primary_roi_053","training_set_primary_roi_053","/content/drive/MyDrive/Research/PUMA/PUMA_STAGE2_COLAB/INPUTS/RAW/01_training_dataset_tif_ROIs/training_set_primary_roi_053.tif","764.9234159779614","7.249035812672177","762.8571166992188","8.0","[[762.8571166992188, 8.0]]","4","melanophage","train","gt"
"training_set_primary_roi_090:294","training_set_primary_roi_090","training_set_primary_roi_090","/content/drive/MyDrive/Research/PUMA/PUMA_STAGE2_COLAB/INPUTS/RAW/01_training_dataset_tif_ROIs/training_set_primary_roi_090.tif","745.8856071261134","736.5897796530708","746.2432250976562","735.54052734375","[[746.2432250976562, 735.54052734375]]","4","melanophage","train","gt"
"training_set_primary_roi_043:30","training_set_primary_roi_043","training_set_primary_roi_043","/content/drive/MyDrive/Research/PUMA/PUMA_STAGE2_COLAB/INPUTS/RAW/01_training_dataset_tif_ROIs/training_set_primary_roi_043.tif","99.96280848105665","43.663885992353144","99.125","42.04999923706055","[[99.125, 42.04999923706055]]","4","melanophage","train","gt"
"training_set_primary_roi_051:103","training_set_primary_roi_051","training_set_primary_roi_051","/content/drive/MyDrive/Research/PUMA/PUMA_STAGE2_COLAB/INPUTS/RAW/01_training_dataset_tif_ROIs/training_set_primary_roi_051.tif","643.3911792905081","452.9821029082774","641.7857055664062","451.0714416503906","[[641.7857055664062, 451.0714416503906]]","4","melanophage","train","gt"
"training_set_primary_roi_049:436","training_set_primary_roi_049","training_set_primary_roi_049","/content/drive/MyDrive/Research/PUMA/PUMA_STAGE2_COLAB/INPUTS/RAW/01_training_dataset_tif_ROIs/training_set_primary_roi_049.tif","762.3351775011527","319.72337482710924","763.076904296875","319.69232177734375","[[763.076904296875, 319.69232177734375]]","4","melanophage","train","gt"
"training_set_primary_roi_099:37","training_set_primary_roi_099","training_set_primary_roi_099","/content/drive/MyDrive/Research/PUMA/PUMA_STAGE2_COLAB/INPUTS/RAW/01_training_dataset_tif_ROIs/training_set_primary_roi_099.tif","802.6678208679593","692.6696675900278","802.6511840820312","691.3255615234375","[[802.6511840820312, 691.3255615234375]]","4","melanophage","train","gt"
"training_set_primary_roi_094:608","training_set_primary_roi_094","training_set_primary_roi_094","/content/drive/MyDrive/Research/PUMA/PUMA_STAGE2_COLAB/INPUTS/RAW/01_training_dataset_tif_ROIs/training_set_primary_roi_094.tif","386.94533869885987","111.23977196512408","386.29998779296875","109.69999694824219","[[386.29998779296875, 109.69999694824219]]","5","neutrophil","train","gt"
"training_set_metastatic_roi_100:58","training_set_metastatic_roi_100","training_set_metastatic_roi_100","/content/drive/MyDrive/Research/PUMA/PUMA_STAGE2_COLAB/INPUTS/RAW/01_training_dataset_tif_ROIs/training_set_metastatic_roi_100.tif","34.7704266088214","230.9830079537238","35.47368240356445","230.8947296142578","[[35.47368240356445, 230.8947296142578]]","5","neutrophil","train","gt"
"training_set_metastatic_roi_027:346","training_set_metastatic_roi_027","training_set_metastatic_roi_027","/content/drive/MyDrive/Research/PUMA/PUMA_STAGE2_COLAB/INPUTS/RAW/01_training_dataset_tif_ROIs/training_set_metastatic_roi_027.tif","55.616033755274266","1015.9578059071731","56.2400016784668","1015.5999755859375","[[56.2400016784668, 1015.5999755859375]]","5","neutrophil","train","gt"
"training_set_primary_roi_048:795","training_set_primary_roi_048","training_set_primary_roi_048","/content/drive/MyDrive/Research/PUMA/PUMA_STAGE2_COLAB/INPUTS/RAW/01_training_dataset_tif_ROIs/training_set_primary_roi_048.tif","388.79737442922374","697.1061643835617","387.1764831542969","697.7058715820312","[[387.1764831542969, 697.7058715820312]]","5","neutrophil","train","gt"
"training_set_primary_roi_028:150","training_set_primary_roi_028","training_set_primary_roi_028","/content/drive/MyDrive/Research/PUMA/PUMA_STAGE2_COLAB/INPUTS/RAW/01_training_dataset_tif_ROIs/training_set_primary_roi_028.tif","637.2976939203354","601.7940251572327","637.7777709960938","600.888916015625","[[637.7777709960938, 600.888916015625]]","5","neutrophil","train","gt"
"training_set_primary_roi_099:521","training_set_primary_roi_099","training_set_primary_roi_099","/content/drive/MyDrive/Research/PUMA/PUMA_STAGE2_COLAB/INPUTS/RAW/01_training_dataset_tif_ROIs/training_set_primary_roi_099.tif","45.46754807692308","675.8461538461538","44.655174255371094","672.7586059570312","[[44.655174255371094, 672.7586059570312]]","5","neutrophil","train","gt"
"training_set_metastatic_roi_024:221","training_set_metastatic_roi_024","training_set_metastatic_roi_024","/content/drive/MyDrive/Research/PUMA/PUMA_STAGE2_COLAB/INPUTS/RAW/01_training_dataset_tif_ROIs/training_set_metastatic_roi_024.tif","701.1983298538622","802.2352122477383","701.0908813476562","801.5454711914062","[[701.0908813476562, 801.5454711914062]]","5","neutrophil","train","gt"
"training_set_metastatic_roi_028:309","training_set_metastatic_roi_028","training_set_metastatic_roi_028","/content/drive/MyDrive/Research/PUMA/PUMA_STAGE2_COLAB/INPUTS/RAW/01_training_dataset_tif_ROIs/training_set_metastatic_roi_028.tif","738.9902222222222","818.6942222222222","738.5","818.7692260742188","[[738.5, 818.7692260742188]]","5","neutrophil","train","gt"
"training_set_metastatic_roi_100:72","training_set_metastatic_roi_100","training_set_metastatic_roi_100","/content/drive/MyDrive/Research/PUMA/PUMA_STAGE2_COLAB/INPUTS/RAW/01_training_dataset_tif_ROIs/training_set_metastatic_roi_100.tif","26.117690058479532","302.1067251461988","25.4761905670166","301.21429443359375","[[25.4761905670166, 301.21429443359375]]","5","neutrophil","train","gt"
"training_set_metastatic_roi_027:125","training_set_metastatic_roi_027","training_set_metastatic_roi_027","/content/drive/MyDrive/Research/PUMA/PUMA_STAGE2_COLAB/INPUTS/RAW/01_training_dataset_tif_ROIs/training_set_metastatic_roi_027.tif","407.93666666666667","287.90222222222224","407.8148193359375","287.4814758300781","[[407.8148193359375, 287.4814758300781]]","5","neutrophil","train","gt"
"training_set_primary_roi_048:797","training_set_primary_roi_048","training_set_primary_roi_048","/content/drive/MyDrive/Research/PUMA/PUMA_STAGE2_COLAB/INPUTS/RAW/01_training_dataset_tif_ROIs/training_set_primary_roi_048.tif","292.9562404870624","710.2614155251141","293.1000061035156","707.7000122070312","[[293.1000061035156, 707.7000122070312]]","5","neutrophil","train","gt"
"training_set_primary_roi_099:147","training_set_primary_roi_099","training_set_primary_roi_099","/content/drive/MyDrive/Research/PUMA/PUMA_STAGE2_COLAB/INPUTS/RAW/01_training_dataset_tif_ROIs/training_set_primary_roi_099.tif","31.53515834675255","647.597423510467","31.259260177612305","647.4074096679688","[[31.259260177612305, 647.4074096679688]]","5","neutrophil","train","gt"
"training_set_metastatic_roi_024:193","training_set_metastatic_roi_024","training_set_metastatic_roi_024","/content/drive/MyDrive/Research/PUMA/PUMA_STAGE2_COLAB/INPUTS/RAW/01_training_dataset_tif_ROIs/training_set_metastatic_roi_024.tif","466.620945681907","1001.4071903087143","468.3409118652344","1001.0","[[468.3409118652344, 1001.0]]","5","neutrophil","train","gt"
"training_set_metastatic_roi_027:456","training_set_metastatic_roi_027","training_set_metastatic_roi_027","/content/drive/MyDrive/Research/PUMA/PUMA_STAGE2_COLAB/INPUTS/RAW/01_training_dataset_tif_ROIs/training_set_metastatic_roi_027.tif","713.5980138169257","526.8190846286701","713.15625","526.3125","[[713.15625, 526.3125]]","5","neutrophil","train","gt"
"training_set_primary_roi_048:807","training_set_primary_roi_048","training_set_primary_roi_048","/content/drive/MyDrive/Research/PUMA/PUMA_STAGE2_COLAB/INPUTS/RAW/01_training_dataset_tif_ROIs/training_set_primary_roi_048.tif","365.4463768115942","711.6444444444445","364.5185241699219","707.629638671875","[[364.5185241699219, 707.629638671875]]","5","neutrophil","train","gt"
"training_set_metastatic_roi_027:385","training_set_metastatic_roi_027","training_set_metastatic_roi_027","/content/drive/MyDrive/Research/PUMA/PUMA_STAGE2_COLAB/INPUTS/RAW/01_training_dataset_tif_ROIs/training_set_metastatic_roi_027.tif","338.54679410593394","488.5424133811231","340.9764709472656","488.3176574707031","[[340.9764709472656, 488.3176574707031]]","5","neutrophil","train","gt"
"training_set_primary_roi_048:798","training_set_primary_roi_048","training_set_primary_roi_048","/content/drive/MyDrive/Research/PUMA/PUMA_STAGE2_COLAB/INPUTS/RAW/01_training_dataset_tif_ROIs/training_set_primary_roi_048.tif","584.2504638218924","375.5559678416821","583.8181762695312","373.5454406738281","[[583.8181762695312, 373.5454406738281]]","5","neutrophil","train","gt"
"training_set_metastatic_roi_027:374","training_set_metastatic_roi_027","training_set_metastatic_roi_027","/content/drive/MyDrive/Research/PUMA/PUMA_STAGE2_COLAB/INPUTS/RAW/01_training_dataset_tif_ROIs/training_set_metastatic_roi_027.tif","194.47477253928867","757.1488833746898","195.10606384277344","756.8636474609375","[[195.10606384277344, 756.8636474609375]]","5","neutrophil","train","gt"
"training_set_primary_roi_048:811","training_set_primary_roi_048","training_set_primary_roi_048","/content/drive/MyDrive/Research/PUMA/PUMA_STAGE2_COLAB/INPUTS/RAW/01_training_dataset_tif_ROIs/training_set_primary_roi_048.tif","856.5134727718108","1011.531844733371","859.8541870117188","1014.59375","[[859.8541870117188, 1014.59375]]","5","neutrophil","train","gt"
"training_set_metastatic_roi_027:413","training_set_metastatic_roi_027","training_set_metastatic_roi_027","/content/drive/MyDrive/Research/PUMA/PUMA_STAGE2_COLAB/INPUTS/RAW/01_training_dataset_tif_ROIs/training_set_metastatic_roi_027.tif","488.8297720797721","573.2478632478633","488.5416564941406","571.9583129882812","[[488.5416564941406, 571.9583129882812]]","5","neutrophil","train","gt"
"training_set_primary_roi_048:131","training_set_primary_roi_048","training_set_primary_roi_048","/content/drive/MyDrive/Research/PUMA/PUMA_STAGE2_COLAB/INPUTS/RAW/01_training_dataset_tif_ROIs/training_set_primary_roi_048.tif","1005.6297322253","189.56140350877195","1004.9166870117188","187.25","[[1004.9166870117188, 187.25]]","5","neutrophil","train","gt"
"training_set_metastatic_roi_027:96","training_set_metastatic_roi_027","training_set_metastatic_roi_027","/content/drive/MyDrive/Research/PUMA/PUMA_STAGE2_COLAB/INPUTS/RAW/01_training_dataset_tif_ROIs/training_set_metastatic_roi_027.tif","683.888219544846","210.760374832664","683.6400146484375","210.8800048828125","[[683.6400146484375, 210.8800048828125]]","5","neutrophil","train","gt"
"training_set_primary_roi_048:796","training_set_primary_roi_048","training_set_primary_roi_048","/content/drive/MyDrive/Research/PUMA/PUMA_STAGE2_COLAB/INPUTS/RAW/01_training_dataset_tif_ROIs/training_set_primary_roi_048.tif","414.078853046595","698.6677419354838","415.29412841796875","697.0","[[415.29412841796875, 697.0]]","5","neutrophil","train","gt"
"training_set_metastatic_roi_027:435","training_set_metastatic_roi_027","training_set_metastatic_roi_027","/content/drive/MyDrive/Research/PUMA/PUMA_STAGE2_COLAB/INPUTS/RAW/01_training_dataset_tif_ROIs/training_set_metastatic_roi_027.tif","170.2953216374269","859.7573099415205","172.64151000976562","857.8867797851562","[[172.64151000976562, 857.8867797851562]]","5","neutrophil","train","gt"
"training_set_metastatic_roi_027:273","training_set_metastatic_roi_027","training_set_metastatic_roi_027","/content/drive/MyDrive/Research/PUMA/PUMA_STAGE2_COLAB/INPUTS/RAW/01_training_dataset_tif_ROIs/training_set_metastatic_roi_027.tif","896.7785888077859","775.6885644768856","897.51611328125","775.48388671875","[[897.51611328125, 775.48388671875]]","5","neutrophil","train","gt"
"training_set_metastatic_roi_027:388","training_set_metastatic_roi_027","training_set_metastatic_roi_027","/content/drive/MyDrive/Research/PUMA/PUMA_STAGE2_COLAB/INPUTS/RAW/01_training_dataset_tif_ROIs/training_set_metastatic_roi_027.tif","200.93553865081788","59.39429210805471","199.0780792236328","58.037235260009766","[[199.0780792236328, 58.037235260009766]]","5","neutrophil","train","gt"
"training_set_metastatic_roi_027:154","training_set_metastatic_roi_027","training_set_metastatic_roi_027","/content/drive/MyDrive/Research/PUMA/PUMA_STAGE2_COLAB/INPUTS/RAW/01_training_dataset_tif_ROIs/training_set_metastatic_roi_027.tif","599.7973421926911","358.8084163898117","599.5484008789062","359.06451416015625","[[599.5484008789062, 359.06451416015625]]","5","neutrophil","train","gt"
"training_set_metastatic_roi_027:362","training_set_metastatic_roi_027","training_set_metastatic_roi_027","/content/drive/MyDrive/Research/PUMA/PUMA_STAGE2_COLAB/INPUTS/RAW/01_training_dataset_tif_ROIs/training_set_metastatic_roi_027.tif","507.9303959131546","58.30651340996169","508.4821472167969","58.76785659790039","[[508.4821472167969, 58.76785659790039]]","5","neutrophil","train","gt"
"training_set_metastatic_roi_027:392","training_set_metastatic_roi_027","training_set_metastatic_roi_027","/content/drive/MyDrive/Research/PUMA/PUMA_STAGE2_COLAB/INPUTS/RAW/01_training_dataset_tif_ROIs/training_set_metastatic_roi_027.tif","584.8482328482329","59.410949410949414","583.8113403320312","61.660377502441406","[[583.8113403320312, 61.660377502441406]]","5","neutrophil","train","gt"
"training_set_metastatic_roi_027:406","training_set_metastatic_roi_027","training_set_metastatic_roi_027","/content/drive/MyDrive/Research/PUMA/PUMA_STAGE2_COLAB/INPUTS/RAW/01_training_dataset_tif_ROIs/training_set_metastatic_roi_027.tif","887.1336593317034","552.3846780766096","886.872314453125","552.9361572265625","[[886.872314453125, 552.9361572265625]]","5","neutrophil","train","gt"
"training_set_metastatic_roi_027:431","training_set_metastatic_roi_027","training_set_metastatic_roi_027","/content/drive/MyDrive/Research/PUMA/PUMA_STAGE2_COLAB/INPUTS/RAW/01_training_dataset_tif_ROIs/training_set_metastatic_roi_027.tif","706.1887159533073","419.5972762645914","707.6463623046875","419.6463317871094","[[707.6463623046875, 419.6463317871094]]","5","neutrophil","train","gt"
"training_set_metastatic_roi_027:288","training_set_metastatic_roi_027","training_set_metastatic_roi_027","/content/drive/MyDrive/Research/PUMA/PUMA_STAGE2_COLAB/INPUTS/RAW/01_training_dataset_tif_ROIs/training_set_metastatic_roi_027.tif","499.36463223787166","833.0292123109024","499.941162109375","828.8235473632812","[[499.941162109375, 828.8235473632812]]","5","neutrophil","train","gt"
"training_set_metastatic_roi_027:386","training_set_metastatic_roi_027","training_set_metastatic_roi_027","/content/drive/MyDrive/Research/PUMA/PUMA_STAGE2_COLAB/INPUTS/RAW/01_training_dataset_tif_ROIs/training_set_metastatic_roi_027.tif","200.87026264762912","795.479111581174","200.02655029296875","795.78759765625","[[200.02655029296875, 795.78759765625], [198.60000610351562, 783.0]]","5","neutrophil","train","gt"
"training_set_metastatic_roi_027:422","training_set_metastatic_roi_027","training_set_metastatic_roi_027","/content/drive/MyDrive/Research/PUMA/PUMA_STAGE2_COLAB/INPUTS/RAW/01_training_dataset_tif_ROIs/training_set_metastatic_roi_027.tif","1012.97","289.30777777777774","1015.111083984375","293.1428527832031","[[1015.111083984375, 293.1428527832031]]","5","neutrophil","train","gt"
"training_set_metastatic_roi_027:458","training_set_metastatic_roi_027","training_set_metastatic_roi_027","/content/drive/MyDrive/Research/PUMA/PUMA_STAGE2_COLAB/INPUTS/RAW/01_training_dataset_tif_ROIs/training_set_metastatic_roi_027.tif","50.901277584204415","219.40224545102595","48.61111068725586","217.5833282470703","[[48.61111068725586, 217.5833282470703]]","5","neutrophil","train","gt"
"training_set_metastatic_roi_027:75","training_set_metastatic_roi_027","training_set_metastatic_roi_027","/content/drive/MyDrive/Research/PUMA/PUMA_STAGE2_COLAB/INPUTS/RAW/01_training_dataset_tif_ROIs/training_set_metastatic_roi_027.tif","25.304982817869416","147.6975945017182","26.75","145.5","[[26.75, 145.5]]","5","neutrophil","train","gt"
"training_set_metastatic_roi_027:357","training_set_metastatic_roi_027","training_set_metastatic_roi_027","/content/drive/MyDrive/Research/PUMA/PUMA_STAGE2_COLAB/INPUTS/RAW/01_training_dataset_tif_ROIs/training_set_metastatic_roi_027.tif","132.5","864.5219966159053","133.43182373046875","864.3181762695312","[[133.43182373046875, 864.3181762695312]]","5","neutrophil","train","gt"
"training_set_metastatic_roi_027:428","training_set_metastatic_roi_027","training_set_metastatic_roi_027","/content/drive/MyDrive/Research/PUMA/PUMA_STAGE2_COLAB/INPUTS/RAW/01_training_dataset_tif_ROIs/training_set_metastatic_roi_027.tif","693.1329622758194","496.99381570810147","692.18603515625","496.3023376464844","[[692.18603515625, 496.3023376464844]]","5","neutrophil","train","gt"
"training_set_metastatic_roi_027:239","training_set_metastatic_roi_027","training_set_metastatic_roi_027","/content/drive/MyDrive/Research/PUMA/PUMA_STAGE2_COLAB/INPUTS/RAW/01_training_dataset_tif_ROIs/training_set_metastatic_roi_027.tif","134.9491298527443","661.0669344042838","135.0625","660.3125","[[135.0625, 660.3125]]","5","neutrophil","train","gt"
"training_set_metastatic_roi_027:424","training_set_metastatic_roi_027","training_set_metastatic_roi_027","/content/drive/MyDrive/Research/PUMA/PUMA_STAGE2_COLAB/INPUTS/RAW/01_training_dataset_tif_ROIs/training_set_metastatic_roi_027.tif","926.8941112911939","19.92760669908158","927.2857055664062","21.071428298950195","[[927.2857055664062, 21.071428298950195]]","5","neutrophil","train","gt"
"training_set_metastatic_roi_027:353","training_set_metastatic_roi_027","training_set_metastatic_roi_027","/content/drive/MyDrive/Research/PUMA/PUMA_STAGE2_COLAB/INPUTS/RAW/01_training_dataset_tif_ROIs/training_set_metastatic_roi_027.tif","56.734272300469485","661.3981220657278","58.16666793823242","660.0416870117188","[[58.16666793823242, 660.0416870117188]]","5","neutrophil","train","gt"
"training_set_metastatic_roi_027:134","training_set_metastatic_roi_027","training_set_metastatic_roi_027","/content/drive/MyDrive/Research/PUMA/PUMA_STAGE2_COLAB/INPUTS/RAW/01_training_dataset_tif_ROIs/training_set_metastatic_roi_027.tif","624.5483434753211","306.21433400946586","625.6500244140625","305.2749938964844","[[625.6500244140625, 305.2749938964844]]","5","neutrophil","train","gt"
"training_set_metastatic_roi_027:188","training_set_metastatic_roi_027","training_set_metastatic_roi_027","/content/drive/MyDrive/Research/PUMA/PUMA_STAGE2_COLAB/INPUTS/RAW/01_training_dataset_tif_ROIs/training_set_metastatic_roi_027.tif","297.4265010351967","497.16666666666663","297.4666748046875","497.5666809082031","[[297.4666748046875, 497.5666809082031]]","5","neutrophil","train","gt"
"training_set_metastatic_roi_027:411","training_set_metastatic_roi_027","training_set_metastatic_roi_027","/content/drive/MyDrive/Research/PUMA/PUMA_STAGE2_COLAB/INPUTS/RAW/01_training_dataset_tif_ROIs/training_set_metastatic_roi_027.tif","412.43273905996756","557.54943273906","411.3999938964844","558.5555419921875","[[411.3999938964844, 558.5555419921875]]","5","neutrophil","train","gt"
"training_set_metastatic_roi_027:268","training_set_metastatic_roi_027","training_set_metastatic_roi_027","/content/drive/MyDrive/Research/PUMA/PUMA_STAGE2_COLAB/INPUTS/RAW/01_training_dataset_tif_ROIs/training_set_metastatic_roi_027.tif","119.8525641025641","762.2243589743589","121.46154022216797","763.1923217773438","[[121.46154022216797, 763.1923217773438]]","5","neutrophil","train","gt"
"training_set_metastatic_roi_027:426","training_set_metastatic_roi_027","training_set_metastatic_roi_027","/content/drive/MyDrive/Research/PUMA/PUMA_STAGE2_COLAB/INPUTS/RAW/01_training_dataset_tif_ROIs/training_set_metastatic_roi_027.tif","643.2629262926292","286.74807480748075","643.1010131835938","287.97979736328125","[[643.1010131835938, 287.97979736328125]]","5","neutrophil","train","gt"
"training_set_metastatic_roi_027:397","training_set_metastatic_roi_027","training_set_metastatic_roi_027","/content/drive/MyDrive/Research/PUMA/PUMA_STAGE2_COLAB/INPUTS/RAW/01_training_dataset_tif_ROIs/training_set_metastatic_roi_027.tif","648.3437037037037","55.98444444444444","648.877197265625","55.421051025390625","[[648.877197265625, 55.421051025390625], [646.5, 63.125]]","5","neutrophil","train","gt"
"training_set_metastatic_roi_027:86","training_set_metastatic_roi_027","training_set_metastatic_roi_027","/content/drive/MyDrive/Research/PUMA/PUMA_STAGE2_COLAB/INPUTS/RAW/01_training_dataset_tif_ROIs/training_set_metastatic_roi_027.tif","641.5943661971831","183.5417840375587","641.6666870117188","183.5","[[641.6666870117188, 183.5]]","5","neutrophil","train","gt"
"training_set_metastatic_roi_027:332","training_set_metastatic_roi_027","training_set_metastatic_roi_027","/content/drive/MyDrive/Research/PUMA/PUMA_STAGE2_COLAB/INPUTS/RAW/01_training_dataset_tif_ROIs/training_set_metastatic_roi_027.tif","270.69762641898865","974.1754385964913","269.81817626953125","974.1363525390625","[[269.81817626953125, 974.1363525390625]]","5","neutrophil","train","gt"
"training_set_metastatic_roi_027:197","training_set_metastatic_roi_027","training_set_metastatic_roi_027","/content/drive/MyDrive/Research/PUMA/PUMA_STAGE2_COLAB/INPUTS/RAW/01_training_dataset_tif_ROIs/training_set_metastatic_roi_027.tif","677.2322880371661","516.8199767711964","676.0908813476562","515.727294921875","[[676.0908813476562, 515.727294921875]]","5","neutrophil","train","gt"
"training_set_metastatic_roi_027:367","training_set_metastatic_roi_027","training_set_metastatic_roi_027","/content/drive/MyDrive/Research/PUMA/PUMA_STAGE2_COLAB/INPUTS/RAW/01_training_dataset_tif_ROIs/training_set_metastatic_roi_027.tif","1009.5287037037037","982.762962962963","1010.2553100585938","983.1063842773438","[[1010.2553100585938, 983.1063842773438]]","5","neutrophil","train","gt"
"training_set_metastatic_roi_027:252","training_set_metastatic_roi_027","training_set_metastatic_roi_027","/content/drive/MyDrive/Research/PUMA/PUMA_STAGE2_COLAB/INPUTS/RAW/01_training_dataset_tif_ROIs/training_set_metastatic_roi_027.tif","170.74751243781097","689.2699004975125","171.38095092773438","688.6666870117188","[[171.38095092773438, 688.6666870117188]]","5","neutrophil","train","gt"
"training_set_metastatic_roi_027:64","training_set_metastatic_roi_027","training_set_metastatic_roi_027","/content/drive/MyDrive/Research/PUMA/PUMA_STAGE2_COLAB/INPUTS/RAW/01_training_dataset_tif_ROIs/training_set_metastatic_roi_027.tif","756.4504504504504","122.98970398970398","756.923095703125","122.96154022216797","[[756.923095703125, 122.96154022216797]]","5","neutrophil","train","gt"
"training_set_metastatic_roi_027:244","training_set_metastatic_roi_027","training_set_metastatic_roi_027","/content/drive/MyDrive/Research/PUMA/PUMA_STAGE2_COLAB/INPUTS/RAW/01_training_dataset_tif_ROIs/training_set_metastatic_roi_027.tif","153.0912981455064","679.2895863052781","151.5263214111328","679.2105102539062","[[151.5263214111328, 679.2105102539062]]","5","neutrophil","train","gt"
"training_set_metastatic_roi_027:427","training_set_metastatic_roi_027","training_set_metastatic_roi_027","/content/drive/MyDrive/Research/PUMA/PUMA_STAGE2_COLAB/INPUTS/RAW/01_training_dataset_tif_ROIs/training_set_metastatic_roi_027.tif","601.7422293676314","396.7706323687031","600.9451904296875","398.7671203613281","[[600.9451904296875, 398.7671203613281]]","5","neutrophil","train","gt"
"training_set_metastatic_roi_027:49","training_set_metastatic_roi_027","training_set_metastatic_roi_027","/content/drive/MyDrive/Research/PUMA/PUMA_STAGE2_COLAB/INPUTS/RAW/01_training_dataset_tif_ROIs/training_set_metastatic_roi_027.tif","591.191809227579","99.25194401244168","591.4705810546875","97.70587921142578","[[591.4705810546875, 97.70587921142578]]","5","neutrophil","train","gt"
"training_set_metastatic_roi_027:436","training_set_metastatic_roi_027","training_set_metastatic_roi_027","/content/drive/MyDrive/Research/PUMA/PUMA_STAGE2_COLAB/INPUTS/RAW/01_training_dataset_tif_ROIs/training_set_metastatic_roi_027.tif","804.6948608137045","374.56138472519626","802.7659301757812","374.0638427734375","[[802.7659301757812, 374.0638427734375]]","5","neutrophil","train","gt"
"training_set_metastatic_roi_027:256","training_set_metastatic_roi_027","training_set_metastatic_roi_027","/content/drive/MyDrive/Research/PUMA/PUMA_STAGE2_COLAB/INPUTS/RAW/01_training_dataset_tif_ROIs/training_set_metastatic_roi_027.tif","99.77263157894737","725.0645614035088","99.14814758300781","723.5184936523438","[[99.14814758300781, 723.5184936523438]]","5","neutrophil","train","gt"
"training_set_metastatic_roi_027:355","training_set_metastatic_roi_027","training_set_metastatic_roi_027","/content/drive/MyDrive/Research/PUMA/PUMA_STAGE2_COLAB/INPUTS/RAW/01_training_dataset_tif_ROIs/training_set_metastatic_roi_027.tif","60.272965879265094","621.8884514435695","59.47222137451172","620.1666870117188","[[59.47222137451172, 620.1666870117188], [56.400001525878906, 613.2000122070312]]","5","neutrophil","train","gt"
"training_set_metastatic_roi_027:360","training_set_metastatic_roi_027","training_set_metastatic_roi_027","/content/drive/MyDrive/Research/PUMA/PUMA_STAGE2_COLAB/INPUTS/RAW/01_training_dataset_tif_ROIs/training_set_metastatic_roi_027.tif","261.6508379888268","872.7281191806333","262.7674560546875","869.9767456054688","[[262.7674560546875, 869.9767456054688]]","5","neutrophil","train","gt"
"training_set_metastatic_roi_027:67","training_set_metastatic_roi_027","training_set_metastatic_roi_027","/content/drive/MyDrive/Research/PUMA/PUMA_STAGE2_COLAB/INPUTS/RAW/01_training_dataset_tif_ROIs/training_set_metastatic_roi_027.tif","166.19543378995434","129.69406392694066","165.2941131591797","129.44117736816406","[[165.2941131591797, 129.44117736816406]]","5","neutrophil","train","gt"
"training_set_metastatic_roi_027:294","training_set_metastatic_roi_027","training_set_metastatic_roi_027","/content/drive/MyDrive/Research/PUMA/PUMA_STAGE2_COLAB/INPUTS/RAW/01_training_dataset_tif_ROIs/training_set_metastatic_roi_027.tif","110.31913116123643","865.8354218880535","109.7727279663086","864.4091186523438","[[109.7727279663086, 864.4091186523438]]","5","neutrophil","train","gt"
"training_set_metastatic_roi_027:126","training_set_metastatic_roi_027","training_set_metastatic_roi_027","/content/drive/MyDrive/Research/PUMA/PUMA_STAGE2_COLAB/INPUTS/RAW/01_training_dataset_tif_ROIs/training_set_metastatic_roi_027.tif","253.19982773471145","289.1421188630491","255.6923065185547","287.9615478515625","[[255.6923065185547, 287.9615478515625]]","5","neutrophil","train","gt"
"training_set_metastatic_roi_027:382","training_set_metastatic_roi_027","training_set_metastatic_roi_027","/content/drive/MyDrive/Research/PUMA/PUMA_STAGE2_COLAB/INPUTS/RAW/01_training_dataset_tif_ROIs/training_set_metastatic_roi_027.tif","62.9174734900876","53.01613646841862","63.88679122924805","54.641510009765625","[[63.88679122924805, 54.641510009765625]]","5","neutrophil","train","gt"
"training_set_metastatic_roi_027:445","training_set_metastatic_roi_027","training_set_metastatic_roi_027","/content/drive/MyDrive/Research/PUMA/PUMA_STAGE2_COLAB/INPUTS/RAW/01_training_dataset_tif_ROIs/training_set_metastatic_roi_027.tif","326.6216069489685","262.55573651827723","328.0161437988281","262.69354248046875","[[328.0161437988281, 262.69354248046875]]","5","neutrophil","train","gt"
"training_set_metastatic_roi_027:172","training_set_metastatic_roi_027","training_set_metastatic_roi_027","/content/drive/MyDrive/Research/PUMA/PUMA_STAGE2_COLAB/INPUTS/RAW/01_training_dataset_tif_ROIs/training_set_metastatic_roi_027.tif","649.8338136407301","418.4918347742555","649.1666870117188","417.5833435058594","[[649.1666870117188, 417.5833435058594]]","5","neutrophil","train","gt"
"training_set_metastatic_roi_027:264","training_set_metastatic_roi_027","training_set_metastatic_roi_027","/content/drive/MyDrive/Research/PUMA/PUMA_STAGE2_COLAB/INPUTS/RAW/01_training_dataset_tif_ROIs/training_set_metastatic_roi_027.tif","997.0220167327168","755.1409070893878","995.7567749023438","756.270263671875","[[995.7567749023438, 756.270263671875]]","5","neutrophil","train","gt"
"training_set_metastatic_roi_027:358","training_set_metastatic_roi_027","training_set_metastatic_roi_027","/content/drive/MyDrive/Research/PUMA/PUMA_STAGE2_COLAB/INPUTS/RAW/01_training_dataset_tif_ROIs/training_set_metastatic_roi_027.tif","137.77207977207976","927.9444444444445","137.05661010742188","926.5094604492188","[[137.05661010742188, 926.5094604492188]]","5","neutrophil","train","gt"
"training_set_metastatic_roi_027:25","training_set_metastatic_roi_027","training_set_metastatic_roi_027","/content/drive/MyDrive/Research/PUMA/PUMA_STAGE2_COLAB/INPUTS/RAW/01_training_dataset_tif_ROIs/training_set_metastatic_roi_027.tif","491.48285714285714","51.417142857142856","492.2592468261719","51.44444274902344","[[492.2592468261719, 51.44444274902344]]","5","neutrophil","train","gt"
"training_set_metastatic_roi_027:214","training_set_metastatic_roi_027","training_set_metastatic_roi_027","/content/drive/MyDrive/Research/PUMA/PUMA_STAGE2_COLAB/INPUTS/RAW/01_training_dataset_tif_ROIs/training_set_metastatic_roi_027.tif","531.7251828631139","563.9905956112852","531.4583129882812","564.75","[[531.4583129882812, 564.75]]","5","neutrophil","train","gt"
"training_set_metastatic_roi_027:16","training_set_metastatic_roi_027","training_set_metastatic_roi_027","/content/drive/MyDrive/Research/PUMA/PUMA_STAGE2_COLAB/INPUTS/RAW/01_training_dataset_tif_ROIs/training_set_metastatic_roi_027.tif","351.93886097152426","32.99916247906197","351.5","31.899999618530273","[[351.5, 31.899999618530273]]","5","neutrophil","train","gt"
"training_set_metastatic_roi_027:300","training_set_metastatic_roi_027","training_set_metastatic_roi_027","/content/drive/MyDrive/Research/PUMA/PUMA_STAGE2_COLAB/INPUTS/RAW/01_training_dataset_tif_ROIs/training_set_metastatic_roi_027.tif","676.061191626409","880.8309178743962","675.51513671875","881.5757446289062","[[675.51513671875, 881.5757446289062]]","5","neutrophil","train","gt"
"training_set_primary_roi_061:415","training_set_primary_roi_061","training_set_primary_roi_061","/content/drive/MyDrive/Research/PUMA/PUMA_STAGE2_COLAB/INPUTS/RAW/01_training_dataset_tif_ROIs/training_set_primary_roi_061.tif","286.60695970695974","834.9948717948719","286.3658447265625","834.9512329101562","[[286.3658447265625, 834.9512329101562]]","6","stroma","train","gt"
"training_set_metastatic_roi_005:223","training_set_metastatic_roi_005","training_set_metastatic_roi_005","/content/drive/MyDrive/Research/PUMA/PUMA_STAGE2_COLAB/INPUTS/RAW/01_training_dataset_tif_ROIs/training_set_metastatic_roi_005.tif","972.8358208955224","790.8175787728027","973.3846435546875","789.7307739257812","[[973.3846435546875, 789.7307739257812]]","6","stroma","train","gt"
"training_set_metastatic_roi_027:56","training_set_metastatic_roi_027","training_set_metastatic_roi_027","/content/drive/MyDrive/Research/PUMA/PUMA_STAGE2_COLAB/INPUTS/RAW/01_training_dataset_tif_ROIs/training_set_metastatic_roi_027.tif","517.9270315091211","111.05887230514095","518.629638671875","111.51851654052734","[[518.629638671875, 111.51851654052734]]","6","stroma","train","gt"
"training_set_primary_roi_023:136","training_set_primary_roi_023","training_set_primary_roi_023","/content/drive/MyDrive/Research/PUMA/PUMA_STAGE2_COLAB/INPUTS/RAW/01_training_dataset_tif_ROIs/training_set_primary_roi_023.tif","144.24785478547855","343.0211221122112","146.08511352539062","343.2765808105469","[[146.08511352539062, 343.2765808105469]]","6","stroma","train","gt"
"training_set_primary_roi_100:323","training_set_primary_roi_100","training_set_primary_roi_100","/content/drive/MyDrive/Research/PUMA/PUMA_STAGE2_COLAB/INPUTS/RAW/01_training_dataset_tif_ROIs/training_set_primary_roi_100.tif","743.6569847856156","842.600622406639","742.4242553710938","842.4242553710938","[[742.4242553710938, 842.4242553710938]]","6","stroma","train","gt"
"training_set_metastatic_roi_057:597","training_set_metastatic_roi_057","training_set_metastatic_roi_057","/content/drive/MyDrive/Research/PUMA/PUMA_STAGE2_COLAB/INPUTS/RAW/01_training_dataset_tif_ROIs/training_set_metastatic_roi_057.tif","883.6340996168583","792.9214559386974","883.5384521484375","792.2564086914062","[[883.5384521484375, 792.2564086914062]]","6","stroma","train","gt"
"training_set_primary_roi_004:170","training_set_primary_roi_004","training_set_primary_roi_004","/content/drive/MyDrive/Research/PUMA/PUMA_STAGE2_COLAB/INPUTS/RAW/01_training_dataset_tif_ROIs/training_set_primary_roi_004.tif","277.51356993736954","585.0654140570633","278.370361328125","585.8148193359375","[[278.370361328125, 585.8148193359375]]","6","stroma","train","gt"
"training_set_primary_roi_001:440","training_set_primary_roi_001","training_set_primary_roi_001","/content/drive/MyDrive/Research/PUMA/PUMA_STAGE2_COLAB/INPUTS/RAW/01_training_dataset_tif_ROIs/training_set_primary_roi_001.tif","289.5589638718473","764.7546012269938","288.3488464355469","764.093017578125","[[288.3488464355469, 764.093017578125]]","6","stroma","train","gt"
"training_set_primary_roi_051:208","training_set_primary_roi_051","training_set_primary_roi_051","/content/drive/MyDrive/Research/PUMA/PUMA_STAGE2_COLAB/INPUTS/RAW/01_training_dataset_tif_ROIs/training_set_primary_roi_051.tif","145.55092109836636","731.3375043448036","144.0833282470703","730.8333129882812","[[144.0833282470703, 730.8333129882812]]","6","stroma","train","gt"
"training_set_primary_roi_028:90","training_set_primary_roi_028","training_set_primary_roi_028","/content/drive/MyDrive/Research/PUMA/PUMA_STAGE2_COLAB/INPUTS/RAW/01_training_dataset_tif_ROIs/training_set_primary_roi_028.tif","33.63469863469864","342.4881784881785","34.39130401611328","341.4057922363281","[[34.39130401611328, 341.4057922363281]]","6","stroma","train","gt"
"training_set_primary_roi_049:155","training_set_primary_roi_049","training_set_primary_roi_049","/content/drive/MyDrive/Research/PUMA/PUMA_STAGE2_COLAB/INPUTS/RAW/01_training_dataset_tif_ROIs/training_set_primary_roi_049.tif","376.5807656395892","393.06349206349205","377.29998779296875","389.29998779296875","[[377.29998779296875, 389.29998779296875]]","6","stroma","train","gt"
"training_set_metastatic_roi_011:347","training_set_metastatic_roi_011","training_set_metastatic_roi_011","/content/drive/MyDrive/Research/PUMA/PUMA_STAGE2_COLAB/INPUTS/RAW/01_training_dataset_tif_ROIs/training_set_metastatic_roi_011.tif","515.2897526501766","663.0447585394581","512.9354858398438","663.9031982421875","[[512.9354858398438, 663.9031982421875]]","6","stroma","train","gt"
"training_set_primary_roi_048:740","training_set_primary_roi_048","training_set_primary_roi_048","/content/drive/MyDrive/Research/PUMA/PUMA_STAGE2_COLAB/INPUTS/RAW/01_training_dataset_tif_ROIs/training_set_primary_roi_048.tif","181.4271402550091","973.7841530054645","181.0833282470703","973.3333129882812","[[181.0833282470703, 973.3333129882812]]","6","stroma","train","gt"
"training_set_primary_roi_026:57","training_set_primary_roi_026","training_set_primary_roi_026","/content/drive/MyDrive/Research/PUMA/PUMA_STAGE2_COLAB/INPUTS/RAW/01_training_dataset_tif_ROIs/training_set_primary_roi_026.tif","4.2648809523809526","187.109126984127","5.199999809265137","185.6999969482422","[[5.199999809265137, 185.6999969482422]]","6","stroma","train","gt"
"training_set_metastatic_roi_045:269","training_set_metastatic_roi_045","training_set_metastatic_roi_045","/content/drive/MyDrive/Research/PUMA/PUMA_STAGE2_COLAB/INPUTS/RAW/01_training_dataset_tif_ROIs/training_set_metastatic_roi_045.tif","1011.6007984031937","673.3433133732534","1010.9310302734375","673.3103637695312","[[1010.9310302734375, 673.3103637695312]]","6","stroma","train","gt"
"training_set_primary_roi_103:54","training_set_primary_roi_103","training_set_primary_roi_103","/content/drive/MyDrive/Research/PUMA/PUMA_STAGE2_COLAB/INPUTS/RAW/01_training_dataset_tif_ROIs/training_set_primary_roi_103.tif","993.8382352941177","998.0588235294117","995.04345703125","998.478271484375","[[995.04345703125, 998.478271484375]]","6","stroma","train","gt"
"training_set_primary_roi_084:89","training_set_primary_roi_084","training_set_primary_roi_084","/content/drive/MyDrive/Research/PUMA/PUMA_STAGE2_COLAB/INPUTS/RAW/01_training_dataset_tif_ROIs/training_set_primary_roi_084.tif","636.5382851902797","263.2806052269601","639.8536376953125","262.8292541503906","[[639.8536376953125, 262.8292541503906]]","6","stroma","train","gt"
"training_set_primary_roi_047:114","training_set_primary_roi_047","training_set_primary_roi_047","/content/drive/MyDrive/Research/PUMA/PUMA_STAGE2_COLAB/INPUTS/RAW/01_training_dataset_tif_ROIs/training_set_primary_roi_047.tif","606.024323653512","499.0935716058575","605.9285888671875","497.4285583496094","[[605.9285888671875, 497.4285583496094]]","6","stroma","train","gt"
"training_set_primary_roi_005:359","training_set_primary_roi_005","training_set_primary_roi_005","/content/drive/MyDrive/Research/PUMA/PUMA_STAGE2_COLAB/INPUTS/RAW/01_training_dataset_tif_ROIs/training_set_primary_roi_005.tif","427.4297693920335","760.335429769392","427.1111145019531","759.3333129882812","[[427.1111145019531, 759.3333129882812]]","6","stroma","train","gt"
"training_set_primary_roi_043:247","training_set_primary_roi_043","training_set_primary_roi_043","/content/drive/MyDrive/Research/PUMA/PUMA_STAGE2_COLAB/INPUTS/RAW/01_training_dataset_tif_ROIs/training_set_primary_roi_043.tif","99.70630932439977","329.0781686208822","99.53125","327.90625","[[99.53125, 327.90625]]","6","stroma","train","gt"
"training_set_primary_roi_099:224","training_set_primary_roi_099","training_set_primary_roi_099","/content/drive/MyDrive/Research/PUMA/PUMA_STAGE2_COLAB/INPUTS/RAW/01_training_dataset_tif_ROIs/training_set_primary_roi_099.tif","775.5679563492064","209.60416666666666","776.0277709960938","210.5","[[776.0277709960938, 210.5]]","6","stroma","train","gt"
"training_set_metastatic_roi_091:238","training_set_metastatic_roi_091","training_set_metastatic_roi_091","/content/drive/MyDrive/Research/PUMA/PUMA_STAGE2_COLAB/INPUTS/RAW/01_training_dataset_tif_ROIs/training_set_metastatic_roi_091.tif","743.1039123630673","365.69702660406887","740.021728515625","368.0434875488281","[[740.021728515625, 368.0434875488281]]","6","stroma","train","gt"
"training_set_metastatic_roi_055:420","training_set_metastatic_roi_055","training_set_metastatic_roi_055","/content/drive/MyDrive/Research/PUMA/PUMA_STAGE2_COLAB/INPUTS/RAW/01_training_dataset_tif_ROIs/training_set_metastatic_roi_055.tif","142.78299120234604","383.0708699902248","141.32432556152344","384.0","[[141.32432556152344, 384.0]]","6","stroma","train","gt"
"training_set_metastatic_roi_069:188","training_set_metastatic_roi_069","training_set_metastatic_roi_069","/content/drive/MyDrive/Research/PUMA/PUMA_STAGE2_COLAB/INPUTS/RAW/01_training_dataset_tif_ROIs/training_set_metastatic_roi_069.tif","907.4089834515366","339.0614657210402","907.25","338.20001220703125","[[907.25, 338.20001220703125]]","6","stroma","train","gt"
"training_set_primary_roi_030:26","training_set_primary_roi_030","training_set_primary_roi_030","/content/drive/MyDrive/Research/PUMA/PUMA_STAGE2_COLAB/INPUTS/RAW/01_training_dataset_tif_ROIs/training_set_primary_roi_030.tif","813.5377094972067","180.56017225325883","815.6990356445312","183.1165008544922","[[815.6990356445312, 183.1165008544922]]","6","stroma","train","gt"
"training_set_metastatic_roi_043:154","training_set_metastatic_roi_043","training_set_metastatic_roi_043","/content/drive/MyDrive/Research/PUMA/PUMA_STAGE2_COLAB/INPUTS/RAW/01_training_dataset_tif_ROIs/training_set_metastatic_roi_043.tif","932.0445103857567","759.6310583580613","933.1707153320312","759.0","[[933.1707153320312, 759.0]]","6","stroma","train","gt"
"training_set_metastatic_roi_007:138","training_set_metastatic_roi_007","training_set_metastatic_roi_007","/content/drive/MyDrive/Research/PUMA/PUMA_STAGE2_COLAB/INPUTS/RAW/01_training_dataset_tif_ROIs/training_set_metastatic_roi_007.tif","592.7104283054003","908.9165114835506","594.6383056640625","911.4042358398438","[[594.6383056640625, 911.4042358398438]]","6","stroma","train","gt"
"training_set_metastatic_roi_063:484","training_set_metastatic_roi_063","training_set_metastatic_roi_063","/content/drive/MyDrive/Research/PUMA/PUMA_STAGE2_COLAB/INPUTS/RAW/01_training_dataset_tif_ROIs/training_set_metastatic_roi_063.tif","672.8100113765643","359.79749715585893","672.64404296875","359.1864318847656","[[672.64404296875, 359.1864318847656]]","6","stroma","train","gt"
"training_set_metastatic_roi_060:207","training_set_metastatic_roi_060","training_set_metastatic_roi_060","/content/drive/MyDrive/Research/PUMA/PUMA_STAGE2_COLAB/INPUTS/RAW/01_training_dataset_tif_ROIs/training_set_metastatic_roi_060.tif","91.22340425531915","927.1406619385342","92.45833587646484","925.2916870117188","[[92.45833587646484, 925.2916870117188]]","6","stroma","train","gt"
"training_set_primary_roi_055:391","training_set_primary_roi_055","training_set_primary_roi_055","/content/drive/MyDrive/Research/PUMA/PUMA_STAGE2_COLAB/INPUTS/RAW/01_training_dataset_tif_ROIs/training_set_primary_roi_055.tif","171.47826086956522","794.1925465838509","170.89999389648438","793.2000122070312","[[170.89999389648438, 793.2000122070312]]","6","stroma","train","gt"
"training_set_primary_roi_063:351","training_set_primary_roi_063","training_set_primary_roi_063","/content/drive/MyDrive/Research/PUMA/PUMA_STAGE2_COLAB/INPUTS/RAW/01_training_dataset_tif_ROIs/training_set_primary_roi_063.tif","847.6038800705467","713.4440917107584","847.9583129882812","713.5416870117188","[[847.9583129882812, 713.5416870117188]]","6","stroma","train","gt"
"training_set_primary_roi_017:218","training_set_primary_roi_017","training_set_primary_roi_017","/content/drive/MyDrive/Research/PUMA/PUMA_STAGE2_COLAB/INPUTS/RAW/01_training_dataset_tif_ROIs/training_set_primary_roi_017.tif","52.323839662447256","771.6413502109705","50.421051025390625","771.6842041015625","[[50.421051025390625, 771.6842041015625]]","6","stroma","train","gt"
"training_set_primary_roi_033:134","training_set_primary_roi_033","training_set_primary_roi_033","/content/drive/MyDrive/Research/PUMA/PUMA_STAGE2_COLAB/INPUTS/RAW/01_training_dataset_tif_ROIs/training_set_primary_roi_033.tif","77.28281068524971","403.4756097560976","78.13043212890625","403.521728515625","[[78.13043212890625, 403.521728515625]]","6","stroma","train","gt"
"training_set_primary_roi_094:369","training_set_primary_roi_094","training_set_primary_roi_094","/content/drive/MyDrive/Research/PUMA/PUMA_STAGE2_COLAB/INPUTS/RAW/01_training_dataset_tif_ROIs/training_set_primary_roi_094.tif","699.1277777777777","635.15","701.2222290039062","634.2222290039062","[[701.2222290039062, 634.2222290039062]]","6","stroma","train","gt"
"training_set_metastatic_roi_092:212","training_set_metastatic_roi_092","training_set_metastatic_roi_092","/content/drive/MyDrive/Research/PUMA/PUMA_STAGE2_COLAB/INPUTS/RAW/01_training_dataset_tif_ROIs/training_set_metastatic_roi_092.tif","876.2083333333333","406.8639705882353","876.7825927734375","406.478271484375","[[876.7825927734375, 406.478271484375]]","6","stroma","train","gt"
"training_set_metastatic_roi_028:416","training_set_metastatic_roi_028","training_set_metastatic_roi_028","/content/drive/MyDrive/Research/PUMA/PUMA_STAGE2_COLAB/INPUTS/RAW/01_training_dataset_tif_ROIs/training_set_metastatic_roi_028.tif","633.5409356725147","983.5299707602339","632.1764526367188","983.2941284179688","[[632.1764526367188, 983.2941284179688]]","6","stroma","train","gt"
"training_set_metastatic_roi_014:24","training_set_metastatic_roi_014","training_set_metastatic_roi_014","/content/drive/MyDrive/Research/PUMA/PUMA_STAGE2_COLAB/INPUTS/RAW/01_training_dataset_tif_ROIs/training_set_metastatic_roi_014.tif","29.897712418300653","45.12352941176471","30.021276473999023","47.82978820800781","[[30.021276473999023, 47.82978820800781]]","6","stroma","train","gt"
"training_set_metastatic_roi_003:52","training_set_metastatic_roi_003","training_set_metastatic_roi_003","/content/drive/MyDrive/Research/PUMA/PUMA_STAGE2_COLAB/INPUTS/RAW/01_training_dataset_tif_ROIs/training_set_metastatic_roi_003.tif","39.063859649122804","128.8706432748538","39.01852035522461","128.44444274902344","[[39.01852035522461, 128.44444274902344]]","6","stroma","train","gt"
"training_set_primary_roi_089:145","training_set_primary_roi_089","training_set_primary_roi_089","/content/drive/MyDrive/Research/PUMA/PUMA_STAGE2_COLAB/INPUTS/RAW/01_training_dataset_tif_ROIs/training_set_primary_roi_089.tif","853.6558139534884","535.9695090439276","855.028564453125","536.5999755859375","[[855.028564453125, 536.5999755859375]]","6","stroma","train","gt"
"training_set_metastatic_roi_075:345","training_set_metastatic_roi_075","training_set_metastatic_roi_075","/content/drive/MyDrive/Research/PUMA/PUMA_STAGE2_COLAB/INPUTS/RAW/01_training_dataset_tif_ROIs/training_set_metastatic_roi_075.tif","348.61933413557966","875.6506217408744","348.2159118652344","874.5908813476562","[[348.2159118652344, 874.5908813476562]]","6","stroma","train","gt"
"training_set_metastatic_roi_016:367","training_set_metastatic_roi_016","training_set_metastatic_roi_016","/content/drive/MyDrive/Research/PUMA/PUMA_STAGE2_COLAB/INPUTS/RAW/01_training_dataset_tif_ROIs/training_set_metastatic_roi_016.tif","457.3757372867846","101.23672883787661","458.6000061035156","102.28888702392578","[[458.6000061035156, 102.28888702392578]]","6","stroma","train","gt"
"training_set_metastatic_roi_052:304","training_set_metastatic_roi_052","training_set_metastatic_roi_052","/content/drive/MyDrive/Research/PUMA/PUMA_STAGE2_COLAB/INPUTS/RAW/01_training_dataset_tif_ROIs/training_set_metastatic_roi_052.tif","663.4212962962963","898.1662037037037","660.7058715820312","898.941162109375","[[660.7058715820312, 898.941162109375]]","6","stroma","train","gt"
"training_set_primary_roi_090:383","training_set_primary_roi_090","training_set_primary_roi_090","/content/drive/MyDrive/Research/PUMA/PUMA_STAGE2_COLAB/INPUTS/RAW/01_training_dataset_tif_ROIs/training_set_primary_roi_090.tif","582.7580372250422","859.2064297800338","584.1764526367188","859.4117431640625","[[584.1764526367188, 859.4117431640625]]","6","stroma","train","gt"
"training_set_primary_roi_074:312","training_set_primary_roi_074","training_set_primary_roi_074","/content/drive/MyDrive/Research/PUMA/PUMA_STAGE2_COLAB/INPUTS/RAW/01_training_dataset_tif_ROIs/training_set_primary_roi_074.tif","386.1651741293532","907.7293532338308","386.5555419921875","907.6666870117188","[[386.5555419921875, 907.6666870117188]]","6","stroma","train","gt"
"training_set_metastatic_roi_064:606","training_set_metastatic_roi_064","training_set_metastatic_roi_064","/content/drive/MyDrive/Research/PUMA/PUMA_STAGE2_COLAB/INPUTS/RAW/01_training_dataset_tif_ROIs/training_set_metastatic_roi_064.tif","371.3142250530786","833.3938428874734","371.4230651855469","833.826904296875","[[371.4230651855469, 833.826904296875]]","6","stroma","train","gt"
"training_set_primary_roi_041:70","training_set_primary_roi_041","training_set_primary_roi_041","/content/drive/MyDrive/Research/PUMA/PUMA_STAGE2_COLAB/INPUTS/RAW/01_training_dataset_tif_ROIs/training_set_primary_roi_041.tif","983.5421455938698","120.38362068965517","982.625","120.4000015258789","[[982.625, 120.4000015258789]]","6","stroma","train","gt"
"training_set_primary_roi_031:243","training_set_primary_roi_031","training_set_primary_roi_031","/content/drive/MyDrive/Research/PUMA/PUMA_STAGE2_COLAB/INPUTS/RAW/01_training_dataset_tif_ROIs/training_set_primary_roi_031.tif","256.50369003690037","673.0596555965559","256.76470947265625","672.5294189453125","[[256.76470947265625, 672.5294189453125]]","6","stroma","train","gt"
"training_set_metastatic_roi_070:382","training_set_metastatic_roi_070","training_set_metastatic_roi_070","/content/drive/MyDrive/Research/PUMA/PUMA_STAGE2_COLAB/INPUTS/RAW/01_training_dataset_tif_ROIs/training_set_metastatic_roi_070.tif","213.28056628056626","755.8918918918919","211.96551513671875","755.0344848632812","[[211.96551513671875, 755.0344848632812]]","6","stroma","train","gt"
"training_set_metastatic_roi_006:217","training_set_metastatic_roi_006","training_set_metastatic_roi_006","/content/drive/MyDrive/Research/PUMA/PUMA_STAGE2_COLAB/INPUTS/RAW/01_training_dataset_tif_ROIs/training_set_metastatic_roi_006.tif","49.527522935779814","677.1269113149847","50.13333511352539","676.7666625976562","[[50.13333511352539, 676.7666625976562]]","6","stroma","train","gt"
"training_set_primary_roi_053:194","training_set_primary_roi_053","training_set_primary_roi_053","/content/drive/MyDrive/Research/PUMA/PUMA_STAGE2_COLAB/INPUTS/RAW/01_training_dataset_tif_ROIs/training_set_primary_roi_053.tif","668.0074606981082","426.9928057553957","669.2000122070312","425.26666259765625","[[669.2000122070312, 425.26666259765625]]","6","stroma","train","gt"
"training_set_primary_roi_061:516","training_set_primary_roi_061","training_set_primary_roi_061","/content/drive/MyDrive/Research/PUMA/PUMA_STAGE2_COLAB/INPUTS/RAW/01_training_dataset_tif_ROIs/training_set_primary_roi_061.tif","786.1501436781609","1013.0847701149424","785.21875","1010.625","[[785.21875, 1010.625]]","6","stroma","train","gt"
"training_set_metastatic_roi_005:188","training_set_metastatic_roi_005","training_set_metastatic_roi_005","/content/drive/MyDrive/Research/PUMA/PUMA_STAGE2_COLAB/INPUTS/RAW/01_training_dataset_tif_ROIs/training_set_metastatic_roi_005.tif","989.6670746634027","921.4471644226846","987.7435913085938","918.6923217773438","[[987.7435913085938, 918.6923217773438]]","6","stroma","train","gt"
"training_set_metastatic_roi_027:310","training_set_metastatic_roi_027","training_set_metastatic_roi_027","/content/drive/MyDrive/Research/PUMA/PUMA_STAGE2_COLAB/INPUTS/RAW/01_training_dataset_tif_ROIs/training_set_metastatic_roi_027.tif","2.6846153846153844","913.8871794871794","2.9166667461395264","913.4166870117188","[[2.9166667461395264, 913.4166870117188]]","6","stroma","train","gt"
"training_set_primary_roi_023:117","training_set_primary_roi_023","training_set_primary_roi_023","/content/drive/MyDrive/Research/PUMA/PUMA_STAGE2_COLAB/INPUTS/RAW/01_training_dataset_tif_ROIs/training_set_primary_roi_023.tif","720.1800766283525","296.5325670498084","720.2352905273438","295.5882263183594","[[720.2352905273438, 295.5882263183594]]","6","stroma","train","gt"
"training_set_primary_roi_100:153","training_set_primary_roi_100","training_set_primary_roi_100","/content/drive/MyDrive/Research/PUMA/PUMA_STAGE2_COLAB/INPUTS/RAW/01_training_dataset_tif_ROIs/training_set_primary_roi_100.tif","326.4986322782337","453.04337631887455","327.2069091796875","452.39654541015625","[[327.2069091796875, 452.39654541015625]]","6","stroma","train","gt"
"training_set_metastatic_roi_057:391","training_set_metastatic_roi_057","training_set_metastatic_roi_057","/content/drive/MyDrive/Research/PUMA/PUMA_STAGE2_COLAB/INPUTS/RAW/01_training_dataset_tif_ROIs/training_set_metastatic_roi_057.tif","537.5433186490455","390.16005873715125","537.6551513671875","392.10345458984375","[[537.6551513671875, 392.10345458984375]]","6","stroma","train","gt"
"training_set_primary_roi_004:100","training_set_primary_roi_004","training_set_primary_roi_004","/content/drive/MyDrive/Research/PUMA/PUMA_STAGE2_COLAB/INPUTS/RAW/01_training_dataset_tif_ROIs/training_set_primary_roi_004.tif","391.8234139960759","335.55395683453236","392.16900634765625","335.28167724609375","[[392.16900634765625, 335.28167724609375]]","6","stroma","train","gt"
"training_set_primary_roi_001:515","training_set_primary_roi_001","training_set_primary_roi_001","/content/drive/MyDrive/Research/PUMA/PUMA_STAGE2_COLAB/INPUTS/RAW/01_training_dataset_tif_ROIs/training_set_primary_roi_001.tif","805.4996384671005","869.2133044107013","805.3713989257812","868.8285522460938","[[805.3713989257812, 868.8285522460938]]","6","stroma","train","gt"
"training_set_primary_roi_051:8","training_set_primary_roi_051","training_set_primary_roi_051","/content/drive/MyDrive/Research/PUMA/PUMA_STAGE2_COLAB/INPUTS/RAW/01_training_dataset_tif_ROIs/training_set_primary_roi_051.tif","600.6307142857142","15.845714285714285","601.4705810546875","15.058823585510254","[[601.4705810546875, 15.058823585510254]]","6","stroma","train","gt"
"training_set_primary_roi_028:188","training_set_primary_roi_028","training_set_primary_roi_028","/content/drive/MyDrive/Research/PUMA/PUMA_STAGE2_COLAB/INPUTS/RAW/01_training_dataset_tif_ROIs/training_set_primary_roi_028.tif","283.1364977205685","757.9281308661839","284.8857116699219","759.2857055664062","[[284.8857116699219, 759.2857055664062]]","6","stroma","train","gt"
"training_set_primary_roi_049:230","training_set_primary_roi_049","training_set_primary_roi_049","/content/drive/MyDrive/Research/PUMA/PUMA_STAGE2_COLAB/INPUTS/RAW/01_training_dataset_tif_ROIs/training_set_primary_roi_049.tif","821.6385636221702","561.7673692427791","821.5","557.8333129882812","[[821.5, 557.8333129882812]]","6","stroma","train","gt"
"training_set_primary_roi_048:602","training_set_primary_roi_048","training_set_primary_roi_048","/content/drive/MyDrive/Research/PUMA/PUMA_STAGE2_COLAB/INPUTS/RAW/01_training_dataset_tif_ROIs/training_set_primary_roi_048.tif","168.16955017301038","806.1510957324106","168.625","804.625","[[168.625, 804.625]]","6","stroma","train","gt"
"training_set_primary_roi_026:47","training_set_primary_roi_026","training_set_primary_roi_026","/content/drive/MyDrive/Research/PUMA/PUMA_STAGE2_COLAB/INPUTS/RAW/01_training_dataset_tif_ROIs/training_set_primary_roi_026.tif","13.104980842911878","148.94942528735632","12.518518447875977","147.3333282470703","[[12.518518447875977, 147.3333282470703]]","6","stroma","train","gt"
"training_set_metastatic_roi_045:247","training_set_metastatic_roi_045","training_set_metastatic_roi_045","/content/drive/MyDrive/Research/PUMA/PUMA_STAGE2_COLAB/INPUTS/RAW/01_training_dataset_tif_ROIs/training_set_metastatic_roi_045.tif","739.5550423402617","782.4742109314857","738.6875","781.5625","[[738.6875, 781.5625]]","6","stroma","train","gt"
"training_set_primary_roi_103:51","training_set_primary_roi_103","training_set_primary_roi_103","/content/drive/MyDrive/Research/PUMA/PUMA_STAGE2_COLAB/INPUTS/RAW/01_training_dataset_tif_ROIs/training_set_primary_roi_103.tif","781.9626865671642","559.5","781.629638671875","560.2222290039062","[[781.629638671875, 560.2222290039062]]","6","stroma","train","gt"
"training_set_primary_roi_084:455","training_set_primary_roi_084","training_set_primary_roi_084","/content/drive/MyDrive/Research/PUMA/PUMA_STAGE2_COLAB/INPUTS/RAW/01_training_dataset_tif_ROIs/training_set_primary_roi_084.tif","902.0273785078713","266.05407255304584","899.1538696289062","266.23077392578125","[[899.1538696289062, 266.23077392578125]]","6","stroma","train","gt"
"training_set_primary_roi_047:789","training_set_primary_roi_047","training_set_primary_roi_047","/content/drive/MyDrive/Research/PUMA/PUMA_STAGE2_COLAB/INPUTS/RAW/01_training_dataset_tif_ROIs/training_set_primary_roi_047.tif","758.2338983050847","744.5468926553673","758.6363525390625","743.3636474609375","[[758.6363525390625, 743.3636474609375]]","6","stroma","train","gt"
"training_set_primary_roi_005:362","training_set_primary_roi_005","training_set_primary_roi_005","/content/drive/MyDrive/Research/PUMA/PUMA_STAGE2_COLAB/INPUTS/RAW/01_training_dataset_tif_ROIs/training_set_primary_roi_005.tif","122.24774774774775","764.0202702702703","120.33333587646484","764.3333129882812","[[120.33333587646484, 764.3333129882812]]","6","stroma","train","gt"
"training_set_primary_roi_043:256","training_set_primary_roi_043","training_set_primary_roi_043","/content/drive/MyDrive/Research/PUMA/PUMA_STAGE2_COLAB/INPUTS/RAW/01_training_dataset_tif_ROIs/training_set_primary_roi_043.tif","78.88418079096046","336.80320150659134","78.31999969482422","335.8399963378906","[[78.31999969482422, 335.8399963378906]]","6","stroma","train","gt"
"training_set_primary_roi_099:526","training_set_primary_roi_099","training_set_primary_roi_099","/content/drive/MyDrive/Research/PUMA/PUMA_STAGE2_COLAB/INPUTS/RAW/01_training_dataset_tif_ROIs/training_set_primary_roi_099.tif","426.09096244131456","258.48826291079814","425.5882263183594","258.6176452636719","[[425.5882263183594, 258.6176452636719]]","6","stroma","train","gt"
"training_set_metastatic_roi_091:267","training_set_metastatic_roi_091","training_set_metastatic_roi_091","/content/drive/MyDrive/Research/PUMA/PUMA_STAGE2_COLAB/INPUTS/RAW/01_training_dataset_tif_ROIs/training_set_metastatic_roi_091.tif","834.8444581788216","47.67854690289795","835.385009765625","46.314998626708984","[[835.385009765625, 46.314998626708984]]","6","stroma","train","gt"
"training_set_metastatic_roi_055:760","training_set_metastatic_roi_055","training_set_metastatic_roi_055","/content/drive/MyDrive/Research/PUMA/PUMA_STAGE2_COLAB/INPUTS/RAW/01_training_dataset_tif_ROIs/training_set_metastatic_roi_055.tif","26.2125748502994","796.62375249501","25.933332443237305","796.6333618164062","[[25.933332443237305, 796.6333618164062]]","6","stroma","train","gt"
"training_set_primary_roi_030:227","training_set_primary_roi_030","training_set_primary_roi_030","/content/drive/MyDrive/Research/PUMA/PUMA_STAGE2_COLAB/INPUTS/RAW/01_training_dataset_tif_ROIs/training_set_primary_roi_030.tif","637.7144522144522","201.72610722610725","637.0892944335938","197.54464721679688","[[637.0892944335938, 197.54464721679688]]","7","epithelium","train","gt"
"training_set_primary_roi_103:269","training_set_primary_roi_103","training_set_primary_roi_103","/content/drive/MyDrive/Research/PUMA/PUMA_STAGE2_COLAB/INPUTS/RAW/01_training_dataset_tif_ROIs/training_set_primary_roi_103.tif","472.64621848739495","918.3974789915966","473.4067687988281","915.4067993164062","[[473.4067687988281, 915.4067993164062]]","7","epithelium","train","gt"
"training_set_primary_roi_074:85","training_set_primary_roi_074","training_set_primary_roi_074","/content/drive/MyDrive/Research/PUMA/PUMA_STAGE2_COLAB/INPUTS/RAW/01_training_dataset_tif_ROIs/training_set_primary_roi_074.tif","174.361553030303","523.1575757575757","175.09091186523438","519.8181762695312","[[175.09091186523438, 519.8181762695312]]","7","epithelium","train","gt"
"training_set_primary_roi_100:7","training_set_primary_roi_100","training_set_primary_roi_100","/content/drive/MyDrive/Research/PUMA/PUMA_STAGE2_COLAB/INPUTS/RAW/01_training_dataset_tif_ROIs/training_set_primary_roi_100.tif","897.5140275796482","7.725154541131716","895.8787841796875","8.393939018249512","[[895.8787841796875, 8.393939018249512]]","7","epithelium","train","gt"
"training_set_primary_roi_089:259","training_set_primary_roi_089","training_set_primary_roi_089","/content/drive/MyDrive/Research/PUMA/PUMA_STAGE2_COLAB/INPUTS/RAW/01_training_dataset_tif_ROIs/training_set_primary_roi_089.tif","98.7892437892438","878.5984165984166","97.54000091552734","878.52001953125","[[97.54000091552734, 878.52001953125]]","7","epithelium","train","gt"
"training_set_primary_roi_033:77","training_set_primary_roi_033","training_set_primary_roi_033","/content/drive/MyDrive/Research/PUMA/PUMA_STAGE2_COLAB/INPUTS/RAW/01_training_dataset_tif_ROIs/training_set_primary_roi_033.tif","334.63188405797104","245.44124860646602","334.346923828125","242.69387817382812","[[334.346923828125, 242.69387817382812]]","7","epithelium","train","gt"
"training_set_primary_roi_004:132","training_set_primary_roi_004","training_set_primary_roi_004","/content/drive/MyDrive/Research/PUMA/PUMA_STAGE2_COLAB/INPUTS/RAW/01_training_dataset_tif_ROIs/training_set_primary_roi_004.tif","526.0829159710629","458.28797996661103","525.219482421875","460.19512939453125","[[525.219482421875, 460.19512939453125]]","7","epithelium","train","gt"
"training_set_primary_roi_090:33","training_set_primary_roi_090","training_set_primary_roi_090","/content/drive/MyDrive/Research/PUMA/PUMA_STAGE2_COLAB/INPUTS/RAW/01_training_dataset_tif_ROIs/training_set_primary_roi_090.tif","27.871719160104988","217.0498687664042","26.66666603088379","216.14285278320312","[[26.66666603088379, 216.14285278320312]]","7","epithelium","train","gt"
"training_set_primary_roi_026:210","training_set_primary_roi_026","training_set_primary_roi_026","/content/drive/MyDrive/Research/PUMA/PUMA_STAGE2_COLAB/INPUTS/RAW/01_training_dataset_tif_ROIs/training_set_primary_roi_026.tif","941.4031958379784","878.6503158677073","944.1666870117188","877.6904907226562","[[944.1666870117188, 877.6904907226562]]","7","epithelium","train","gt"
"training_set_primary_roi_061:264","training_set_primary_roi_061","training_set_primary_roi_061","/content/drive/MyDrive/Research/PUMA/PUMA_STAGE2_COLAB/INPUTS/RAW/01_training_dataset_tif_ROIs/training_set_primary_roi_061.tif","662.0373966199209","527.9385113268609","661.6591186523438","527.5681762695312","[[661.6591186523438, 527.5681762695312]]","7","epithelium","train","gt"
"training_set_primary_roi_030:111","training_set_primary_roi_030","training_set_primary_roi_030","/content/drive/MyDrive/Research/PUMA/PUMA_STAGE2_COLAB/INPUTS/RAW/01_training_dataset_tif_ROIs/training_set_primary_roi_030.tif","623.554424778761","615.5884955752213","624.5178833007812","617.125","[[624.5178833007812, 617.125]]","7","epithelium","train","gt"
"training_set_primary_roi_103:78","training_set_primary_roi_103","training_set_primary_roi_103","/content/drive/MyDrive/Research/PUMA/PUMA_STAGE2_COLAB/INPUTS/RAW/01_training_dataset_tif_ROIs/training_set_primary_roi_103.tif","609.488603988604","118.46153846153847","610.4683837890625","117.9493637084961","[[610.4683837890625, 117.9493637084961]]","7","epithelium","train","gt"
"training_set_primary_roi_074:48","training_set_primary_roi_074","training_set_primary_roi_074","/content/drive/MyDrive/Research/PUMA/PUMA_STAGE2_COLAB/INPUTS/RAW/01_training_dataset_tif_ROIs/training_set_primary_roi_074.tif","286.5447015138532","336.0745501285347","286.1666564941406","334.2916564941406","[[286.1666564941406, 334.2916564941406]]","7","epithelium","train","gt"
"training_set_primary_roi_100:63","training_set_primary_roi_100","training_set_primary_roi_100","/content/drive/MyDrive/Research/PUMA/PUMA_STAGE2_COLAB/INPUTS/RAW/01_training_dataset_tif_ROIs/training_set_primary_roi_100.tif","982.743488295417","172.287504121332","982.61767578125","172.44117736816406","[[982.61767578125, 172.44117736816406]]","7","epithelium","train","gt"
"training_set_primary_roi_089:271","training_set_primary_roi_089","training_set_primary_roi_089","/content/drive/MyDrive/Research/PUMA/PUMA_STAGE2_COLAB/INPUTS/RAW/01_training_dataset_tif_ROIs/training_set_primary_roi_089.tif","7.012870012870013","531.3693693693693","8.199999809265137","530.5599975585938","[[8.199999809265137, 530.5599975585938]]","7","epithelium","train","gt"
"training_set_primary_roi_033:43","training_set_primary_roi_033","training_set_primary_roi_033","/content/drive/MyDrive/Research/PUMA/PUMA_STAGE2_COLAB/INPUTS/RAW/01_training_dataset_tif_ROIs/training_set_primary_roi_033.tif","905.7740159647674","148.69446738232867","904.9642944335938","150.5","[[904.9642944335938, 150.5]]","7","epithelium","train","gt"
"training_set_primary_roi_004:259","training_set_primary_roi_004","training_set_primary_roi_004","/content/drive/MyDrive/Research/PUMA/PUMA_STAGE2_COLAB/INPUTS/RAW/01_training_dataset_tif_ROIs/training_set_primary_roi_004.tif","628.4332582018532","796.855246681693","630.3333129882812","797.90478515625","[[630.3333129882812, 797.90478515625]]","7","epithelium","train","gt"
"training_set_primary_roi_090:0","training_set_primary_roi_090","training_set_primary_roi_090","/content/drive/MyDrive/Research/PUMA/PUMA_STAGE2_COLAB/INPUTS/RAW/01_training_dataset_tif_ROIs/training_set_primary_roi_090.tif","51.897203325774754","161.19173595364072","52.58695602416992","161.3913116455078","[[52.58695602416992, 161.3913116455078]]","7","epithelium","train","gt"
"training_set_primary_roi_026:3","training_set_primary_roi_026","training_set_primary_roi_026","/content/drive/MyDrive/Research/PUMA/PUMA_STAGE2_COLAB/INPUTS/RAW/01_training_dataset_tif_ROIs/training_set_primary_roi_026.tif","1014.947011706716","13.54158964879852","1014.258056640625","18.161291122436523","[[1014.258056640625, 18.161291122436523]]","7","epithelium","train","gt"
"training_set_primary_roi_061:541","training_set_primary_roi_061","training_set_primary_roi_061","/content/drive/MyDrive/Research/PUMA/PUMA_STAGE2_COLAB/INPUTS/RAW/01_training_dataset_tif_ROIs/training_set_primary_roi_061.tif","50.546836337928596","621.9628844114528","51.89285659790039","623.0714111328125","[[51.89285659790039, 623.0714111328125]]","7","epithelium","train","gt"
"training_set_primary_roi_030:172","training_set_primary_roi_030","training_set_primary_roi_030","/content/drive/MyDrive/Research/PUMA/PUMA_STAGE2_COLAB/INPUTS/RAW/01_training_dataset_tif_ROIs/training_set_primary_roi_030.tif","558.0549533273111","885.5289069557363","556.9655151367188","887.137939453125","[[556.9655151367188, 887.137939453125]]","7","epithelium","train","gt"
"training_set_primary_roi_103:77","training_set_primary_roi_103","training_set_primary_roi_103","/content/drive/MyDrive/Research/PUMA/PUMA_STAGE2_COLAB/INPUTS/RAW/01_training_dataset_tif_ROIs/training_set_primary_roi_103.tif","575.9518388791594","113.26182136602452","575.1972045898438","114.22534942626953","[[575.1972045898438, 114.22534942626953]]","7","epithelium","train","gt"
"training_set_primary_roi_074:68","training_set_primary_roi_074","training_set_primary_roi_074","/content/drive/MyDrive/Research/PUMA/PUMA_STAGE2_COLAB/INPUTS/RAW/01_training_dataset_tif_ROIs/training_set_primary_roi_074.tif","287.5099862258953","635.4641873278238","289.1538391113281","634.8204956054688","[[289.1538391113281, 634.8204956054688]]","7","epithelium","train","gt"
"training_set_primary_roi_100:109","training_set_primary_roi_100","training_set_primary_roi_100","/content/drive/MyDrive/Research/PUMA/PUMA_STAGE2_COLAB/INPUTS/RAW/01_training_dataset_tif_ROIs/training_set_primary_roi_100.tif","966.2055485498108","296.526271542665","965.085693359375","297.05712890625","[[965.085693359375, 297.05712890625]]","7","epithelium","train","gt"
"training_set_primary_roi_089:192","training_set_primary_roi_089","training_set_primary_roi_089","/content/drive/MyDrive/Research/PUMA/PUMA_STAGE2_COLAB/INPUTS/RAW/01_training_dataset_tif_ROIs/training_set_primary_roi_089.tif","657.8525","202.08166666666668","659.6875","200.21875","[[659.6875, 200.21875]]","7","epithelium","train","gt"
"training_set_primary_roi_033:86","training_set_primary_roi_033","training_set_primary_roi_033","/content/drive/MyDrive/Research/PUMA/PUMA_STAGE2_COLAB/INPUTS/RAW/01_training_dataset_tif_ROIs/training_set_primary_roi_033.tif","313.17516202487303","276.18304431599233","314.1538391113281","273.19232177734375","[[314.1538391113281, 273.19232177734375]]","7","epithelium","train","gt"
"training_set_primary_roi_004:267","training_set_primary_roi_004","training_set_primary_roi_004","/content/drive/MyDrive/Research/PUMA/PUMA_STAGE2_COLAB/INPUTS/RAW/01_training_dataset_tif_ROIs/training_set_primary_roi_004.tif","645.3376327769347","822.4246332827518","645.5333251953125","821.7555541992188","[[645.5333251953125, 821.7555541992188]]","7","epithelium","train","gt"
"training_set_primary_roi_090:161","training_set_primary_roi_090","training_set_primary_roi_090","/content/drive/MyDrive/Research/PUMA/PUMA_STAGE2_COLAB/INPUTS/RAW/01_training_dataset_tif_ROIs/training_set_primary_roi_090.tif","31.73","488.594","30.823530197143555","488.0882263183594","[[30.823530197143555, 488.0882263183594]]","7","epithelium","train","gt"
"training_set_primary_roi_026:66","training_set_primary_roi_026","training_set_primary_roi_026","/content/drive/MyDrive/Research/PUMA/PUMA_STAGE2_COLAB/INPUTS/RAW/01_training_dataset_tif_ROIs/training_set_primary_roi_026.tif","998.624358974359","241.37435897435898","997.3142700195312","241.8285675048828","[[997.3142700195312, 241.8285675048828]]","7","epithelium","train","gt"
"training_set_primary_roi_061:113","training_set_primary_roi_061","training_set_primary_roi_061","/content/drive/MyDrive/Research/PUMA/PUMA_STAGE2_COLAB/INPUTS/RAW/01_training_dataset_tif_ROIs/training_set_primary_roi_061.tif","537.3628691983122","251.92686357243318","536.7058715820312","251.44117736816406","[[536.7058715820312, 251.44117736816406]]","7","epithelium","train","gt"
"training_set_primary_roi_030:117","training_set_primary_roi_030","training_set_primary_roi_030","/content/drive/MyDrive/Research/PUMA/PUMA_STAGE2_COLAB/INPUTS/RAW/01_training_dataset_tif_ROIs/training_set_primary_roi_030.tif","983.4956495649566","630.2217221722173","982.7446899414062","629.723388671875","[[982.7446899414062, 629.723388671875]]","7","epithelium","train","gt"
"training_set_primary_roi_103:273","training_set_primary_roi_103","training_set_primary_roi_103","/content/drive/MyDrive/Research/PUMA/PUMA_STAGE2_COLAB/INPUTS/RAW/01_training_dataset_tif_ROIs/training_set_primary_roi_103.tif","550.0831533477321","929.8326133909287","549.7118530273438","929.9491577148438","[[549.7118530273438, 929.9491577148438]]","7","epithelium","train","gt"
"training_set_primary_roi_074:28","training_set_primary_roi_074","training_set_primary_roi_074","/content/drive/MyDrive/Research/PUMA/PUMA_STAGE2_COLAB/INPUTS/RAW/01_training_dataset_tif_ROIs/training_set_primary_roi_074.tif","35.39965095986038","690.4764397905759","33.58333206176758","689.4791870117188","[[33.58333206176758, 689.4791870117188]]","7","epithelium","train","gt"
"training_set_primary_roi_100:16","training_set_primary_roi_100","training_set_primary_roi_100","/content/drive/MyDrive/Research/PUMA/PUMA_STAGE2_COLAB/INPUTS/RAW/01_training_dataset_tif_ROIs/training_set_primary_roi_100.tif","865.1978461003996","57.310404724682996","866.0895385742188","57.3880615234375","[[866.0895385742188, 57.3880615234375]]","7","epithelium","train","gt"
"training_set_primary_roi_089:234","training_set_primary_roi_089","training_set_primary_roi_089","/content/drive/MyDrive/Research/PUMA/PUMA_STAGE2_COLAB/INPUTS/RAW/01_training_dataset_tif_ROIs/training_set_primary_roi_089.tif","986.7077175697865","466.47892720306515","986.6774291992188","466.06451416015625","[[986.6774291992188, 466.06451416015625]]","7","epithelium","train","gt"
"training_set_primary_roi_033:108","training_set_primary_roi_033","training_set_primary_roi_033","/content/drive/MyDrive/Research/PUMA/PUMA_STAGE2_COLAB/INPUTS/RAW/01_training_dataset_tif_ROIs/training_set_primary_roi_033.tif","351.931115829205","321.69757018164665","352.3396301269531","320.7735900878906","[[352.3396301269531, 320.7735900878906]]","7","epithelium","train","gt"
"training_set_primary_roi_004:188","training_set_primary_roi_004","training_set_primary_roi_004","/content/drive/MyDrive/Research/PUMA/PUMA_STAGE2_COLAB/INPUTS/RAW/01_training_dataset_tif_ROIs/training_set_primary_roi_004.tif","662.8716577540107","641.7404634581105","664.3414916992188","639.2926635742188","[[664.3414916992188, 639.2926635742188]]","7","epithelium","train","gt"
"training_set_primary_roi_090:3","training_set_primary_roi_090","training_set_primary_roi_090","/content/drive/MyDrive/Research/PUMA/PUMA_STAGE2_COLAB/INPUTS/RAW/01_training_dataset_tif_ROIs/training_set_primary_roi_090.tif","23.827522935779818","124.83119266055046","23.319149017333984","125.95744323730469","[[23.319149017333984, 125.95744323730469]]","7","epithelium","train","gt"
"training_set_primary_roi_026:61","training_set_primary_roi_026","training_set_primary_roi_026","/content/drive/MyDrive/Research/PUMA/PUMA_STAGE2_COLAB/INPUTS/RAW/01_training_dataset_tif_ROIs/training_set_primary_roi_026.tif","990.3531135531135","204.190231990232","990.557373046875","204.47540283203125","[[990.557373046875, 204.47540283203125]]","7","epithelium","train","gt"
"training_set_primary_roi_061:38","training_set_primary_roi_061","training_set_primary_roi_061","/content/drive/MyDrive/Research/PUMA/PUMA_STAGE2_COLAB/INPUTS/RAW/01_training_dataset_tif_ROIs/training_set_primary_roi_061.tif","261.4820809248555","104.27360308285165","260.94873046875","104.5897445678711","[[260.94873046875, 104.5897445678711]]","7","epithelium","train","gt"
"training_set_primary_roi_030:83","training_set_primary_roi_030","training_set_primary_roi_030","/content/drive/MyDrive/Research/PUMA/PUMA_STAGE2_COLAB/INPUTS/RAW/01_training_dataset_tif_ROIs/training_set_primary_roi_030.tif","863.3533635676492","466.74943310657596","864.8461303710938","467.4358825683594","[[864.8461303710938, 467.4358825683594]]","7","epithelium","train","gt"
"training_set_primary_roi_103:14","training_set_primary_roi_103","training_set_primary_roi_103","/content/drive/MyDrive/Research/PUMA/PUMA_STAGE2_COLAB/INPUTS/RAW/01_training_dataset_tif_ROIs/training_set_primary_roi_103.tif","59.20438799076212","167.1743648960739","60.73170852661133","163.9593505859375","[[60.73170852661133, 163.9593505859375]]","7","epithelium","train","gt"
"training_set_primary_roi_074:138","training_set_primary_roi_074","training_set_primary_roi_074","/content/drive/MyDrive/Research/PUMA/PUMA_STAGE2_COLAB/INPUTS/RAW/01_training_dataset_tif_ROIs/training_set_primary_roi_074.tif","309.65243083534784","441.64840182648396","316.8888854980469","442.4814758300781","[[316.8888854980469, 442.4814758300781]]","7","epithelium","train","gt"
"training_set_primary_roi_100:423","training_set_primary_roi_100","training_set_primary_roi_100","/content/drive/MyDrive/Research/PUMA/PUMA_STAGE2_COLAB/INPUTS/RAW/01_training_dataset_tif_ROIs/training_set_primary_roi_100.tif","761.6186440677966","3.6186440677966103","761.1500244140625","4.650000095367432","[[761.1500244140625, 4.650000095367432]]","7","epithelium","train","gt"
"training_set_primary_roi_089:264","training_set_primary_roi_089","training_set_primary_roi_089","/content/drive/MyDrive/Research/PUMA/PUMA_STAGE2_COLAB/INPUTS/RAW/01_training_dataset_tif_ROIs/training_set_primary_roi_089.tif","97.28846153846153","489.55128205128204","98.21739196777344","488.478271484375","[[98.21739196777344, 488.478271484375]]","7","epithelium","train","gt"
"training_set_primary_roi_033:124","training_set_primary_roi_033","training_set_primary_roi_033","/content/drive/MyDrive/Research/PUMA/PUMA_STAGE2_COLAB/INPUTS/RAW/01_training_dataset_tif_ROIs/training_set_primary_roi_033.tif","894.1331018518518","358.7986111111111","892.625","357.53570556640625","[[892.625, 357.53570556640625]]","7","epithelium","train","gt"
"training_set_primary_roi_004:128","training_set_primary_roi_004","training_set_primary_roi_004","/content/drive/MyDrive/Research/PUMA/PUMA_STAGE2_COLAB/INPUTS/RAW/01_training_dataset_tif_ROIs/training_set_primary_roi_004.tif","501.88309636650865","430.18009478672985","500.04876708984375","430.31707763671875","[[500.04876708984375, 430.31707763671875]]","7","epithelium","train","gt"
"training_set_primary_roi_090:54","training_set_primary_roi_090","training_set_primary_roi_090","/content/drive/MyDrive/Research/PUMA/PUMA_STAGE2_COLAB/INPUTS/RAW/01_training_dataset_tif_ROIs/training_set_primary_roi_090.tif","27.851304347826087","590.0701449275361","29.22222137451172","589.3333129882812","[[29.22222137451172, 589.3333129882812]]","7","epithelium","train","gt"
"training_set_primary_roi_026:231","training_set_primary_roi_026","training_set_primary_roi_026","/content/drive/MyDrive/Research/PUMA/PUMA_STAGE2_COLAB/INPUTS/RAW/01_training_dataset_tif_ROIs/training_set_primary_roi_026.tif","575.0661111111111","985.7722222222222","573.1754150390625","983.7017822265625","[[573.1754150390625, 983.7017822265625]]","7","epithelium","train","gt"
"training_set_primary_roi_061:74","training_set_primary_roi_061","training_set_primary_roi_061","/content/drive/MyDrive/Research/PUMA/PUMA_STAGE2_COLAB/INPUTS/RAW/01_training_dataset_tif_ROIs/training_set_primary_roi_061.tif","121.53070960047705","184.19618366129995","121.0","180.82608032226562","[[121.0, 180.82608032226562]]","7","epithelium","train","gt"
"training_set_primary_roi_030:217","training_set_primary_roi_030","training_set_primary_roi_030","/content/drive/MyDrive/Research/PUMA/PUMA_STAGE2_COLAB/INPUTS/RAW/01_training_dataset_tif_ROIs/training_set_primary_roi_030.tif","541.3149350649351","818.6073593073593","537.7578735351562","822.0947265625","[[537.7578735351562, 822.0947265625]]","7","epithelium","train","gt"
"training_set_primary_roi_103:44","training_set_primary_roi_103","training_set_primary_roi_103","/content/drive/MyDrive/Research/PUMA/PUMA_STAGE2_COLAB/INPUTS/RAW/01_training_dataset_tif_ROIs/training_set_primary_roi_103.tif","298.2746913580247","943.5586419753087","301.26263427734375","943.6969604492188","[[301.26263427734375, 943.6969604492188]]","7","epithelium","train","gt"
"training_set_primary_roi_074:14","training_set_primary_roi_074","training_set_primary_roi_074","/content/drive/MyDrive/Research/PUMA/PUMA_STAGE2_COLAB/INPUTS/RAW/01_training_dataset_tif_ROIs/training_set_primary_roi_074.tif","239.78515625","654.9502604166667","237.1777801513672","656.8444213867188","[[237.1777801513672, 656.8444213867188]]","7","epithelium","train","gt"
"training_set_primary_roi_100:128","training_set_primary_roi_100","training_set_primary_roi_100","/content/drive/MyDrive/Research/PUMA/PUMA_STAGE2_COLAB/INPUTS/RAW/01_training_dataset_tif_ROIs/training_set_primary_roi_100.tif","1016.047686496695","351.89518413597733","1015.9796142578125","352.3265380859375","[[1015.9796142578125, 352.3265380859375]]","7","epithelium","train","gt"
"training_set_primary_roi_089:141","training_set_primary_roi_089","training_set_primary_roi_089","/content/drive/MyDrive/Research/PUMA/PUMA_STAGE2_COLAB/INPUTS/RAW/01_training_dataset_tif_ROIs/training_set_primary_roi_089.tif","595.2642973856209","368.52941176470586","594.8485107421875","368.30303955078125","[[594.8485107421875, 368.30303955078125]]","7","epithelium","train","gt"
"training_set_primary_roi_033:16","training_set_primary_roi_033","training_set_primary_roi_033","/content/drive/MyDrive/Research/PUMA/PUMA_STAGE2_COLAB/INPUTS/RAW/01_training_dataset_tif_ROIs/training_set_primary_roi_033.tif","312.14870689655174","76.72112068965517","312.03448486328125","75.81034851074219","[[312.03448486328125, 75.81034851074219]]","7","epithelium","train","gt"
"training_set_primary_roi_004:183","training_set_primary_roi_004","training_set_primary_roi_004","/content/drive/MyDrive/Research/PUMA/PUMA_STAGE2_COLAB/INPUTS/RAW/01_training_dataset_tif_ROIs/training_set_primary_roi_004.tif","555.9547325102881","624.0196264640708","555.6428833007812","622.7380981445312","[[555.6428833007812, 622.7380981445312]]","7","epithelium","train","gt"
"training_set_primary_roi_090:61","training_set_primary_roi_090","training_set_primary_roi_090","/content/drive/MyDrive/Research/PUMA/PUMA_STAGE2_COLAB/INPUTS/RAW/01_training_dataset_tif_ROIs/training_set_primary_roi_090.tif","50.41113105924596","423.44584081388393","50.32758712768555","421.9482727050781","[[50.32758712768555, 421.9482727050781]]","7","epithelium","train","gt"
"training_set_primary_roi_026:246","training_set_primary_roi_026","training_set_primary_roi_026","/content/drive/MyDrive/Research/PUMA/PUMA_STAGE2_COLAB/INPUTS/RAW/01_training_dataset_tif_ROIs/training_set_primary_roi_026.tif","548.8657187993681","1015.4581358609794","548.7825927734375","1014.6521606445312","[[548.7825927734375, 1014.6521606445312]]","7","epithelium","train","gt"
"training_set_primary_roi_061:348","training_set_primary_roi_061","training_set_primary_roi_061","/content/drive/MyDrive/Research/PUMA/PUMA_STAGE2_COLAB/INPUTS/RAW/01_training_dataset_tif_ROIs/training_set_primary_roi_061.tif","341.16507261778247","681.3868225292242","341.6097412109375","680.5609741210938","[[341.6097412109375, 680.5609741210938]]","7","epithelium","train","gt"
"training_set_primary_roi_030:143","training_set_primary_roi_030","training_set_primary_roi_030","/content/drive/MyDrive/Research/PUMA/PUMA_STAGE2_COLAB/INPUTS/RAW/01_training_dataset_tif_ROIs/training_set_primary_roi_030.tif","643.753412593571","752.6384852487892","643.8181762695312","751.9318237304688","[[643.8181762695312, 751.9318237304688]]","7","epithelium","train","gt"
"training_set_primary_roi_103:55","training_set_primary_roi_103","training_set_primary_roi_103","/content/drive/MyDrive/Research/PUMA/PUMA_STAGE2_COLAB/INPUTS/RAW/01_training_dataset_tif_ROIs/training_set_primary_roi_103.tif","548.35618729097","7.540133779264214","545.757568359375","8.545454978942871","[[545.757568359375, 8.545454978942871]]","7","epithelium","train","gt"
"training_set_primary_roi_074:74","training_set_primary_roi_074","training_set_primary_roi_074","/content/drive/MyDrive/Research/PUMA/PUMA_STAGE2_COLAB/INPUTS/RAW/01_training_dataset_tif_ROIs/training_set_primary_roi_074.tif","1010.7374254049446","896.3921568627451","1007.625","897.09375","[[1007.625, 897.09375]]","7","epithelium","train","gt"
"training_set_primary_roi_100:97","training_set_primary_roi_100","training_set_primary_roi_100","/content/drive/MyDrive/Research/PUMA/PUMA_STAGE2_COLAB/INPUTS/RAW/01_training_dataset_tif_ROIs/training_set_primary_roi_100.tif","910.4777213761986","262.90975747320925","907.8275756835938","263.2758483886719","[[907.8275756835938, 263.2758483886719]]","7","epithelium","train","gt"
"training_set_primary_roi_089:143","training_set_primary_roi_089","training_set_primary_roi_089","/content/drive/MyDrive/Research/PUMA/PUMA_STAGE2_COLAB/INPUTS/RAW/01_training_dataset_tif_ROIs/training_set_primary_roi_089.tif","1002.0062056737588","224.31117021276594","1002.1346435546875","223.15383911132812","[[1002.1346435546875, 223.15383911132812]]","7","epithelium","train","gt"
"training_set_primary_roi_033:189","training_set_primary_roi_033","training_set_primary_roi_033","/content/drive/MyDrive/Research/PUMA/PUMA_STAGE2_COLAB/INPUTS/RAW/01_training_dataset_tif_ROIs/training_set_primary_roi_033.tif","849.6451702959241","550.5510887772194","849.8204956054688","547.1025390625","[[849.8204956054688, 547.1025390625]]","7","epithelium","train","gt"
"training_set_primary_roi_004:206","training_set_primary_roi_004","training_set_primary_roi_004","/content/drive/MyDrive/Research/PUMA/PUMA_STAGE2_COLAB/INPUTS/RAW/01_training_dataset_tif_ROIs/training_set_primary_roi_004.tif","640.1111853832442","679.4015151515151","639.7692260742188","674.7948608398438","[[639.7692260742188, 674.7948608398438]]","7","epithelium","train","gt"
"training_set_primary_roi_090:89","training_set_primary_roi_090","training_set_primary_roi_090","/content/drive/MyDrive/Research/PUMA/PUMA_STAGE2_COLAB/INPUTS/RAW/01_training_dataset_tif_ROIs/training_set_primary_roi_090.tif","92.55203836930455","10.321822541966426","90.25","11.75","[[90.25, 11.75]]","7","epithelium","train","gt"
"training_set_primary_roi_026:259","training_set_primary_roi_026","training_set_primary_roi_026","/content/drive/MyDrive/Research/PUMA/PUMA_STAGE2_COLAB/INPUTS/RAW/01_training_dataset_tif_ROIs/training_set_primary_roi_026.tif","473.3","933.0761904761905","472.3666687011719","932.316650390625","[[472.3666687011719, 932.316650390625]]","7","epithelium","train","gt"
"training_set_primary_roi_061:25","training_set_primary_roi_061","training_set_primary_roi_061","/content/drive/MyDrive/Research/PUMA/PUMA_STAGE2_COLAB/INPUTS/RAW/01_training_dataset_tif_ROIs/training_set_primary_roi_061.tif","18.742872807017545","59.22532894736842","18.483871459960938","57.290321350097656","[[18.483871459960938, 57.290321350097656]]","7","epithelium","train","gt"
"training_set_primary_roi_030:37","training_set_primary_roi_030","training_set_primary_roi_030","/content/drive/MyDrive/Research/PUMA/PUMA_STAGE2_COLAB/INPUTS/RAW/01_training_dataset_tif_ROIs/training_set_primary_roi_030.tif","981.1332275971452","232.87179487179486","978.6451416015625","231.46774291992188","[[978.6451416015625, 231.46774291992188]]","7","epithelium","train","gt"
"training_set_primary_roi_103:312","training_set_primary_roi_103","training_set_primary_roi_103","/content/drive/MyDrive/Research/PUMA/PUMA_STAGE2_COLAB/INPUTS/RAW/01_training_dataset_tif_ROIs/training_set_primary_roi_103.tif","672.9008559201142","143.25320970042796","673.57470703125","142.09194946289062","[[673.57470703125, 142.09194946289062]]","7","epithelium","train","gt"
"training_set_primary_roi_001:114","training_set_primary_roi_001","training_set_primary_roi_001","/content/drive/MyDrive/Research/PUMA/PUMA_STAGE2_COLAB/INPUTS/RAW/01_training_dataset_tif_ROIs/training_set_primary_roi_001.tif","746.0843427545984","250.34589502018844","745.8541870117188","249.625","[[745.8541870117188, 249.625]]","8","endothelium","train","gt"
"training_set_primary_roi_005:15","training_set_primary_roi_005","training_set_primary_roi_005","/content/drive/MyDrive/Research/PUMA/PUMA_STAGE2_COLAB/INPUTS/RAW/01_training_dataset_tif_ROIs/training_set_primary_roi_005.tif","89.39335734293718","48.27571028411364","92.66666412353516","45.38888931274414","[[92.66666412353516, 45.38888931274414]]","8","endothelium","train","gt"
"training_set_primary_roi_041:26","training_set_primary_roi_041","training_set_primary_roi_041","/content/drive/MyDrive/Research/PUMA/PUMA_STAGE2_COLAB/INPUTS/RAW/01_training_dataset_tif_ROIs/training_set_primary_roi_041.tif","664.4851936218679","41.29802581624905","662.7879028320312","41.30303192138672","[[662.7879028320312, 41.30303192138672]]","8","endothelium","train","gt"
"training_set_metastatic_roi_055:469","training_set_metastatic_roi_055","training_set_metastatic_roi_055","/content/drive/MyDrive/Research/PUMA/PUMA_STAGE2_COLAB/INPUTS/RAW/01_training_dataset_tif_ROIs/training_set_metastatic_roi_055.tif","276.2341870391929","444.3061699650757","274.6875","442.5","[[274.6875, 442.5]]","8","endothelium","train","gt"
"training_set_primary_roi_090:73","training_set_primary_roi_090","training_set_primary_roi_090","/content/drive/MyDrive/Research/PUMA/PUMA_STAGE2_COLAB/INPUTS/RAW/01_training_dataset_tif_ROIs/training_set_primary_roi_090.tif","315.2729927007299","529.156204379562","315.6000061035156","529.6571655273438","[[315.6000061035156, 529.6571655273438]]","8","endothelium","train","gt"
"training_set_primary_roi_017:75","training_set_primary_roi_017","training_set_primary_roi_017","/content/drive/MyDrive/Research/PUMA/PUMA_STAGE2_COLAB/INPUTS/RAW/01_training_dataset_tif_ROIs/training_set_primary_roi_017.tif","875.6998556998557","244.8037518037518","875.6666870117188","245.44444274902344","[[875.6666870117188, 245.44444274902344]]","8","endothelium","train","gt"
"training_set_metastatic_roi_063:371","training_set_metastatic_roi_063","training_set_metastatic_roi_063","/content/drive/MyDrive/Research/PUMA/PUMA_STAGE2_COLAB/INPUTS/RAW/01_training_dataset_tif_ROIs/training_set_metastatic_roi_063.tif","686.5555555555555","266.71655328798187","688.1290283203125","265.45159912109375","[[688.1290283203125, 265.45159912109375]]","8","endothelium","train","gt"
"training_set_metastatic_roi_014:144","training_set_metastatic_roi_014","training_set_metastatic_roi_014","/content/drive/MyDrive/Research/PUMA/PUMA_STAGE2_COLAB/INPUTS/RAW/01_training_dataset_tif_ROIs/training_set_metastatic_roi_014.tif","648.7242595204514","365.2733897508228","651.058837890625","364.0735168457031","[[651.058837890625, 364.0735168457031]]","8","endothelium","train","gt"
"training_set_primary_roi_074:450","training_set_primary_roi_074","training_set_primary_roi_074","/content/drive/MyDrive/Research/PUMA/PUMA_STAGE2_COLAB/INPUTS/RAW/01_training_dataset_tif_ROIs/training_set_primary_roi_074.tif","834.1833890746934","649.6521739130435","832.5094604492188","647.8302001953125","[[832.5094604492188, 647.8302001953125]]","8","endothelium","train","gt"
"training_set_primary_roi_004:81","training_set_primary_roi_004","training_set_primary_roi_004","/content/drive/MyDrive/Research/PUMA/PUMA_STAGE2_COLAB/INPUTS/RAW/01_training_dataset_tif_ROIs/training_set_primary_roi_004.tif","185.75339270568276","254.72879558948262","185.5490264892578","254.4901885986328","[[185.5490264892578, 254.4901885986328]]","8","endothelium","train","gt"
"training_set_metastatic_roi_011:334","training_set_metastatic_roi_011","training_set_metastatic_roi_011","/content/drive/MyDrive/Research/PUMA/PUMA_STAGE2_COLAB/INPUTS/RAW/01_training_dataset_tif_ROIs/training_set_metastatic_roi_011.tif","109.86648904677324","757.3072824156305","107.90908813476562","758.022705078125","[[107.90908813476562, 758.022705078125]]","8","endothelium","train","gt"
"training_set_primary_roi_094:644","training_set_primary_roi_094","training_set_primary_roi_094","/content/drive/MyDrive/Research/PUMA/PUMA_STAGE2_COLAB/INPUTS/RAW/01_training_dataset_tif_ROIs/training_set_primary_roi_094.tif","229.11121888134497","520.8205625606207","228.20370483398438","520.5925903320312","[[228.20370483398438, 520.5925903320312]]","8","endothelium","train","gt"
"training_set_primary_roi_097:325","training_set_primary_roi_097","training_set_primary_roi_097","/content/drive/MyDrive/Research/PUMA/PUMA_STAGE2_COLAB/INPUTS/RAW/01_training_dataset_tif_ROIs/training_set_primary_roi_097.tif","343.612101210121","534.469306930693","343.0","533.0625","[[343.0, 533.0625]]","8","endothelium","train","gt"
"training_set_metastatic_roi_057:129","training_set_metastatic_roi_057","training_set_metastatic_roi_057","/content/drive/MyDrive/Research/PUMA/PUMA_STAGE2_COLAB/INPUTS/RAW/01_training_dataset_tif_ROIs/training_set_metastatic_roi_057.tif","477.21774193548384","569.127688172043","478.6499938964844","566.9500122070312","[[478.6499938964844, 566.9500122070312]]","8","endothelium","train","gt"
"training_set_primary_roi_051:280","training_set_primary_roi_051","training_set_primary_roi_051","/content/drive/MyDrive/Research/PUMA/PUMA_STAGE2_COLAB/INPUTS/RAW/01_training_dataset_tif_ROIs/training_set_primary_roi_051.tif","747.9232613908872","897.7688848920864","746.875","898.5","[[746.875, 898.5]]","8","endothelium","train","gt"
"training_set_metastatic_roi_052:325","training_set_metastatic_roi_052","training_set_metastatic_roi_052","/content/drive/MyDrive/Research/PUMA/PUMA_STAGE2_COLAB/INPUTS/RAW/01_training_dataset_tif_ROIs/training_set_metastatic_roi_052.tif","198.72916666666666","932.4532828282828","198.46340942382812","932.268310546875","[[198.46340942382812, 932.268310546875]]","8","endothelium","train","gt"
"training_set_primary_roi_047:629","training_set_primary_roi_047","training_set_primary_roi_047","/content/drive/MyDrive/Research/PUMA/PUMA_STAGE2_COLAB/INPUTS/RAW/01_training_dataset_tif_ROIs/training_set_primary_roi_047.tif","281.0198452741339","522.9991590985537","280.25","520.1875","[[280.25, 520.1875]]","8","endothelium","train","gt"
"training_set_metastatic_roi_003:219","training_set_metastatic_roi_003","training_set_metastatic_roi_003","/content/drive/MyDrive/Research/PUMA/PUMA_STAGE2_COLAB/INPUTS/RAW/01_training_dataset_tif_ROIs/training_set_metastatic_roi_003.tif","530.3544765237679","601.580927384077","532.1343383789062","601.208984375","[[532.1343383789062, 601.208984375]]","8","endothelium","train","gt"
"training_set_primary_roi_084:246","training_set_primary_roi_084","training_set_primary_roi_084","/content/drive/MyDrive/Research/PUMA/PUMA_STAGE2_COLAB/INPUTS/RAW/01_training_dataset_tif_ROIs/training_set_primary_roi_084.tif","949.9559543230016","613.8803697661773","949.7567749023438","614.45947265625","[[949.7567749023438, 614.45947265625]]","8","endothelium","train","gt"
"training_set_metastatic_roi_092:179","training_set_metastatic_roi_092","training_set_metastatic_roi_092","/content/drive/MyDrive/Research/PUMA/PUMA_STAGE2_COLAB/INPUTS/RAW/01_training_dataset_tif_ROIs/training_set_metastatic_roi_092.tif","933.8353140916809","931.1794001131861","933.8064575195312","932.0645141601562","[[933.8064575195312, 932.0645141601562]]","8","endothelium","train","gt"
"training_set_metastatic_roi_075:301","training_set_metastatic_roi_075","training_set_metastatic_roi_075","/content/drive/MyDrive/Research/PUMA/PUMA_STAGE2_COLAB/INPUTS/RAW/01_training_dataset_tif_ROIs/training_set_metastatic_roi_075.tif","351.6088260497001","230.98371893744647","351.06781005859375","229.25424194335938","[[351.06781005859375, 229.25424194335938]]","8","endothelium","train","gt"
"training_set_primary_roi_026:17","training_set_primary_roi_026","training_set_primary_roi_026","/content/drive/MyDrive/Research/PUMA/PUMA_STAGE2_COLAB/INPUTS/RAW/01_training_dataset_tif_ROIs/training_set_primary_roi_026.tif","447.82705920205916","71.15170527670529","447.8888854980469","69.72222137451172","[[447.8888854980469, 69.72222137451172]]","8","endothelium","train","gt"
"training_set_metastatic_roi_069:570","training_set_metastatic_roi_069","training_set_metastatic_roi_069","/content/drive/MyDrive/Research/PUMA/PUMA_STAGE2_COLAB/INPUTS/RAW/01_training_dataset_tif_ROIs/training_set_metastatic_roi_069.tif","913.0016260162602","435.74186991869914","911.5918579101562","435.6326599121094","[[911.5918579101562, 435.6326599121094]]","8","endothelium","train","gt"
"training_set_metastatic_roi_064:523","training_set_metastatic_roi_064","training_set_metastatic_roi_064","/content/drive/MyDrive/Research/PUMA/PUMA_STAGE2_COLAB/INPUTS/RAW/01_training_dataset_tif_ROIs/training_set_metastatic_roi_064.tif","73.8352165725047","132.08286252354048","75.88888549804688","131.15554809570312","[[75.88888549804688, 131.15554809570312]]","8","endothelium","train","gt"
"training_set_primary_roi_031:210","training_set_primary_roi_031","training_set_primary_roi_031","/content/drive/MyDrive/Research/PUMA/PUMA_STAGE2_COLAB/INPUTS/RAW/01_training_dataset_tif_ROIs/training_set_primary_roi_031.tif","348.9848145382126","567.0418222554144","349.739990234375","568.0999755859375","[[349.739990234375, 568.0999755859375]]","8","endothelium","train","gt"
"training_set_primary_roi_089:231","training_set_primary_roi_089","training_set_primary_roi_089","/content/drive/MyDrive/Research/PUMA/PUMA_STAGE2_COLAB/INPUTS/RAW/01_training_dataset_tif_ROIs/training_set_primary_roi_089.tif","976.1360677083334","766.2200520833334","976.4285888671875","765.3713989257812","[[976.4285888671875, 765.3713989257812]]","8","endothelium","train","gt"
"training_set_primary_roi_049:233","training_set_primary_roi_049","training_set_primary_roi_049","/content/drive/MyDrive/Research/PUMA/PUMA_STAGE2_COLAB/INPUTS/RAW/01_training_dataset_tif_ROIs/training_set_primary_roi_049.tif","124.4276404063638","563.1447191872724","123.90908813476562","563.8181762695312","[[123.90908813476562, 563.8181762695312]]","8","endothelium","train","gt"
"training_set_primary_roi_103:23","training_set_primary_roi_103","training_set_primary_roi_103","/content/drive/MyDrive/Research/PUMA/PUMA_STAGE2_COLAB/INPUTS/RAW/01_training_dataset_tif_ROIs/training_set_primary_roi_103.tif","457.5806451612903","402.008064516129","457.19781494140625","402.0769348144531","[[457.19781494140625, 402.0769348144531]]","8","endothelium","train","gt"
"training_set_metastatic_roi_028:607","training_set_metastatic_roi_028","training_set_metastatic_roi_028","/content/drive/MyDrive/Research/PUMA/PUMA_STAGE2_COLAB/INPUTS/RAW/01_training_dataset_tif_ROIs/training_set_metastatic_roi_028.tif","473.6778476589798","141.0062893081761","473.80328369140625","139.0","[[473.80328369140625, 139.0]]","8","endothelium","train","gt"
"training_set_metastatic_roi_073:736","training_set_metastatic_roi_073","training_set_metastatic_roi_073","/content/drive/MyDrive/Research/PUMA/PUMA_STAGE2_COLAB/INPUTS/RAW/01_training_dataset_tif_ROIs/training_set_metastatic_roi_073.tif","479.349260523322","8.22070534698521","479.4545593261719","8.600000381469727","[[479.4545593261719, 8.600000381469727]]","8","endothelium","train","gt"
"training_set_primary_roi_099:336","training_set_primary_roi_099","training_set_primary_roi_099","/content/drive/MyDrive/Research/PUMA/PUMA_STAGE2_COLAB/INPUTS/RAW/01_training_dataset_tif_ROIs/training_set_primary_roi_099.tif","317.5817120622568","272.68677042801556","316.3448181152344","273.10345458984375","[[316.3448181152344, 273.10345458984375]]","8","endothelium","train","gt"
"training_set_primary_roi_053:504","training_set_primary_roi_053","training_set_primary_roi_053","/content/drive/MyDrive/Research/PUMA/PUMA_STAGE2_COLAB/INPUTS/RAW/01_training_dataset_tif_ROIs/training_set_primary_roi_053.tif","18.46615453128479","773.6298151859273","23.766666412353516","769.9000244140625","[[23.766666412353516, 769.9000244140625]]","8","endothelium","train","gt"
"training_set_primary_roi_043:484","training_set_primary_roi_043","training_set_primary_roi_043","/content/drive/MyDrive/Research/PUMA/PUMA_STAGE2_COLAB/INPUTS/RAW/01_training_dataset_tif_ROIs/training_set_primary_roi_043.tif","399.84538011695906","776.1564912280702","398.370361328125","776.1666870117188","[[398.370361328125, 776.1666870117188]]","8","endothelium","train","gt"
"training_set_metastatic_roi_091:222","training_set_metastatic_roi_091","training_set_metastatic_roi_091","/content/drive/MyDrive/Research/PUMA/PUMA_STAGE2_COLAB/INPUTS/RAW/01_training_dataset_tif_ROIs/training_set_metastatic_roi_091.tif","194.99424046076314","682.3963282937365","195.8378448486328","682.7838134765625","[[195.8378448486328, 682.7838134765625]]","8","endothelium","train","gt"
"training_set_metastatic_roi_005:117","training_set_metastatic_roi_005","training_set_metastatic_roi_005","/content/drive/MyDrive/Research/PUMA/PUMA_STAGE2_COLAB/INPUTS/RAW/01_training_dataset_tif_ROIs/training_set_metastatic_roi_005.tif","891.1402243589744","139.0801282051282","890.1697998046875","139.1132049560547","[[890.1697998046875, 139.1132049560547]]","8","endothelium","train","gt"
"training_set_metastatic_roi_007:175","training_set_metastatic_roi_007","training_set_metastatic_roi_007","/content/drive/MyDrive/Research/PUMA/PUMA_STAGE2_COLAB/INPUTS/RAW/01_training_dataset_tif_ROIs/training_set_metastatic_roi_007.tif","167.472","110.04533333333333","167.07408142089844","108.55555725097656","[[167.07408142089844, 108.55555725097656]]","8","endothelium","train","gt"
"training_set_metastatic_roi_060:336","training_set_metastatic_roi_060","training_set_metastatic_roi_060","/content/drive/MyDrive/Research/PUMA/PUMA_STAGE2_COLAB/INPUTS/RAW/01_training_dataset_tif_ROIs/training_set_metastatic_roi_060.tif","340.733670835815","461.2934286281517","342.07000732421875","459.9200134277344","[[342.07000732421875, 459.9200134277344]]","8","endothelium","train","gt"
"training_set_primary_roi_030:23","training_set_primary_roi_030","training_set_primary_roi_030","/content/drive/MyDrive/Research/PUMA/PUMA_STAGE2_COLAB/INPUTS/RAW/01_training_dataset_tif_ROIs/training_set_primary_roi_030.tif","947.9861625895725","127.81072399308128","948.8536376953125","125.82926940917969","[[948.8536376953125, 125.82926940917969]]","8","endothelium","train","gt"
"training_set_primary_roi_061:20","training_set_primary_roi_061","training_set_primary_roi_061","/content/drive/MyDrive/Research/PUMA/PUMA_STAGE2_COLAB/INPUTS/RAW/01_training_dataset_tif_ROIs/training_set_primary_roi_061.tif","877.4831704668837","45.8984799131379","878.242431640625","47.818180084228516","[[878.242431640625, 47.818180084228516]]","8","endothelium","train","gt"
"training_set_primary_roi_048:619","training_set_primary_roi_048","training_set_primary_roi_048","/content/drive/MyDrive/Research/PUMA/PUMA_STAGE2_COLAB/INPUTS/RAW/01_training_dataset_tif_ROIs/training_set_primary_roi_048.tif","179.46354166666666","835.6186079545455","179.2857208251953","834.1428833007812","[[179.2857208251953, 834.1428833007812]]","8","endothelium","train","gt"
"training_set_primary_roi_033:300","training_set_primary_roi_033","training_set_primary_roi_033","/content/drive/MyDrive/Research/PUMA/PUMA_STAGE2_COLAB/INPUTS/RAW/01_training_dataset_tif_ROIs/training_set_primary_roi_033.tif","75.34711060084194","884.262533486414","72.07142639160156","884.8095092773438","[[72.07142639160156, 884.8095092773438]]","8","endothelium","train","gt"
"training_set_metastatic_roi_004:589","training_set_metastatic_roi_004","training_set_metastatic_roi_004","/content/drive/MyDrive/Research/PUMA/PUMA_STAGE2_COLAB/INPUTS/RAW/01_training_dataset_tif_ROIs/training_set_metastatic_roi_004.tif","149.5365844788712","892.0894246854317","146.83139038085938","892.9476928710938","[[146.83139038085938, 892.9476928710938]]","8","endothelium","train","gt"
"training_set_primary_roi_001:238","training_set_primary_roi_001","training_set_primary_roi_001","/content/drive/MyDrive/Research/PUMA/PUMA_STAGE2_COLAB/INPUTS/RAW/01_training_dataset_tif_ROIs/training_set_primary_roi_001.tif","3.0104712041884816","461.6125654450262","3.5333333015441895","461.79998779296875","[[3.5333333015441895, 461.79998779296875]]","8","endothelium","train","gt"
"training_set_primary_roi_005:5","training_set_primary_roi_005","training_set_primary_roi_005","/content/drive/MyDrive/Research/PUMA/PUMA_STAGE2_COLAB/INPUTS/RAW/01_training_dataset_tif_ROIs/training_set_primary_roi_005.tif","42.88150520416333","23.268748331998932","43.20000076293945","22.66666603088379","[[43.20000076293945, 22.66666603088379]]","8","endothelium","train","gt"
"training_set_primary_roi_041:33","training_set_primary_roi_041","training_set_primary_roi_041","/content/drive/MyDrive/Research/PUMA/PUMA_STAGE2_COLAB/INPUTS/RAW/01_training_dataset_tif_ROIs/training_set_primary_roi_041.tif","700.6869918699188","51.77764227642276","700.2000122070312","50.974998474121094","[[700.2000122070312, 50.974998474121094]]","8","endothelium","train","gt"
"training_set_metastatic_roi_055:600","training_set_metastatic_roi_055","training_set_metastatic_roi_055","/content/drive/MyDrive/Research/PUMA/PUMA_STAGE2_COLAB/INPUTS/RAW/01_training_dataset_tif_ROIs/training_set_metastatic_roi_055.tif","68.19122023809524","612.3995535714286","67.46875","610.9375","[[67.46875, 610.9375]]","8","endothelium","train","gt"
"training_set_primary_roi_090:34","training_set_primary_roi_090","training_set_primary_roi_090","/content/drive/MyDrive/Research/PUMA/PUMA_STAGE2_COLAB/INPUTS/RAW/01_training_dataset_tif_ROIs/training_set_primary_roi_090.tif","873.1945432977461","983.6536180308423","869.2142944335938","984.2857055664062","[[869.2142944335938, 984.2857055664062]]","8","endothelium","train","gt"
"training_set_primary_roi_017:60","training_set_primary_roi_017","training_set_primary_roi_017","/content/drive/MyDrive/Research/PUMA/PUMA_STAGE2_COLAB/INPUTS/RAW/01_training_dataset_tif_ROIs/training_set_primary_roi_017.tif","851.805956258725","199.82007135101597","851.471435546875","198.4857177734375","[[851.471435546875, 198.4857177734375]]","8","endothelium","train","gt"
"training_set_metastatic_roi_063:324","training_set_metastatic_roi_063","training_set_metastatic_roi_063","/content/drive/MyDrive/Research/PUMA/PUMA_STAGE2_COLAB/INPUTS/RAW/01_training_dataset_tif_ROIs/training_set_metastatic_roi_063.tif","647.212242182302","286.00931470392544","647.8666381835938","286.3999938964844","[[647.8666381835938, 286.3999938964844]]","8","endothelium","train","gt"
"training_set_metastatic_roi_014:173","training_set_metastatic_roi_014","training_set_metastatic_roi_014","/content/drive/MyDrive/Research/PUMA/PUMA_STAGE2_COLAB/INPUTS/RAW/01_training_dataset_tif_ROIs/training_set_metastatic_roi_014.tif","516.5437246097925","447.13341885824246","517.219970703125","447.4200134277344","[[517.219970703125, 447.4200134277344]]","8","endothelium","train","gt"
"training_set_primary_roi_004:62","training_set_primary_roi_004","training_set_primary_roi_004","/content/drive/MyDrive/Research/PUMA/PUMA_STAGE2_COLAB/INPUTS/RAW/01_training_dataset_tif_ROIs/training_set_primary_roi_004.tif","279.20383141762454","202.72260536398466","279.3902587890625","201.60975646972656","[[279.3902587890625, 201.60975646972656]]","8","endothelium","train","gt"
"training_set_metastatic_roi_011:350","training_set_metastatic_roi_011","training_set_metastatic_roi_011","/content/drive/MyDrive/Research/PUMA/PUMA_STAGE2_COLAB/INPUTS/RAW/01_training_dataset_tif_ROIs/training_set_metastatic_roi_011.tif","233.44889937106916","705.4253144654087","232.22579956054688","706.1935424804688","[[232.22579956054688, 706.1935424804688]]","8","endothelium","train","gt"
"training_set_primary_roi_094:305","training_set_primary_roi_094","training_set_primary_roi_094","/content/drive/MyDrive/Research/PUMA/PUMA_STAGE2_COLAB/INPUTS/RAW/01_training_dataset_tif_ROIs/training_set_primary_roi_094.tif","301.294033275961","533.2191623637407","300.9090881347656","532.4545288085938","[[300.9090881347656, 532.4545288085938]]","8","endothelium","train","gt"
"training_set_primary_roi_097:334","training_set_primary_roi_097","training_set_primary_roi_097","/content/drive/MyDrive/Research/PUMA/PUMA_STAGE2_COLAB/INPUTS/RAW/01_training_dataset_tif_ROIs/training_set_primary_roi_097.tif","472.85225618631733","553.7947598253276","473.0833435058594","552.9166870117188","[[473.0833435058594, 552.9166870117188]]","8","endothelium","train","gt"
"training_set_metastatic_roi_057:593","training_set_metastatic_roi_057","training_set_metastatic_roi_057","/content/drive/MyDrive/Research/PUMA/PUMA_STAGE2_COLAB/INPUTS/RAW/01_training_dataset_tif_ROIs/training_set_metastatic_roi_057.tif","420.1451086557329","532.7280312903328","420.06060791015625","532.6337890625","[[420.06060791015625, 532.6337890625]]","8","endothelium","train","gt"
"training_set_primary_roi_051:212","training_set_primary_roi_051","training_set_primary_roi_051","/content/drive/MyDrive/Research/PUMA/PUMA_STAGE2_COLAB/INPUTS/RAW/01_training_dataset_tif_ROIs/training_set_primary_roi_051.tif","816.2167501391207","747.0308848080134","817.8461303710938","747.8461303710938","[[817.8461303710938, 747.8461303710938]]","8","endothelium","train","gt"
"training_set_metastatic_roi_052:341","training_set_metastatic_roi_052","training_set_metastatic_roi_052","/content/drive/MyDrive/Research/PUMA/PUMA_STAGE2_COLAB/INPUTS/RAW/01_training_dataset_tif_ROIs/training_set_metastatic_roi_052.tif","215.16130851663846","1013.4675690919346","217.73529052734375","1011.0882568359375","[[217.73529052734375, 1011.0882568359375]]","8","endothelium","train","gt"
"training_set_primary_roi_047:397","training_set_primary_roi_047","training_set_primary_roi_047","/content/drive/MyDrive/Research/PUMA/PUMA_STAGE2_COLAB/INPUTS/RAW/01_training_dataset_tif_ROIs/training_set_primary_roi_047.tif","201.0319361277445","362.91317365269464","198.4736785888672","361.631591796875","[[198.4736785888672, 361.631591796875]]","8","endothelium","train","gt"
"training_set_metastatic_roi_003:275","training_set_metastatic_roi_003","training_set_metastatic_roi_003","/content/drive/MyDrive/Research/PUMA/PUMA_STAGE2_COLAB/INPUTS/RAW/01_training_dataset_tif_ROIs/training_set_metastatic_roi_003.tif","471.7858472998138","745.7208773018829","471.1136474609375","747.0","[[471.1136474609375, 747.0]]","8","endothelium","train","gt"
"training_set_primary_roi_084:290","training_set_primary_roi_084","training_set_primary_roi_084","/content/drive/MyDrive/Research/PUMA/PUMA_STAGE2_COLAB/INPUTS/RAW/01_training_dataset_tif_ROIs/training_set_primary_roi_084.tif","429.5572207084469","715.0953678474115","429.5714416503906","715.1142578125","[[429.5714416503906, 715.1142578125]]","8","endothelium","train","gt"
"training_set_metastatic_roi_092:106","training_set_metastatic_roi_092","training_set_metastatic_roi_092","/content/drive/MyDrive/Research/PUMA/PUMA_STAGE2_COLAB/INPUTS/RAW/01_training_dataset_tif_ROIs/training_set_metastatic_roi_092.tif","39.23566308243728","692.983870967742","38.761905670166016","691.90478515625","[[38.761905670166016, 691.90478515625]]","8","endothelium","train","gt"
"training_set_metastatic_roi_075:304","training_set_metastatic_roi_075","training_set_metastatic_roi_075","/content/drive/MyDrive/Research/PUMA/PUMA_STAGE2_COLAB/INPUTS/RAW/01_training_dataset_tif_ROIs/training_set_metastatic_roi_075.tif","328.1229861583844","244.00294985250736","327.9102478027344","242.474365234375","[[327.9102478027344, 242.474365234375]]","8","endothelium","train","gt"
"training_set_primary_roi_026:22","training_set_primary_roi_026","training_set_primary_roi_026","/content/drive/MyDrive/Research/PUMA/PUMA_STAGE2_COLAB/INPUTS/RAW/01_training_dataset_tif_ROIs/training_set_primary_roi_026.tif","195.00656455142231","82.13153415998055","195.08511352539062","82.02127838134766","[[195.08511352539062, 82.02127838134766]]","8","endothelium","train","gt"
"training_set_metastatic_roi_069:556","training_set_metastatic_roi_069","training_set_metastatic_roi_069","/content/drive/MyDrive/Research/PUMA/PUMA_STAGE2_COLAB/INPUTS/RAW/01_training_dataset_tif_ROIs/training_set_metastatic_roi_069.tif","919.4046610169491","278.5404896421845","918.84033203125","279.8235168457031","[[918.84033203125, 279.8235168457031]]","8","endothelium","train","gt"
"training_set_metastatic_roi_064:338","training_set_metastatic_roi_064","training_set_metastatic_roi_064","/content/drive/MyDrive/Research/PUMA/PUMA_STAGE2_COLAB/INPUTS/RAW/01_training_dataset_tif_ROIs/training_set_metastatic_roi_064.tif","216.23004291845493","20.271530758226035","217.125","19.29166603088379","[[217.125, 19.29166603088379]]","8","endothelium","train","gt"
"training_set_primary_roi_031:242","training_set_primary_roi_031","training_set_primary_roi_031","/content/drive/MyDrive/Research/PUMA/PUMA_STAGE2_COLAB/INPUTS/RAW/01_training_dataset_tif_ROIs/training_set_primary_roi_031.tif","408.0987654320988","670.7852733686067","407.9375","670.59375","[[407.9375, 670.59375]]","8","endothelium","train","gt"
"training_set_primary_roi_089:144","training_set_primary_roi_089","training_set_primary_roi_089","/content/drive/MyDrive/Research/PUMA/PUMA_STAGE2_COLAB/INPUTS/RAW/01_training_dataset_tif_ROIs/training_set_primary_roi_089.tif","980.8502949852507","805.9026548672566","981.2083129882812","805.0","[[981.2083129882812, 805.0]]","8","endothelium","train","gt"
"training_set_primary_roi_049:36","training_set_primary_roi_049","training_set_primary_roi_049","/content/drive/MyDrive/Research/PUMA/PUMA_STAGE2_COLAB/INPUTS/RAW/01_training_dataset_tif_ROIs/training_set_primary_roi_049.tif","664.0201475085447","124.69724770642202","665.5999755859375","118.6500015258789","[[665.5999755859375, 118.6500015258789]]","8","endothelium","train","gt"
"training_set_primary_roi_103:24","training_set_primary_roi_103","training_set_primary_roi_103","/content/drive/MyDrive/Research/PUMA/PUMA_STAGE2_COLAB/INPUTS/RAW/01_training_dataset_tif_ROIs/training_set_primary_roi_103.tif","645.687125748503","407.31437125748505","642.9710083007812","405.6376953125","[[642.9710083007812, 405.6376953125]]","8","endothelium","train","gt"
"training_set_metastatic_roi_028:520","training_set_metastatic_roi_028","training_set_metastatic_roi_028","/content/drive/MyDrive/Research/PUMA/PUMA_STAGE2_COLAB/INPUTS/RAW/01_training_dataset_tif_ROIs/training_set_metastatic_roi_028.tif","501.61257861635227","184.2754716981132","501.71429443359375","184.4761962890625","[[501.71429443359375, 184.4761962890625]]","8","endothelium","train","gt"
"training_set_primary_roi_099:256","training_set_primary_roi_099","training_set_primary_roi_099","/content/drive/MyDrive/Research/PUMA/PUMA_STAGE2_COLAB/INPUTS/RAW/01_training_dataset_tif_ROIs/training_set_primary_roi_099.tif","887.377734877735","847.6229086229087","887.7999877929688","847.977783203125","[[887.7999877929688, 847.977783203125]]","8","endothelium","train","gt"
"training_set_primary_roi_053:468","training_set_primary_roi_053","training_set_primary_roi_053","/content/drive/MyDrive/Research/PUMA/PUMA_STAGE2_COLAB/INPUTS/RAW/01_training_dataset_tif_ROIs/training_set_primary_roi_053.tif","608.6154471544716","989.1764227642276","609.0999755859375","986.9000244140625","[[609.0999755859375, 986.9000244140625]]","8","endothelium","train","gt"
"training_set_primary_roi_094:642","training_set_primary_roi_094","training_set_primary_roi_094","/content/drive/MyDrive/Research/PUMA/PUMA_STAGE2_COLAB/INPUTS/RAW/01_training_dataset_tif_ROIs/training_set_primary_roi_094.tif","283.0","502.0","282.89654541015625","501.82757568359375","[[282.89654541015625, 501.82757568359375]]","9","apoptosis","train","gt"
"training_set_metastatic_roi_045:316","training_set_metastatic_roi_045","training_set_metastatic_roi_045","/content/drive/MyDrive/Research/PUMA/PUMA_STAGE2_COLAB/INPUTS/RAW/01_training_dataset_tif_ROIs/training_set_metastatic_roi_045.tif","876.0","706.5","876.125","706.3125","[[876.125, 706.3125]]","9","apoptosis","train","gt"
"training_set_primary_roi_026:124","training_set_primary_roi_026","training_set_primary_roi_026","/content/drive/MyDrive/Research/PUMA/PUMA_STAGE2_COLAB/INPUTS/RAW/01_training_dataset_tif_ROIs/training_set_primary_roi_026.tif","871.1338083927158","426.5700712589074","870.95654296875","427.34783935546875","[[870.95654296875, 427.34783935546875]]","9","apoptosis","train","gt"
"training_set_metastatic_roi_011:366","training_set_metastatic_roi_011","training_set_metastatic_roi_011","/content/drive/MyDrive/Research/PUMA/PUMA_STAGE2_COLAB/INPUTS/RAW/01_training_dataset_tif_ROIs/training_set_metastatic_roi_011.tif","447.25014323364275","161.7690500744815","445.441162109375","158.87745666503906","[[445.441162109375, 158.87745666503906]]","9","apoptosis","train","gt"
"training_set_metastatic_roi_064:357","training_set_metastatic_roi_064","training_set_metastatic_roi_064","/content/drive/MyDrive/Research/PUMA/PUMA_STAGE2_COLAB/INPUTS/RAW/01_training_dataset_tif_ROIs/training_set_metastatic_roi_064.tif","345.1233446840711","334.16269390843735","345.1025695800781","333.9230651855469","[[345.1025695800781, 333.9230651855469]]","9","apoptosis","train","gt"
"training_set_metastatic_roi_016:325","training_set_metastatic_roi_016","training_set_metastatic_roi_016","/content/drive/MyDrive/Research/PUMA/PUMA_STAGE2_COLAB/INPUTS/RAW/01_training_dataset_tif_ROIs/training_set_metastatic_roi_016.tif","345.0269972451791","965.862258953168","345.3939514160156","966.5454711914062","[[345.3939514160156, 966.5454711914062]]","9","apoptosis","train","gt"
"training_set_metastatic_roi_043:165","training_set_metastatic_roi_043","training_set_metastatic_roi_043","/content/drive/MyDrive/Research/PUMA/PUMA_STAGE2_COLAB/INPUTS/RAW/01_training_dataset_tif_ROIs/training_set_metastatic_roi_043.tif","658.6355140186915","814.602492211838","657.0192260742188","815.9615478515625","[[657.0192260742188, 815.9615478515625]]","9","apoptosis","train","gt"
"training_set_metastatic_roi_004:235","training_set_metastatic_roi_004","training_set_metastatic_roi_004","/content/drive/MyDrive/Research/PUMA/PUMA_STAGE2_COLAB/INPUTS/RAW/01_training_dataset_tif_ROIs/training_set_metastatic_roi_004.tif","713.8109803921568","448.4243137254902","715.2857055664062","446.5714416503906","[[715.2857055664062, 446.5714416503906]]","9","apoptosis","train","gt"
"training_set_metastatic_roi_052:298","training_set_metastatic_roi_052","training_set_metastatic_roi_052","/content/drive/MyDrive/Research/PUMA/PUMA_STAGE2_COLAB/INPUTS/RAW/01_training_dataset_tif_ROIs/training_set_metastatic_roi_052.tif","292.07537283353486","247.78919790407093","291.73809814453125","248.7142791748047","[[291.73809814453125, 248.7142791748047]]","9","apoptosis","train","gt"
"training_set_metastatic_roi_057:398","training_set_metastatic_roi_057","training_set_metastatic_roi_057","/content/drive/MyDrive/Research/PUMA/PUMA_STAGE2_COLAB/INPUTS/RAW/01_training_dataset_tif_ROIs/training_set_metastatic_roi_057.tif","153.83582089552237","108.0870646766169","153.43478393554688","108.47826385498047","[[153.43478393554688, 108.47826385498047]]","9","apoptosis","train","gt"
"training_set_primary_roi_048:127","training_set_primary_roi_048","training_set_primary_roi_048","/content/drive/MyDrive/Research/PUMA/PUMA_STAGE2_COLAB/INPUTS/RAW/01_training_dataset_tif_ROIs/training_set_primary_roi_048.tif","419.36309523809524","175.50595238095238","419.5714416503906","174.42857360839844","[[419.5714416503906, 174.42857360839844]]","9","apoptosis","train","gt"
"training_set_primary_roi_084:467","training_set_primary_roi_084","training_set_primary_roi_084","/content/drive/MyDrive/Research/PUMA/PUMA_STAGE2_COLAB/INPUTS/RAW/01_training_dataset_tif_ROIs/training_set_primary_roi_084.tif","944.5869565217391","213.58695652173913","944.8666381835938","213.1999969482422","[[944.8666381835938, 213.1999969482422]]","9","apoptosis","train","gt"
"training_set_primary_roi_033:385","training_set_primary_roi_033","training_set_primary_roi_033","/content/drive/MyDrive/Research/PUMA/PUMA_STAGE2_COLAB/INPUTS/RAW/01_training_dataset_tif_ROIs/training_set_primary_roi_033.tif","262.59001454935293","384.04889348342135","262.31884765625","381.6739196777344","[[262.31884765625, 381.6739196777344]]","9","apoptosis","train","gt"
"training_set_primary_roi_045:541","training_set_primary_roi_045","training_set_primary_roi_045","/content/drive/MyDrive/Research/PUMA/PUMA_STAGE2_COLAB/INPUTS/RAW/01_training_dataset_tif_ROIs/training_set_primary_roi_045.tif","47.36862745098039","728.0","47.2068977355957","727.8275756835938","[[47.2068977355957, 727.8275756835938]]","9","apoptosis","train","gt"
"training_set_primary_roi_017:309","training_set_primary_roi_017","training_set_primary_roi_017","/content/drive/MyDrive/Research/PUMA/PUMA_STAGE2_COLAB/INPUTS/RAW/01_training_dataset_tif_ROIs/training_set_primary_roi_017.tif","237.48162104984792","525.3835118339283","237.6134033203125","525.2835083007812","[[237.6134033203125, 525.2835083007812]]","9","apoptosis","train","gt"
"training_set_metastatic_roi_099:114","training_set_metastatic_roi_099","training_set_metastatic_roi_099","/content/drive/MyDrive/Research/PUMA/PUMA_STAGE2_COLAB/INPUTS/RAW/01_training_dataset_tif_ROIs/training_set_metastatic_roi_099.tif","242.62886152516742","449.9822855908403","244.18605041503906","448.20928955078125","[[244.18605041503906, 448.20928955078125]]","9","apoptosis","train","gt"
"training_set_primary_roi_028:218","training_set_primary_roi_028","training_set_primary_roi_028","/content/drive/MyDrive/Research/PUMA/PUMA_STAGE2_COLAB/INPUTS/RAW/01_training_dataset_tif_ROIs/training_set_primary_roi_028.tif","377.7238095238095","941.7442176870749","377.2727355957031","941.5454711914062","[[377.2727355957031, 941.5454711914062]]","9","apoptosis","train","gt"
"training_set_metastatic_roi_042:407","training_set_metastatic_roi_042","training_set_metastatic_roi_042","/content/drive/MyDrive/Research/PUMA/PUMA_STAGE2_COLAB/INPUTS/RAW/01_training_dataset_tif_ROIs/training_set_metastatic_roi_042.tif","138.85450861195542","889.9296859169199","136.58570861816406","890.7000122070312","[[136.58570861816406, 890.7000122070312]]","9","apoptosis","train","gt"
"training_set_metastatic_roi_070:441","training_set_metastatic_roi_070","training_set_metastatic_roi_070","/content/drive/MyDrive/Research/PUMA/PUMA_STAGE2_COLAB/INPUTS/RAW/01_training_dataset_tif_ROIs/training_set_metastatic_roi_070.tif","247.02132401182953","47.865775220776314","246.43783569335938","46.7092170715332","[[246.43783569335938, 46.7092170715332]]","9","apoptosis","train","gt"
"training_set_metastatic_roi_091:284","training_set_metastatic_roi_091","training_set_metastatic_roi_091","/content/drive/MyDrive/Research/PUMA/PUMA_STAGE2_COLAB/INPUTS/RAW/01_training_dataset_tif_ROIs/training_set_metastatic_roi_091.tif","686.6387225548903","941.4550898203593","686.9031982421875","942.3225708007812","[[686.9031982421875, 942.3225708007812]]","9","apoptosis","train","gt"
"training_set_metastatic_roi_092:237","training_set_metastatic_roi_092","training_set_metastatic_roi_092","/content/drive/MyDrive/Research/PUMA/PUMA_STAGE2_COLAB/INPUTS/RAW/01_training_dataset_tif_ROIs/training_set_metastatic_roi_092.tif","56.39725917219764","39.852745513765974","56.51985168457031","39.07462692260742","[[56.51985168457031, 39.07462692260742]]","9","apoptosis","train","gt"
"training_set_primary_roi_030:154","training_set_primary_roi_030","training_set_primary_roi_030","/content/drive/MyDrive/Research/PUMA/PUMA_STAGE2_COLAB/INPUTS/RAW/01_training_dataset_tif_ROIs/training_set_primary_roi_030.tif","813.7106741573034","781.0852059925093","814.8055419921875","779.2777709960938","[[814.8055419921875, 779.2777709960938]]","9","apoptosis","train","gt"
"training_set_primary_roi_001:175","training_set_primary_roi_001","training_set_primary_roi_001","/content/drive/MyDrive/Research/PUMA/PUMA_STAGE2_COLAB/INPUTS/RAW/01_training_dataset_tif_ROIs/training_set_primary_roi_001.tif","981.5512820512821","356.9230769230769","981.2352905273438","357.1176452636719","[[981.2352905273438, 357.1176452636719]]","9","apoptosis","train","gt"
"training_set_metastatic_roi_027:53","training_set_metastatic_roi_027","training_set_metastatic_roi_027","/content/drive/MyDrive/Research/PUMA/PUMA_STAGE2_COLAB/INPUTS/RAW/01_training_dataset_tif_ROIs/training_set_metastatic_roi_027.tif","441.031914893617","104.44680851063829","440.5333251953125","104.73332977294922","[[440.5333251953125, 104.73332977294922]]","9","apoptosis","train","gt"
"training_set_metastatic_roi_028:629","training_set_metastatic_roi_028","training_set_metastatic_roi_028","/content/drive/MyDrive/Research/PUMA/PUMA_STAGE2_COLAB/INPUTS/RAW/01_training_dataset_tif_ROIs/training_set_metastatic_roi_028.tif","244.9318600368324","496.89686924493554","244.9166717529297","496.7916564941406","[[244.9166717529297, 496.7916564941406]]","9","apoptosis","train","gt"
"training_set_primary_roi_056:74","training_set_primary_roi_056","training_set_primary_roi_056","/content/drive/MyDrive/Research/PUMA/PUMA_STAGE2_COLAB/INPUTS/RAW/01_training_dataset_tif_ROIs/training_set_primary_roi_056.tif","836.7217453505007","155.24034334763948","836.5454711914062","155.09091186523438","[[836.5454711914062, 155.09091186523438]]","9","apoptosis","train","gt"
"training_set_primary_roi_093:466","training_set_primary_roi_093","training_set_primary_roi_093","/content/drive/MyDrive/Research/PUMA/PUMA_STAGE2_COLAB/INPUTS/RAW/01_training_dataset_tif_ROIs/training_set_primary_roi_093.tif","938.4722222222223","855.3611111111111","938.75","854.125","[[938.75, 854.125]]","9","apoptosis","train","gt"
"training_set_metastatic_roi_005:293","training_set_metastatic_roi_005","training_set_metastatic_roi_005","/content/drive/MyDrive/Research/PUMA/PUMA_STAGE2_COLAB/INPUTS/RAW/01_training_dataset_tif_ROIs/training_set_metastatic_roi_005.tif","900.9167606634081","587.5936834189748","902.5721435546875","588.0515747070312","[[902.5721435546875, 588.0515747070312]]","9","apoptosis","train","gt"
"training_set_metastatic_roi_060:348","training_set_metastatic_roi_060","training_set_metastatic_roi_060","/content/drive/MyDrive/Research/PUMA/PUMA_STAGE2_COLAB/INPUTS/RAW/01_training_dataset_tif_ROIs/training_set_metastatic_roi_060.tif","593.5683615819208","769.3785310734463","593.6341552734375","768.756103515625","[[593.6341552734375, 768.756103515625]]","9","apoptosis","train","gt"
"training_set_metastatic_roi_075:367","training_set_metastatic_roi_075","training_set_metastatic_roi_075","/content/drive/MyDrive/Research/PUMA/PUMA_STAGE2_COLAB/INPUTS/RAW/01_training_dataset_tif_ROIs/training_set_metastatic_roi_075.tif","385.77655192703736","638.7007943512798","385.620361328125","639.0","[[385.620361328125, 639.0]]","9","apoptosis","train","gt"
"training_set_metastatic_roi_063:462","training_set_metastatic_roi_063","training_set_metastatic_roi_063","/content/drive/MyDrive/Research/PUMA/PUMA_STAGE2_COLAB/INPUTS/RAW/01_training_dataset_tif_ROIs/training_set_metastatic_roi_063.tif","803.9674074074073","791.2251851851852","804.0487670898438","790.9755859375","[[804.0487670898438, 790.9755859375]]","9","apoptosis","train","gt"
"training_set_metastatic_roi_012:293","training_set_metastatic_roi_012","training_set_metastatic_roi_012","/content/drive/MyDrive/Research/PUMA/PUMA_STAGE2_COLAB/INPUTS/RAW/01_training_dataset_tif_ROIs/training_set_metastatic_roi_012.tif","34.25072463768116","863.7072463768116","34.07692337036133","864.1538696289062","[[34.07692337036133, 864.1538696289062]]","9","apoptosis","train","gt"
"training_set_metastatic_roi_024:250","training_set_metastatic_roi_024","training_set_metastatic_roi_024","/content/drive/MyDrive/Research/PUMA/PUMA_STAGE2_COLAB/INPUTS/RAW/01_training_dataset_tif_ROIs/training_set_metastatic_roi_024.tif","464.8735159817352","924.8182648401827","465.3243103027344","924.5675659179688","[[465.3243103027344, 924.5675659179688]]","9","apoptosis","train","gt"
"training_set_metastatic_roi_014:353","training_set_metastatic_roi_014","training_set_metastatic_roi_014","/content/drive/MyDrive/Research/PUMA/PUMA_STAGE2_COLAB/INPUTS/RAW/01_training_dataset_tif_ROIs/training_set_metastatic_roi_014.tif","129.6743938182787","902.9459099387157","132.77999877929688","905.52001953125","[[132.77999877929688, 905.52001953125]]","9","apoptosis","train","gt"
"training_set_primary_roi_074:431","training_set_primary_roi_074","training_set_primary_roi_074","/content/drive/MyDrive/Research/PUMA/PUMA_STAGE2_COLAB/INPUTS/RAW/01_training_dataset_tif_ROIs/training_set_primary_roi_074.tif","946.0","75.0","946.0908813476562","74.81818389892578","[[946.0908813476562, 74.81818389892578]]","9","apoptosis","train","gt"
"training_set_primary_roi_049:369","training_set_primary_roi_049","training_set_primary_roi_049","/content/drive/MyDrive/Research/PUMA/PUMA_STAGE2_COLAB/INPUTS/RAW/01_training_dataset_tif_ROIs/training_set_primary_roi_049.tif","396.8045297882817","885.2988675529297","396.29998779296875","883.7999877929688","[[396.29998779296875, 883.7999877929688]]","9","apoptosis","train","gt"
"training_set_metastatic_roi_100:280","training_set_metastatic_roi_100","training_set_metastatic_roi_100","/content/drive/MyDrive/Research/PUMA/PUMA_STAGE2_COLAB/INPUTS/RAW/01_training_dataset_tif_ROIs/training_set_metastatic_roi_100.tif","433.96205813233","69.78995236580089","435.5143127441406","69.11930847167969","[[435.5143127441406, 69.11930847167969]]","9","apoptosis","train","gt"
"training_set_primary_roi_090:471","training_set_primary_roi_090","training_set_primary_roi_090","/content/drive/MyDrive/Research/PUMA/PUMA_STAGE2_COLAB/INPUTS/RAW/01_training_dataset_tif_ROIs/training_set_primary_roi_090.tif","780.2344632768362","319.05367231638417","780.0888671875","318.8666687011719","[[780.0888671875, 318.8666687011719]]","9","apoptosis","train","gt"
"training_set_metastatic_roi_006:240","training_set_metastatic_roi_006","training_set_metastatic_roi_006","/content/drive/MyDrive/Research/PUMA/PUMA_STAGE2_COLAB/INPUTS/RAW/01_training_dataset_tif_ROIs/training_set_metastatic_roi_006.tif","288.60173160173156","560.3679653679654","288.69232177734375","560.5384521484375","[[288.69232177734375, 560.5384521484375]]","9","apoptosis","train","gt"
"training_set_primary_roi_094:609","training_set_primary_roi_094","training_set_primary_roi_094","/content/drive/MyDrive/Research/PUMA/PUMA_STAGE2_COLAB/INPUTS/RAW/01_training_dataset_tif_ROIs/training_set_primary_roi_094.tif","573.3357058125741","302.1743772241993","573.5555419921875","302.4444580078125","[[573.5555419921875, 302.4444580078125]]","9","apoptosis","train","gt"
"training_set_metastatic_roi_045:281","training_set_metastatic_roi_045","training_set_metastatic_roi_045","/content/drive/MyDrive/Research/PUMA/PUMA_STAGE2_COLAB/INPUTS/RAW/01_training_dataset_tif_ROIs/training_set_metastatic_roi_045.tif","941.1312169312168","208.7862433862434","940.8333129882812","208.25","[[940.8333129882812, 208.25]]","9","apoptosis","train","gt"
"training_set_primary_roi_026:128","training_set_primary_roi_026","training_set_primary_roi_026","/content/drive/MyDrive/Research/PUMA/PUMA_STAGE2_COLAB/INPUTS/RAW/01_training_dataset_tif_ROIs/training_set_primary_roi_026.tif","908.9532710280374","434.6978193146417","907.8499755859375","435.29998779296875","[[907.8499755859375, 435.29998779296875]]","9","apoptosis","train","gt"
"training_set_metastatic_roi_064:319","training_set_metastatic_roi_064","training_set_metastatic_roi_064","/content/drive/MyDrive/Research/PUMA/PUMA_STAGE2_COLAB/INPUTS/RAW/01_training_dataset_tif_ROIs/training_set_metastatic_roi_064.tif","413.1393557422969","134.6453081232493","413.84375","135.15625","[[413.84375, 135.15625]]","9","apoptosis","train","gt"
"training_set_metastatic_roi_016:257","training_set_metastatic_roi_016","training_set_metastatic_roi_016","/content/drive/MyDrive/Research/PUMA/PUMA_STAGE2_COLAB/INPUTS/RAW/01_training_dataset_tif_ROIs/training_set_metastatic_roi_016.tif","779.3143631436315","766.5521680216802","779.125","767.40625","[[779.125, 767.40625]]","9","apoptosis","train","gt"
"training_set_metastatic_roi_043:222","training_set_metastatic_roi_043","training_set_metastatic_roi_043","/content/drive/MyDrive/Research/PUMA/PUMA_STAGE2_COLAB/INPUTS/RAW/01_training_dataset_tif_ROIs/training_set_metastatic_roi_043.tif","578.6662717219589","459.8692733017378","578.3778076171875","460.5111083984375","[[578.3778076171875, 460.5111083984375]]","9","apoptosis","train","gt"
"training_set_metastatic_roi_004:113","training_set_metastatic_roi_004","training_set_metastatic_roi_004","/content/drive/MyDrive/Research/PUMA/PUMA_STAGE2_COLAB/INPUTS/RAW/01_training_dataset_tif_ROIs/training_set_metastatic_roi_004.tif","619.6769456681351","227.34508076358298","619.26318359375","227.2105255126953","[[619.26318359375, 227.2105255126953]]","9","apoptosis","train","gt"
"training_set_metastatic_roi_052:428","training_set_metastatic_roi_052","training_set_metastatic_roi_052","/content/drive/MyDrive/Research/PUMA/PUMA_STAGE2_COLAB/INPUTS/RAW/01_training_dataset_tif_ROIs/training_set_metastatic_roi_052.tif","795.9672897196261","207.04205607476635","795.5714111328125","206.7857208251953","[[795.5714111328125, 206.7857208251953]]","9","apoptosis","train","gt"
"training_set_metastatic_roi_057:407","training_set_metastatic_roi_057","training_set_metastatic_roi_057","/content/drive/MyDrive/Research/PUMA/PUMA_STAGE2_COLAB/INPUTS/RAW/01_training_dataset_tif_ROIs/training_set_metastatic_roi_057.tif","238.56126984126985","12.460952380952381","239.3103485107422","13.310344696044922","[[239.3103485107422, 13.310344696044922]]","9","apoptosis","train","gt"
"training_set_primary_roi_048:377","training_set_primary_roi_048","training_set_primary_roi_048","/content/drive/MyDrive/Research/PUMA/PUMA_STAGE2_COLAB/INPUTS/RAW/01_training_dataset_tif_ROIs/training_set_primary_roi_048.tif","53.428341384863124","506.95652173913044","53.66666793823242","506.22222900390625","[[53.66666793823242, 506.22222900390625]]","9","apoptosis","train","gt"
"training_set_primary_roi_084:28","training_set_primary_roi_084","training_set_primary_roi_084","/content/drive/MyDrive/Research/PUMA/PUMA_STAGE2_COLAB/INPUTS/RAW/01_training_dataset_tif_ROIs/training_set_primary_roi_084.tif","567.5603038936372","64.46153846153847","566.0487670898438","63.95121765136719","[[566.0487670898438, 63.95121765136719]]","9","apoptosis","train","gt"
"training_set_primary_roi_045:535","training_set_primary_roi_045","training_set_primary_roi_045","/content/drive/MyDrive/Research/PUMA/PUMA_STAGE2_COLAB/INPUTS/RAW/01_training_dataset_tif_ROIs/training_set_primary_roi_045.tif","845.8942093541202","846.1468077208613","846.8135375976562","846.6948852539062","[[846.8135375976562, 846.6948852539062]]","9","apoptosis","train","gt"
"training_set_primary_roi_017:191","training_set_primary_roi_017","training_set_primary_roi_017","/content/drive/MyDrive/Research/PUMA/PUMA_STAGE2_COLAB/INPUTS/RAW/01_training_dataset_tif_ROIs/training_set_primary_roi_017.tif","237.81974544203646","694.483316133471","238.31707763671875","693.6585083007812","[[238.31707763671875, 693.6585083007812]]","9","apoptosis","train","gt"
"training_set_primary_roi_028:226","training_set_primary_roi_028","training_set_primary_roi_028","/content/drive/MyDrive/Research/PUMA/PUMA_STAGE2_COLAB/INPUTS/RAW/01_training_dataset_tif_ROIs/training_set_primary_roi_028.tif","455.07121661721067","963.9693372898121","456.3999938964844","963.5999755859375","[[456.3999938964844, 963.5999755859375]]","9","apoptosis","train","gt"
"training_set_metastatic_roi_070:196","training_set_metastatic_roi_070","training_set_metastatic_roi_070","/content/drive/MyDrive/Research/PUMA/PUMA_STAGE2_COLAB/INPUTS/RAW/01_training_dataset_tif_ROIs/training_set_metastatic_roi_070.tif","570.7056145675266","493.756196256955","569.9629516601562","492.7037048339844","[[569.9629516601562, 492.7037048339844]]","9","apoptosis","train","gt"
"training_set_metastatic_roi_091:188","training_set_metastatic_roi_091","training_set_metastatic_roi_091","/content/drive/MyDrive/Research/PUMA/PUMA_STAGE2_COLAB/INPUTS/RAW/01_training_dataset_tif_ROIs/training_set_metastatic_roi_091.tif","448.7849829351536","526.9021615472128","448.76470947265625","526.5294189453125","[[448.76470947265625, 526.5294189453125]]","9","apoptosis","train","gt"
"training_set_primary_roi_001:631","training_set_primary_roi_001","training_set_primary_roi_001","/content/drive/MyDrive/Research/PUMA/PUMA_STAGE2_COLAB/INPUTS/RAW/01_training_dataset_tif_ROIs/training_set_primary_roi_001.tif","962.5555555555555","208.06944444444446","962.0","207.9166717529297","[[962.0, 207.9166717529297]]","9","apoptosis","train","gt"
"training_set_metastatic_roi_027:128","training_set_metastatic_roi_027","training_set_metastatic_roi_027","/content/drive/MyDrive/Research/PUMA/PUMA_STAGE2_COLAB/INPUTS/RAW/01_training_dataset_tif_ROIs/training_set_metastatic_roi_027.tif","273.51824817518246","296.8138686131387","273.1538391113281","296.26922607421875","[[273.1538391113281, 296.26922607421875]]","9","apoptosis","train","gt"
"training_set_metastatic_roi_028:630","training_set_metastatic_roi_028","training_set_metastatic_roi_028","/content/drive/MyDrive/Research/PUMA/PUMA_STAGE2_COLAB/INPUTS/RAW/01_training_dataset_tif_ROIs/training_set_metastatic_roi_028.tif","232.02945113788488","484.81258366800535","231.5","485.0","[[231.5, 485.0]]","9","apoptosis","train","gt"
"training_set_primary_roi_056:257","training_set_primary_roi_056","training_set_primary_roi_056","/content/drive/MyDrive/Research/PUMA/PUMA_STAGE2_COLAB/INPUTS/RAW/01_training_dataset_tif_ROIs/training_set_primary_roi_056.tif","299.7736507936508","606.2555555555556","297.9090881347656","605.272705078125","[[297.9090881347656, 605.272705078125]]","9","apoptosis","train","gt"
"training_set_primary_roi_093:53","training_set_primary_roi_093","training_set_primary_roi_093","/content/drive/MyDrive/Research/PUMA/PUMA_STAGE2_COLAB/INPUTS/RAW/01_training_dataset_tif_ROIs/training_set_primary_roi_093.tif","818.7955974842768","85.63626834381552","818.5555419921875","83.88888549804688","[[818.5555419921875, 83.88888549804688]]","9","apoptosis","train","gt"
"training_set_metastatic_roi_060:248","training_set_metastatic_roi_060","training_set_metastatic_roi_060","/content/drive/MyDrive/Research/PUMA/PUMA_STAGE2_COLAB/INPUTS/RAW/01_training_dataset_tif_ROIs/training_set_metastatic_roi_060.tif","826.6073394495413","804.2183486238532","826.2307739257812","804.0384521484375","[[826.2307739257812, 804.0384521484375]]","9","apoptosis","train","gt"
"training_set_metastatic_roi_063:467","training_set_metastatic_roi_063","training_set_metastatic_roi_063","/content/drive/MyDrive/Research/PUMA/PUMA_STAGE2_COLAB/INPUTS/RAW/01_training_dataset_tif_ROIs/training_set_metastatic_roi_063.tif","662.4089285714285","649.1494047619047","662.4833374023438","648.7833251953125","[[662.4833374023438, 648.7833251953125]]","9","apoptosis","train","gt"
"training_set_metastatic_roi_024:223","training_set_metastatic_roi_024","training_set_metastatic_roi_024","/content/drive/MyDrive/Research/PUMA/PUMA_STAGE2_COLAB/INPUTS/RAW/01_training_dataset_tif_ROIs/training_set_metastatic_roi_024.tif","653.5932452276064","968.6093979441997","653.7036743164062","968.0740966796875","[[653.7036743164062, 968.0740966796875]]","9","apoptosis","train","gt"
"training_set_metastatic_roi_014:351","training_set_metastatic_roi_014","training_set_metastatic_roi_014","/content/drive/MyDrive/Research/PUMA/PUMA_STAGE2_COLAB/INPUTS/RAW/01_training_dataset_tif_ROIs/training_set_metastatic_roi_014.tif","216.06315144083385","898.8219905988146","217.90740966796875","898.0740966796875","[[217.90740966796875, 898.0740966796875]]","9","apoptosis","train","gt"
"training_set_primary_roi_074:421","training_set_primary_roi_074","training_set_primary_roi_074","/content/drive/MyDrive/Research/PUMA/PUMA_STAGE2_COLAB/INPUTS/RAW/01_training_dataset_tif_ROIs/training_set_primary_roi_074.tif","353.32758620689657","577.6551724137931","353.3235168457031","577.3235473632812","[[353.3235168457031, 577.3235473632812]]","9","apoptosis","train","gt"
"training_set_metastatic_roi_100:236","training_set_metastatic_roi_100","training_set_metastatic_roi_100","/content/drive/MyDrive/Research/PUMA/PUMA_STAGE2_COLAB/INPUTS/RAW/01_training_dataset_tif_ROIs/training_set_metastatic_roi_100.tif","723.820697954272","981.9699157641396","724.1363525390625","980.6363525390625","[[724.1363525390625, 980.6363525390625]]","9","apoptosis","train","gt"
"training_set_primary_roi_090:376","training_set_primary_roi_090","training_set_primary_roi_090","/content/drive/MyDrive/Research/PUMA/PUMA_STAGE2_COLAB/INPUTS/RAW/01_training_dataset_tif_ROIs/training_set_primary_roi_090.tif","836.0599787685775","765.8935774946922","834.755126953125","766.0203857421875","[[834.755126953125, 766.0203857421875]]","9","apoptosis","train","gt"
"training_set_metastatic_roi_006:185","training_set_metastatic_roi_006","training_set_metastatic_roi_006","/content/drive/MyDrive/Research/PUMA/PUMA_STAGE2_COLAB/INPUTS/RAW/01_training_dataset_tif_ROIs/training_set_metastatic_roi_006.tif","899.3100233100233","138.53263403263404","898.4736938476562","140.4736785888672","[[898.4736938476562, 140.4736785888672]]","9","apoptosis","train","gt"
"training_set_primary_roi_094:257","training_set_primary_roi_094","training_set_primary_roi_094","/content/drive/MyDrive/Research/PUMA/PUMA_STAGE2_COLAB/INPUTS/RAW/01_training_dataset_tif_ROIs/training_set_primary_roi_094.tif","210.74216524216524","433.44017094017096","210.55555725097656","432.6666564941406","[[210.55555725097656, 432.6666564941406]]","9","apoptosis","train","gt"
"training_set_metastatic_roi_045:314","training_set_metastatic_roi_045","training_set_metastatic_roi_045","/content/drive/MyDrive/Research/PUMA/PUMA_STAGE2_COLAB/INPUTS/RAW/01_training_dataset_tif_ROIs/training_set_metastatic_roi_045.tif","849.3727272727273","638.3090909090909","848.9199829101562","638.3200073242188","[[848.9199829101562, 638.3200073242188]]","9","apoptosis","train","gt"
"training_set_primary_roi_026:126","training_set_primary_roi_026","training_set_primary_roi_026","/content/drive/MyDrive/Research/PUMA/PUMA_STAGE2_COLAB/INPUTS/RAW/01_training_dataset_tif_ROIs/training_set_primary_roi_026.tif","892.8946608946609","433.45165945165945","893.933349609375","432.4333190917969","[[893.933349609375, 432.4333190917969]]","9","apoptosis","train","gt"
"training_set_metastatic_roi_064:377","training_set_metastatic_roi_064","training_set_metastatic_roi_064","/content/drive/MyDrive/Research/PUMA/PUMA_STAGE2_COLAB/INPUTS/RAW/01_training_dataset_tif_ROIs/training_set_metastatic_roi_064.tif","388.5361050328228","172.84682713347922","390.1142883300781","171.1714324951172","[[390.1142883300781, 171.1714324951172]]","9","apoptosis","train","gt"
